period_granularity,period_start,period_label,period_sort,variable,role,contribution,n_rows,period_model_contribution,share_of_period_model_contribution,contribution_change,actual_change,actual_pct_change,due_to_pct_of_actual_change
week,2024-01-07,2024-01-07,1,baseline,baseline_control,2491.09147424083,4,3572.13048720357,0.697368554470408,,,,
week,2024-01-14,2024-01-14,2,baseline,baseline_control,2514.2665631615,4,3632.73346116553,0.692114241256451,23.1750889206751,-0.372818702318455,-0.000103120127355583,-62.1618196097882
week,2024-01-21,2024-01-21,3,baseline,baseline_control,2536.81349505227,4,3640.77833254255,0.696777794016556,22.5469318907672,-5.88772327763627,-0.00162868811447847,-3.82948226802857
week,2024-01-28,2024-01-28,4,baseline,baseline_control,2558.42965814737,4,3695.16202202334,0.692372795265541,21.6161630950937,72.0034453730655,0.0199504052522426,0.300210121655925
week,2024-02-04,2024-02-04,5,baseline,baseline_control,2578.82601338597,4,3715.09671096906,0.694147747425207,20.3963552386012,62.2528562939992,0.0169113653357214,0.327637259602614
week,2024-02-11,2024-02-11,6,baseline,baseline_control,2597.73130925257,4,3657.71629491862,0.710205795037029,18.905295866608,-130.541433011235,-0.034872626934688,-0.144822187335579
week,2024-02-18,2024-02-18,7,baseline,baseline_control,2614.8960372349,4,3702.591303467,0.706234046081832,17.1647279823264,87.4419350318494,0.0242031233581117,0.196298583466553
week,2024-02-25,2024-02-25,8,baseline,baseline_control,2630.09607021983,4,3717.61235268866,0.707469155119869,15.2000329849316,-82.9769806507056,-0.0224245215901241,-0.183183731990883
week,2024-03-03,2024-03-03,9,baseline,baseline_control,2643.13593077142,4,3776.09147414835,0.699966075733785,13.0398605515911,179.424806918469,0.0496018354314638,0.0726759068355383
week,2024-03-10,2024-03-10,10,baseline,baseline_control,2653.85164163209,4,3852.95049182828,0.68878425696376,10.7157108606689,94.1148748597602,0.0247884257779782,0.113857781531732
week,2024-03-17,2024-03-17,11,baseline,baseline_control,2662.11311688028,4,3871.61238160632,0.687598048174382,8.2614752481868,21.7359015761926,0.00558642696347111,0.38008431438775
week,2024-03-24,2024-03-24,12,baseline,baseline_control,2667.82605887611,4,3893.96960339956,0.685117330280908,5.7129419958319,2.55579522434755,0.000653225481808351,2.23528940871635
week,2024-03-31,2024-03-31,13,baseline,baseline_control,2670.93333333333,4,3791.66582350179,0.70442213466655,3.10727445722205,-180.726440298407,-0.0461609946865613,-0.0171932477178849
week,2024-04-07,2024-04-07,14,baseline,baseline_control,2671.41580246585,4,3894.49910894763,0.68594592725115,0.482469132521146,186.222428156924,0.0498666703677455,0.00259082183223701
week,2024-04-14,2024-04-14,15,baseline,baseline_control,2669.29260405977,4,3911.85036558559,0.682360610605867,-2.12319840608779,12.1712910310944,0.00310442294310165,-0.174443154852151
week,2024-04-21,2024-04-21,16,baseline,baseline_control,2664.62087240132,4,3878.23944219281,0.687069716070627,-4.67173165844361,-116.37412362134,-0.0295906507021591,0.040144075960087
week,2024-04-28,2024-04-28,17,baseline,baseline_control,2657.4949051304,4,3866.80140718919,0.687259216413224,-7.12596727092523,69.6646715422844,0.0182539019656718,-0.102289540927498
week,2024-05-05,2024-05-05,18,baseline,baseline_control,2648.04478816855,4,3844.0117843554,0.688875304426935,-9.45011696184747,-33.2381515195902,-0.00855310690399325,0.28431535840005
week,2024-05-12,2024-05-12,19,baseline,baseline_control,2636.43449877336,4,3773.70292831273,0.698633291718102,-11.6102893951884,-103.287669848533,-0.0268081015987798,0.112407312627097
week,2024-05-19,2024-05-19,20,baseline,baseline_control,2622.85951438078,4,3759.9268111709,0.697582598307008,-13.5749843925823,-81.8777987023204,-0.0218366118255288,0.165795668761642
week,2024-05-26,2024-05-26,21,baseline,baseline_control,2607.54396210392,4,3707.80997620326,0.703257173058798,-15.3155522768639,53.1662944924387,0.0144958633043848,-0.288068830507682
week,2024-06-02,2024-06-02,22,baseline,baseline_control,2590.73735045506,4,3676.38990052833,0.704696025327113,-16.8066116488581,-59.584072350146,-0.0160135490446532,0.282065508213234
week,2024-06-09,2024-06-09,23,baseline,baseline_control,2572.71093094971,4,3744.34717163688,0.687091985069595,-18.0264195053496,97.99541692602,0.0267654197407468,-0.183951658871541
week,2024-06-16,2024-06-16,24,baseline,baseline_control,2553.75374264868,4,3737.66445455278,0.683248529583227,-18.9571883010249,38.7939275664548,0.0103195512054755,-0.488663806173036
week,2024-06-23,2024-06-23,25,baseline,baseline_control,2534.16839731775,4,3720.00701859143,0.681226778512185,-19.5853453309301,-78.4153306008257,-0.0206461596010911,0.249764238457777
week,2024-06-30,2024-06-30,26,baseline,baseline_control,2514.26666666667,4,3581.47312170506,0.702020252903553,-19.9017306510868,-185.504250405027,-0.0498715121578538,0.10728449945289
week,2024-07-07,2024-07-07,27,baseline,baseline_control,2494.36493601558,4,3583.0358340998,0.696159639899963,-19.9017306510859,57.8000600657056,0.0163547768070027,-0.344320241682486
week,2024-07-14,2024-07-14,28,baseline,baseline_control,2474.77959068465,4,3537.60479474107,0.699563612748267,-19.585345330931,-109.989871238833,-0.0306213048362619,0.17806499007898
week,2024-07-21,2024-07-21,29,baseline,baseline_control,2455.82240238363,4,3523.67582185802,0.696949017599661,-18.957188301024,0.337752584617647,9.70009996088539e-05,-56.1274411045129
week,2024-07-28,2024-07-28,30,baseline,baseline_control,2437.79598287828,4,3512.28096648601,0.694077725028148,-18.0264195053496,73.5822471551705,0.0211304356208319,-0.24498326977342
week,2024-08-04,2024-08-04,31,baseline,baseline_control,2420.98937122942,4,3393.12915598699,0.713497559312683,-16.8066116488581,-174.754791329421,-0.0491454453152032,0.0961725370789796
week,2024-08-11,2024-08-11,32,baseline,baseline_control,2405.67381895255,4,3366.32112306415,0.714629927154074,-15.3155522768634,8.42042241750596,0.00249042788509879,-1.81885795242559
week,2024-08-18,2024-08-18,33,baseline,baseline_control,2392.09883455997,4,3364.47979859475,0.710986237919777,-13.5749843925837,-19.6171638040451,-0.00578756758549504,0.69199526130197
week,2024-08-25,2024-08-25,34,baseline,baseline_control,2380.48854516478,4,3356.91431882896,0.709129968498929,-11.6102893951875,41.7710778569303,0.0123952802241325,-0.277950438218371
week,2024-09-01,2024-09-01,35,baseline,baseline_control,2371.03842820294,4,3336.45420225609,0.710646178388917,-9.45011696184793,-69.554649894656,-0.0203871596877281,0.135866070437571
week,2024-09-08,2024-09-08,36,baseline,baseline_control,2363.91246093201,4,3437.05608843188,0.687772442494682,-7.12596727092523,3.13811050986851,0.000938954007978721,-2.27078276833017
week,2024-09-15,2024-09-15,37,baseline,baseline_control,2359.24072927357,4,3398.12306360984,0.694277601225936,-4.67173165844315,45.473284267161,0.0135932973585473,-0.102735743277221
week,2024-09-22,2024-09-22,38,baseline,baseline_control,2357.11753086748,4,3399.36491711648,0.69339938145473,-2.12319840608825,-9.12107506088523,-0.00268999080327814,0.232779402857166
week,2024-09-29,2024-09-29,39,baseline,baseline_control,2357.6,4,3304.6517016984,0.713418602870713,0.482469132521601,-134.057860311638,-0.0396430327394719,-0.00359896190644867
week,2024-10-06,2024-10-06,40,baseline,baseline_control,2360.70727445722,4,3381.40280626985,0.698144353012296,3.10727445722205,158.449098420669,0.0487900955553109,0.0196105530936661
week,2024-10-13,2024-10-13,41,baseline,baseline_control,2366.42021645305,4,3397.16829483069,0.696586100857564,5.7129419958319,-44.2272983755875,-0.012985053108858,-0.12917230320777
week,2024-10-20,2024-10-20,42,baseline,baseline_control,2374.68169170124,4,3406.28361737704,0.697147377742383,8.2614752481868,54.5252738557938,0.0162191258991771,0.151516437497158
week,2024-10-27,2024-10-27,43,baseline,baseline_control,2385.39740256191,4,3449.50097165192,0.691519562442557,10.7157108606684,-24.4002405305532,-0.00714227113093491,-0.439164148699704
week,2024-11-03,2024-11-03,44,baseline,baseline_control,2398.4372631135,4,3473.37047582309,0.690521578336713,13.0398605515916,46.3636545338172,0.0136688779388929,0.281251784025792
week,2024-11-10,2024-11-10,45,baseline,baseline_control,2413.63729609843,4,3428.09541484092,0.704075296635359,15.2000329849316,-12.1163556435613,-0.00352396108440511,-1.2545053506257
week,2024-11-17,2024-11-17,46,baseline,baseline_control,2430.80202408076,4,3471.93185161533,0.700129532481987,17.1647279823264,56.8869872647993,0.0166037109912029,0.301733820116498
week,2024-11-24,2024-11-24,47,baseline,baseline_control,2449.70731994737,4,3433.77615466368,0.713414972207849,18.905295866607,19.361901996188,0.00555889611517912,0.976417289496104
week,2024-12-01,2024-12-01,48,baseline,baseline_control,2470.10367518597,4,3502.86093268954,0.705167496698017,20.3963552386022,-15.8206383721213,-0.00451707219166431,-1.28922454068251
week,2024-12-08,2024-12-08,49,baseline,baseline_control,2491.71983828106,4,3587.19473402437,0.694615158370752,21.6161630950928,91.6798409050839,0.0262949931790253,0.235778802424756
week,2024-12-15,2024-12-15,50,baseline,baseline_control,2514.26677017183,4,3668.14529128416,0.685432710679687,22.5469318907681,66.0927035528293,0.0184705793840811,0.34114101373907
week,2024-12-22,2024-12-22,51,baseline,baseline_control,2537.4418590925,4,3686.01821521575,0.688396451384325,23.1750889206742,-11.3418113399766,-0.00311215294673028,-2.04333225319915
week,2024-12-29,2024-12-29,52,baseline,baseline_control,2560.93333333333,4,3602.59194047272,0.71085856395862,23.49147424083,-29.8220156631064,-0.00820860212435981,-0.787722550554889
week,2025-01-05,2025-01-05,53,baseline,baseline_control,2584.42480757416,4,3712.65846946138,0.696111648521526,23.49147424083,109.081236872446,0.0302734508193063,0.215357607911063
week,2025-01-12,2025-01-12,54,baseline,baseline_control,2607.59989649484,4,3737.22638101067,0.697736671705088,23.1750889206742,35.3064356616355,0.00951071662144809,0.656398429532113
week,2025-01-19,2025-01-19,55,baseline,baseline_control,2630.14682838561,4,3788.75344286895,0.694198466077536,22.5469318907681,65.7113792463806,0.0175343235138634,0.343120661129784
week,2025-01-26,2025-01-26,56,baseline,baseline_control,2651.7629914807,4,3827.43893344137,0.692829601619906,21.6161630950928,15.0969519960086,0.00395902859544206,1.43182299982194
week,2025-02-02,2025-02-02,57,baseline,baseline_control,2672.1593467193,4,3815.36992260232,0.700367041971313,20.3963552386017,-38.1423818977391,-0.00996302419464024,-0.534742567815637
week,2025-02-09,2025-02-09,58,baseline,baseline_control,2691.06464258591,4,3806.18465551776,0.707024195130606,18.905295866607,51.3963108118669,0.0135601316735141,0.367833713509297
week,2025-02-16,2025-02-16,59,baseline,baseline_control,2708.22937056823,4,3812.43596989503,0.710367175200795,17.1647279823269,35.1288059896551,0.00914420237829061,0.488622584763673
week,2025-02-23,2025-02-23,60,baseline,baseline_control,2723.42940355317,4,3831.57037942035,0.710786735950594,15.2000329849316,-62.642579786851,-0.016158418272468,-0.242646982877326
week,2025-03-02,2025-03-02,61,baseline,baseline_control,2736.46926410476,4,3835.31649244802,0.713492424808498,13.0398605515916,46.7355475366589,0.0122532521986722,0.279013753746294
week,2025-03-09,2025-03-09,62,baseline,baseline_control,2747.18497496543,4,4009.48978698835,0.685170712712782,10.7157108606684,146.0749104291,0.0378347165929109,0.0733576411526842
week,2025-03-16,2025-03-16,63,baseline,baseline_control,2755.44645021361,4,3989.83758093212,0.69061619535146,8.2614752481868,2.52851046594196,0.000631032050516067,3.26732887186571
week,2025-03-23,2025-03-23,64,baseline,baseline_control,2761.15939220944,4,4029.01830976851,0.685318154428564,5.7129419958319,-2.99025141900165,-0.000745796601736348,-1.91052229238278
week,2025-03-30,2025-03-30,65,baseline,baseline_control,2764.26666666667,4,3927.99444035953,0.703734872499884,3.10727445722205,-44.6276177676623,-0.0111388515465245,-0.069626715757022
week,2025-04-06,2025-04-06,66,baseline,baseline_control,2764.74913579919,4,4000.9449439398,0.691024039205272,0.482469132521601,56.730806685795,0.0143192527895057,0.00850453502615904
week,2025-04-13,2025-04-13,67,baseline,baseline_control,2762.6259373931,4,3978.60953087269,0.694369707797671,-2.12319840608825,-78.3955782318485,-0.0195082492539265,0.0270831398144557
week,2025-04-20,2025-04-20,68,baseline,baseline_control,2757.95420573466,4,3959.64984758608,0.696514669703936,-4.6717316584427,-10.3367355335427,-0.00262341011642753,0.45195425995789
week,2025-04-27,2025-04-27,69,baseline,baseline_control,2750.82823846373,4,3946.47958643571,0.6970334390981,-7.12596727092569,8.26281418038207,0.00210257550117143,-0.862414077741754
week,2025-05-04,2025-05-04,70,baseline,baseline_control,2741.37812150188,4,3952.58095803433,0.693566596258969,-9.45011696184702,89.5358899734642,0.0227357136134407,-0.105545574681256
week,2025-05-11,2025-05-11,71,baseline,baseline_control,2729.7678321067,4,3883.91518251607,0.702839198032719,-11.6102893951884,-218.81883034314,-0.0543291244228016,0.0530589135175512
week,2025-05-18,2025-05-18,72,baseline,baseline_control,2716.19284771411,4,3810.06734409545,0.712898907659326,-13.5749843925832,12.0083405835194,0.00315276061541847,-1.13046297264536
week,2025-05-25,2025-05-25,73,baseline,baseline_control,2700.87729543725,4,3813.93513537387,0.708160259566787,-15.3155522768634,-19.3796268083534,-0.00507208282350924,0.790291393550562
week,2025-06-01,2025-06-01,74,baseline,baseline_control,2684.07068378839,4,3756.032402944,0.714602643386303,-16.8066116488585,-40.5803390943815,-0.0106749286672717,0.41415651086034
week,2025-06-08,2025-06-08,75,baseline,baseline_control,2666.04426428304,4,3906.73033475753,0.682423416984706,-18.0264195053496,97.969280429008,0.0260495492635986,-0.184000733968973
week,2025-06-15,2025-06-15,76,baseline,baseline_control,2647.08707598202,4,3857.75186454436,0.686173494026595,-18.957188301024,-15.0021532126889,-0.00388772517979119,1.26363116229142
week,2025-06-22,2025-06-22,77,baseline,baseline_control,2627.50173065109,4,3779.9639271664,0.695112911466528,-19.585345330931,-147.105032024246,-0.0382702410778708,0.133138513764117
week,2025-06-29,2025-06-29,78,baseline,baseline_control,2607.6,4,3672.65767965869,0.710003552588744,-19.9017306510859,11.0400636508248,0.00298642898301504,-1.80268260043946
week,2024-01-07,2024-01-07,1,display,media,81.1027509767464,4,3572.13048720357,0.0227043080501344,,,,
week,2024-01-14,2024-01-14,2,display,media,74.8146326520275,4,3632.73346116553,0.0205945835145372,-6.28811832471895,-0.372818702318455,-0.000103120127355583,16.8664240436837
week,2024-01-21,2024-01-21,3,display,media,95.4692228607369,4,3640.77833254255,0.0262222014472564,20.6545902087095,-5.88772327763627,-0.00162868811447847,-3.50807761077413
week,2024-01-28,2024-01-28,4,display,media,99.5169111814218,4,3695.16202202334,0.0269316773089506,4.04768832068487,72.0034453730655,0.0199504052522426,0.0562152033102433
week,2024-02-04,2024-02-04,5,display,media,102.769726447985,4,3715.09671096906,0.0276627324786864,3.25281526656293,62.2528562939992,0.0169113653357214,0.0522516629791408
week,2024-02-11,2024-02-11,6,display,media,93.1090914949118,4,3657.71629491862,0.0254555257946771,-9.66063495307296,-130.541433011235,-0.034872626934688,0.0740043580817864
week,2024-02-18,2024-02-18,7,display,media,73.0018071870199,4,3702.591303467,0.0197164097259838,-20.1072843078919,87.4419350318494,0.0242031233581117,-0.229950129769751
week,2024-02-25,2024-02-25,8,display,media,82.1534656513088,4,3717.61235268866,0.0220984486432249,9.1516584642889,-82.9769806507056,-0.0224245215901241,-0.110291533778665
week,2024-03-03,2024-03-03,9,display,media,80.1086555437201,4,3776.09147414835,0.0212147020516201,-2.04481010758869,179.424806918469,0.0496018354314638,-0.0113964737803388
week,2024-03-10,2024-03-10,10,display,media,73.9934245725966,4,3852.95049182828,0.0192043538398765,-6.11523097112354,94.1148748597602,0.0247884257779782,-0.06497624291841
week,2024-03-17,2024-03-17,11,display,media,77.525110902345,4,3871.61238160632,0.0200239856837579,3.53168632974838,21.7359015761926,0.00558642696347111,0.162481704168952
week,2024-03-24,2024-03-24,12,display,media,73.3362777690381,4,3893.96960339956,0.0188332948734405,-4.18883313330686,2.55579522434755,0.000653225481808351,-1.63895491055086
week,2024-03-31,2024-03-31,13,display,media,99.8384335169304,4,3791.66582350179,0.0263310212883488,26.5021557478923,-180.726440298407,-0.0461609946865613,-0.146642382288575
week,2024-04-07,2024-04-07,14,display,media,98.6084240059063,4,3894.49910894763,0.025319924654586,-1.23000951102402,186.222428156924,0.0498666703677455,-0.00660505570246099
week,2024-04-14,2024-04-14,15,display,media,102.184676907367,4,3911.85036558559,0.026121826592943,3.57625290146113,12.1712910310944,0.00310442294310165,0.293826915511655
week,2024-04-21,2024-04-21,16,display,media,98.2348553045752,4,3878.23944219281,0.0253297551037828,-3.9498216027923,-116.37412362134,-0.0295906507021591,0.0339407204959438
week,2024-04-28,2024-04-28,17,display,media,79.1419497531549,4,3866.80140718919,0.0204670324175463,-19.0929055514203,69.6646715422844,0.0182539019656718,-0.274068694055802
week,2024-05-05,2024-05-05,18,display,media,72.0497297662475,4,3844.0117843554,0.0187433685972244,-7.09221998690744,-33.2381515195902,-0.00855310690399325,0.21337588471872
week,2024-05-12,2024-05-12,19,display,media,79.8476714407662,4,3773.70292831273,0.0211589711637601,7.79794167451871,-103.287669848533,-0.0268081015987798,-0.0754973143062872
week,2024-05-19,2024-05-19,20,display,media,79.7862366551542,4,3759.9268111709,0.0212201568440391,-0.0614347856120361,-81.8777987023204,-0.0218366118255288,0.000750322878554562
week,2024-05-26,2024-05-26,21,display,media,76.3857023594179,4,3707.80997620326,0.0206012991090864,-3.40053429573626,53.1662944924387,0.0144958633043848,-0.0639603404412524
week,2024-06-02,2024-06-02,22,display,media,72.4346863125804,4,3676.38990052833,0.0197026670925657,-3.95101604683748,-59.584072350146,-0.0160135490446532,0.0663099363806374
week,2024-06-09,2024-06-09,23,display,media,98.4309072586265,4,3744.34717163688,0.0262878688184238,25.9962209460461,97.99541692602,0.0267654197407468,0.265279966773053
week,2024-06-16,2024-06-16,24,display,media,100.616073299841,4,3737.66445455278,0.0269195040173502,2.18516604121402,38.7939275664548,0.0103195512054755,0.056327527999602
week,2024-06-23,2024-06-23,25,display,media,95.5895473269472,4,3720.00701859143,0.0256960663916011,-5.02652597289328,-78.4153306008257,-0.0206461596010911,0.0641013171069938
week,2024-06-30,2024-06-30,26,display,media,100.125623299439,4,3581.47312170506,0.0279565474588209,4.53607597249179,-185.504250405027,-0.0498715121578538,-0.024452679453909
week,2024-07-07,2024-07-07,27,display,media,80.8891717345089,4,3583.0358340998,0.0225755966392202,-19.2364515649302,57.8000600657056,0.0163547768070027,-0.332810234852052
week,2024-07-14,2024-07-14,28,display,media,82.8102675416498,4,3537.60479474107,0.0234085694548905,1.92109580714093,-109.989871238833,-0.0306213048362619,-0.0174661156114044
week,2024-07-21,2024-07-21,29,display,media,71.7248005499775,4,3523.67582185802,0.0203551076137751,-11.0854669916723,0.337752584617647,9.70009996088539e-05,-32.8212647261356
week,2024-07-28,2024-07-28,30,display,media,82.7898262947499,4,3512.28096648601,0.0235715271883787,11.0650257447724,73.5822471551705,0.0211304356208319,0.15037629554094
week,2024-08-04,2024-08-04,31,display,media,69.0617806612404,4,3393.12915598699,0.0203534193620024,-13.7280456335095,-174.754791329421,-0.0491454453152032,0.0785560471851758
week,2024-08-11,2024-08-11,32,display,media,81.0210967402153,4,3366.32112306415,0.0240681425741306,11.959316078975,8.42042241750596,0.00249042788509879,1.42027507481236
week,2024-08-18,2024-08-18,33,display,media,99.3601783510622,4,3364.47979859475,0.0295321072792775,18.3390816108468,-19.6171638040451,-0.00578756758549504,-0.934848778041264
week,2024-08-25,2024-08-25,34,display,media,95.7258372164194,4,3356.91431882896,0.0285160204058508,-3.63434113464275,41.7710778569303,0.0123952802241325,-0.0870061612269307
week,2024-09-01,2024-09-01,35,display,media,102.242110884076,4,3336.45420225609,0.0306439425468332,6.51627366765648,-69.554649894656,-0.0203871596877281,-0.0936856655525648
week,2024-09-08,2024-09-08,36,display,media,103.369119722603,4,3437.05608843188,0.0300749004563856,1.12700883852698,3.13811050986851,0.000938954007978721,0.359136121874242
week,2024-09-15,2024-09-15,37,display,media,80.8397481799974,4,3398.12306360984,0.0237895292980123,-22.5293715426054,45.473284267161,0.0135932973585473,-0.495441926082195
week,2024-09-22,2024-09-22,38,display,media,76.3176953712166,4,3399.36491711648,0.0224505745137692,-4.52205280878088,-9.12107506088523,-0.00268999080327814,0.495780681399414
week,2024-09-29,2024-09-29,39,display,media,74.8525999743552,4,3304.6517016984,0.022650677508884,-1.4650953968614,-134.057860311638,-0.0396430327394719,0.0109288287419743
week,2024-10-06,2024-10-06,40,display,media,66.3398973130087,4,3381.40280626985,0.0196190460332026,-8.51270266134648,158.449098420669,0.0487900955553109,-0.0537251568244711
week,2024-10-13,2024-10-13,41,display,media,76.0750477840408,4,3397.16829483069,0.0223936647177005,9.73515047103217,-44.2272983755875,-0.012985053108858,-0.220116326987899
week,2024-10-20,2024-10-20,42,display,media,72.2226050660757,4,3406.28361737704,0.0212027573680696,-3.85244271796519,54.5252738557938,0.0162191258991771,-0.070654257109354
week,2024-10-27,2024-10-27,43,display,media,101.515841657154,4,3449.50097165192,0.0294291384439122,29.2932365910783,-24.4002405305532,-0.00714227113093491,-1.20053064863841
week,2024-11-03,2024-11-03,44,display,media,93.8669927854034,4,3473.37047582309,0.0270247569151573,-7.64884887175056,46.3636545338172,0.0136688779388929,-0.164975107088928
week,2024-11-10,2024-11-10,45,display,media,105.512306731929,4,3428.09541484092,0.0307786960290385,11.6453139465256,-12.1163556435613,-0.00352396108440511,-0.961123483752641
week,2024-11-17,2024-11-17,46,display,media,102.477426159079,4,3471.93185161533,0.0295159670577637,-3.0348805728503,56.8869872647993,0.0166037109912029,-0.0533492933757143
week,2024-11-24,2024-11-24,47,display,media,84.4988156596884,4,3433.77615466368,0.0246081316468238,-17.9786104993903,19.361901996188,0.00555889611517912,-0.928556011848939
week,2024-12-01,2024-12-01,48,display,media,71.7796885695212,4,3502.86093268954,0.0204917323150502,-12.7191270901672,-15.8206383721213,-0.00451707219166431,0.803957892911615
week,2024-12-08,2024-12-08,49,display,media,76.1988436595559,4,3587.19473402437,0.0212419033003181,4.41915509003468,91.6798409050839,0.0262949931790253,0.0482020370717029
week,2024-12-15,2024-12-15,50,display,media,80.3078851416978,4,3668.14529128416,0.0218933217646849,4.10904148214198,66.0927035528293,0.0184705793840811,0.062170879102525
week,2024-12-22,2024-12-22,51,display,media,77.1021920688249,4,3686.01821521575,0.0209174745123478,-3.20569307287289,-11.3418113399766,-0.00311215294673028,0.282643836754165
week,2024-12-29,2024-12-29,52,display,media,75.5228167651239,4,3602.59194047272,0.0209634668630314,-1.57937530370101,-29.8220156631064,-0.00820860212435981,0.052960045408832
week,2025-01-05,2025-01-05,53,display,media,96.5452883358847,4,3712.65846946138,0.0260043548659328,21.0224715707608,109.081236872446,0.0302734508193063,0.192723076612556
week,2025-01-12,2025-01-12,54,display,media,98.7426016834565,4,3737.22638101067,0.0264213594833806,2.19731334757176,35.3064356616355,0.00951071662144809,0.0622354906802273
week,2025-01-19,2025-01-19,55,display,media,101.441523637086,4,3788.75344286895,0.0267743797971375,2.698921953629,65.7113792463806,0.0175343235138634,0.0410723680522602
week,2025-01-26,2025-01-26,56,display,media,103.285884516873,4,3827.43893344137,0.0269856387817024,1.84436087978757,15.0969519960086,0.00395902859544206,0.122167764743188
week,2025-02-02,2025-02-02,57,display,media,74.4197483253395,4,3815.36992260232,0.0195052510857403,-28.8661361915335,-38.1423818977391,-0.00996302419464024,0.756799516845186
week,2025-02-09,2025-02-09,58,display,media,75.4919722749615,4,3806.18465551776,0.0198340278014421,1.07222394962196,51.3963108118669,0.0135601316735141,0.0208618854677482
week,2025-02-16,2025-02-16,59,display,media,73.5905442542881,4,3812.43596989503,0.0193027620228634,-1.90142802067338,35.1288059896551,0.00914420237829061,-0.0541273170865335
week,2025-02-23,2025-02-23,60,display,media,71.4515340476752,4,3831.57037942035,0.0186481069045337,-2.13901020661285,-62.642579786851,-0.016158418272468,0.0341462662280368
week,2025-03-02,2025-03-02,61,display,media,73.6138033713599,4,3835.31649244802,0.0191936711132732,2.16226932368463,46.7355475366589,0.0122532521986722,0.0462660530934951
week,2025-03-09,2025-03-09,62,display,media,81.1508744439954,4,4009.48978698835,0.0202397009982036,7.5370710726355,146.0749104291,0.0378347165929109,0.0515973006623456
week,2025-03-16,2025-03-16,63,display,media,97.9653684611625,4,3989.83758093212,0.0245537234220636,16.8144940171671,2.52851046594196,0.000631032050516067,6.64996022110712
week,2025-03-23,2025-03-23,64,display,media,108.805142897855,4,4029.01830976851,0.0270053731535676,10.8397744366924,-2.99025141900165,-0.000745796601736348,-3.62503780378154
week,2025-03-30,2025-03-30,65,display,media,102.647634000485,4,3927.99444035953,0.0261323267023487,-6.15750889737018,-44.6276177676623,-0.0111388515465245,0.137975298825652
week,2025-04-06,2025-04-06,66,display,media,103.571458101655,4,4000.9449439398,0.0258867491437327,0.923824101170595,56.730806685795,0.0143192527895057,0.0162843462862642
week,2025-04-13,2025-04-13,67,display,media,79.8234434907517,4,3978.60953087269,0.020063150925304,-23.7480146109035,-78.3955782318485,-0.0195082492539265,0.302925434654882
week,2025-04-20,2025-04-20,68,display,media,77.6939092232634,4,3959.64984758608,0.019621409016918,-2.12953426748834,-10.3367355335427,-0.00262341011642753,0.206016131551205
week,2025-04-27,2025-04-27,69,display,media,72.9993810494196,4,3946.47958643571,0.0184973416054964,-4.69452817384374,8.26281418038207,0.00210257550117143,-0.56815124621702
week,2025-05-04,2025-05-04,70,display,media,80.2234826950397,4,3952.58095803433,0.0202964805899728,7.2241016456201,89.5358899734642,0.0227357136134407,0.0806838648475053
week,2025-05-11,2025-05-11,71,display,media,77.8934657075393,4,3883.91518251607,0.020055398237888,-2.33001698750039,-218.81883034314,-0.0543291244228016,0.0106481557544503
week,2025-05-18,2025-05-18,72,display,media,75.2963404854483,4,3810.06734409545,0.0197624697112341,-2.59712522209099,12.0083405835194,0.00315276061541847,-0.216276778962729
week,2025-05-25,2025-05-25,73,display,media,104.169281575409,4,3813.93513537387,0.0273128089172911,28.872941089961,-19.3796268083534,-0.00507208282350924,-1.48986053113859
week,2025-06-01,2025-06-01,74,display,media,96.0196423070583,4,3756.032402944,0.0255641144713761,-8.149639268351,-40.5803390943815,-0.0106749286672717,0.200827283611322
week,2025-06-08,2025-06-08,75,display,media,98.8240515514149,4,3906.73033475753,0.025295846675721,2.80440924435661,97.969280429008,0.0260495492635986,0.0286253939201766
week,2025-06-15,2025-06-15,76,display,media,97.9165266347091,4,3857.75186454436,0.0253817586181827,-0.90752491670581,-15.0021532126889,-0.00388772517979119,0.0604929774972717
week,2025-06-22,2025-06-22,77,display,media,67.7214041592102,4,3779.9639271664,0.0179158863587295,-30.1951224754989,-147.105032024246,-0.0382702410778708,0.205262335761037
week,2025-06-29,2025-06-29,78,display,media,72.2222694871653,4,3672.65767965869,0.0196648519373788,4.50086532795508,11.0400636508248,0.00298642898301504,0.407684726312138
week,2024-01-07,2024-01-07,1,paid_search,media,296.311261390836,4,3572.13048720357,0.0829508503265239,,,,
week,2024-01-14,2024-01-14,2,paid_search,media,286.390727743563,4,3632.73346116553,0.0788361521166149,-9.9205336472736,-0.372818702318455,-0.000103120127355583,26.6095385922986
week,2024-01-21,2024-01-21,3,paid_search,media,283.507581517515,4,3640.77833254255,0.0778700474520584,-2.88314622604815,-5.88772327763627,-0.00162868811447847,0.489687794431406
week,2024-01-28,2024-01-28,4,paid_search,media,279.049416813766,4,3695.16202202334,0.0755175050919605,-4.45816470374825,72.0034453730655,0.0199504052522426,-0.0619159913897111
week,2024-02-04,2024-02-04,5,paid_search,media,294.812086865719,4,3715.09671096906,0.0793551581026862,15.7626700519529,62.2528562939992,0.0169113653357214,0.253203965092157
week,2024-02-11,2024-02-11,6,paid_search,media,292.400882807695,4,3657.71629491862,0.0799408317189346,-2.41120405802468,-130.541433011235,-0.034872626934688,0.0184707950755923
week,2024-02-18,2024-02-18,7,paid_search,media,297.607489012349,4,3702.591303467,0.0803781634591099,5.20660620465475,87.4419350318494,0.0242031233581117,0.0595435840110162
week,2024-02-25,2024-02-25,8,paid_search,media,277.813664945979,4,3717.61235268866,0.0747290568757277,-19.7938240663705,-82.9769806507056,-0.0224245215901241,0.238545966738573
week,2024-03-03,2024-03-03,9,paid_search,media,303.972685383546,4,3776.09147414835,0.0804992907254991,26.1590204375677,179.424806918469,0.0496018354314638,0.145793777832819
week,2024-03-10,2024-03-10,10,paid_search,media,286.09656949121,4,3852.95049182828,0.0742538919454045,-17.8761158923365,94.1148748597602,0.0247884257779782,-0.189939325945803
week,2024-03-17,2024-03-17,11,paid_search,media,283.206831445524,4,3871.61238160632,0.0731495830499494,-2.88973804568565,21.7359015761926,0.00558642696347111,-0.132947696489884
week,2024-03-24,2024-03-24,12,paid_search,media,310.827212049163,4,3893.96960339956,0.0798227114504953,27.6203806036383,2.55579522434755,0.000653225481808351,10.8069615047854
week,2024-03-31,2024-03-31,13,paid_search,media,276.175581608256,4,3791.66582350179,0.0728375322256627,-34.651630440907,-180.726440298407,-0.0461609946865613,0.191735256798573
week,2024-04-07,2024-04-07,14,paid_search,media,297.896860547409,4,3894.49910894763,0.0764917007845734,21.7212789391537,186.222428156924,0.0498666703677455,0.116641583691787
week,2024-04-14,2024-04-14,15,paid_search,media,298.311820709257,4,3911.85036558559,0.0762584947864183,0.41496016184783,12.1712910310944,0.00310442294310165,0.0340933563077013
week,2024-04-21,2024-04-21,16,paid_search,media,288.229524241668,4,3878.23944219281,0.0743196825616054,-10.0822964675897,-116.37412362134,-0.0295906507021591,0.0866369271264776
week,2024-04-28,2024-04-28,17,paid_search,media,294.40281404965,4,3866.80140718919,0.0761360057183938,6.17328980798203,69.6646715422844,0.0182539019656718,0.0886143531766317
week,2024-05-05,2024-05-05,18,paid_search,media,292.988284118235,4,3844.0117843554,0.0762194032054368,-1.4145299314149,-33.2381515195902,-0.00855310690399325,0.0425574187114826
week,2024-05-12,2024-05-12,19,paid_search,media,294.295824058718,4,3773.70292831273,0.07798595428663,1.30753994048376,-103.287669848533,-0.0268081015987798,-0.0126592064900023
week,2024-05-19,2024-05-19,20,paid_search,media,296.926547922996,4,3759.9268111709,0.0789713637618728,2.63072386427712,-81.8777987023204,-0.0218366118255288,-0.0321298802113809
week,2024-05-26,2024-05-26,21,paid_search,media,293.083179426364,4,3707.80997620326,0.0790448219588849,-3.84336849663134,53.1662944924387,0.0144958633043848,-0.072289568669826
week,2024-06-02,2024-06-02,22,paid_search,media,314.089540747496,4,3676.38990052833,0.0854342301131765,21.0063613211314,-59.584072350146,-0.0160135490446532,-0.3525499431742
week,2024-06-09,2024-06-09,23,paid_search,media,287.688249135725,4,3744.34717163688,0.0768326856320747,-26.4012916117708,97.99541692602,0.0267654197407468,-0.269413534223769
week,2024-06-16,2024-06-16,24,paid_search,media,296.926363046431,4,3737.66445455278,0.0794416852172887,9.23811391070626,38.7939275664548,0.0103195512054755,0.238132988594186
week,2024-06-23,2024-06-23,25,paid_search,media,295.788828070182,4,3720.00701859143,0.0795129758067451,-1.13753497624901,-78.4153306008257,-0.0206461596010911,0.0145065380396042
week,2024-06-30,2024-06-30,26,paid_search,media,307.222229422651,4,3581.47312170506,0.0857809674909383,11.4334013524693,-185.504250405027,-0.0498715121578538,-0.0616341745674601
week,2024-07-07,2024-07-07,27,paid_search,media,305.756160989313,4,3583.0358340998,0.0853343854614645,-1.46606843333876,57.8000600657056,0.0163547768070027,-0.0253644794083635
week,2024-07-14,2024-07-14,28,paid_search,media,291.311134208804,4,3537.60479474107,0.082346997788408,-14.4450267805084,-109.989871238833,-0.0306213048362619,0.131330518145097
week,2024-07-21,2024-07-21,29,paid_search,media,296.077979088105,4,3523.67582185802,0.0840253173267182,4.76684487930055,0.337752584617647,9.70009996088539e-05,14.1134223582533
week,2024-07-28,2024-07-28,30,paid_search,media,317.017627964,4,3512.28096648601,0.0902597574023732,20.9396488758955,73.5822471551705,0.0211304356208319,0.284574740313895
week,2024-08-04,2024-08-04,31,paid_search,media,287.348242861483,4,3393.12915598699,0.0846853242690372,-29.6693851025176,-174.754791329421,-0.0491454453152032,0.169777234013513
week,2024-08-11,2024-08-11,32,paid_search,media,299.830523949209,4,3366.32112306415,0.0890677130874229,12.4822810877265,8.42042241750596,0.00249042788509879,1.48238181754112
week,2024-08-18,2024-08-18,33,paid_search,media,301.074013904895,4,3364.47979859475,0.0894860519093161,1.2434899556863,-19.6171638040451,-0.00578756758549504,-0.0633878560686685
week,2024-08-25,2024-08-25,34,paid_search,media,293.357493105972,4,3356.91431882896,0.0873890320823882,-7.71652079892306,41.7710778569303,0.0123952802241325,-0.184733581100129
week,2024-09-01,2024-09-01,35,paid_search,media,304.486623303012,4,3336.45420225609,0.091260543332835,11.1291301970394,-69.554649894656,-0.0203871596877281,-0.160005552668226
week,2024-09-08,2024-09-08,36,paid_search,media,305.536856218296,4,3437.05608843188,0.0888949287870638,1.05023291528386,3.13811050986851,0.000938954007978721,0.334670468736253
week,2024-09-15,2024-09-15,37,paid_search,media,303.095859992486,4,3398.12306360984,0.0891950804367003,-2.44099622580961,45.473284267161,0.0135932973585473,-0.0536797872673648
week,2024-09-22,2024-09-22,38,paid_search,media,295.803264991886,4,3399.36491711648,0.0870172141574026,-7.29259500059965,-9.12107506088523,-0.00268999080327814,0.799532396337047
week,2024-09-29,2024-09-29,39,paid_search,media,290.838204881538,4,3304.6517016984,0.0880087316711965,-4.96506011034853,-134.057860311638,-0.0396430327394719,0.0370366951912144
week,2024-10-06,2024-10-06,40,paid_search,media,299.638358685497,4,3381.40280626985,0.0886136245376927,8.80015380395878,158.449098420669,0.0487900955553109,0.0555393113099018
week,2024-10-13,2024-10-13,41,paid_search,media,303.92705321043,4,3397.16829483069,0.0894648209430486,4.28869452493319,-44.2272983755875,-0.012985053108858,-0.096969398594341
week,2024-10-20,2024-10-20,42,paid_search,media,305.069403742136,4,3406.28361737704,0.089560775910096,1.14235053170626,54.5252738557938,0.0162191258991771,0.0209508444602681
week,2024-10-27,2024-10-27,43,paid_search,media,306.622154019271,4,3449.50097165192,0.0888888440789258,1.55275027713463,-24.4002405305532,-0.00714227113093491,-0.0636366791216804
week,2024-11-03,2024-11-03,44,paid_search,media,307.999552463562,4,3473.37047582309,0.0886745466996504,1.37739844429115,46.3636545338172,0.0136688779388929,0.0297085822535082
week,2024-11-10,2024-11-10,45,paid_search,media,315.001650280522,4,3428.09541484092,0.0918882388503006,7.00209781696071,-12.1163556435613,-0.00352396108440511,-0.577904612818267
week,2024-11-17,2024-11-17,46,paid_search,media,311.233853559609,4,3471.93185161533,0.0896428463637058,-3.76779672091305,56.8869872647993,0.0166037109912029,-0.0662330157048852
week,2024-11-24,2024-11-24,47,paid_search,media,294.509573562103,4,3433.77615466368,0.0857684252836652,-16.7242799975061,19.361901996188,0.00555889611517912,-0.863772577755988
week,2024-12-01,2024-12-01,48,paid_search,media,317.78660388319,4,3502.86093268954,0.0907220155152403,23.2770303210868,-15.8206383721213,-0.00451707219166431,-1.47130790639302
week,2024-12-08,2024-12-08,49,paid_search,media,296.821844061586,4,3587.19473402437,0.0827448371414704,-20.9647598216038,91.6798409050839,0.0262949931790253,-0.228673606047251
week,2024-12-15,2024-12-15,50,paid_search,media,320.700483889631,4,3668.14529128416,0.0874285118017663,23.8786398280444,66.0927035528293,0.0184705793840811,0.361290105328459
week,2024-12-22,2024-12-22,51,paid_search,media,308.384051887683,4,3686.01821521575,0.0836631926056918,-12.3164320019471,-11.3418113399766,-0.00311215294673028,1.08593165877616
week,2024-12-29,2024-12-29,52,paid_search,media,300.2294608887,4,3602.59194047272,0.0833370711558593,-8.15459099898351,-29.8220156631064,-0.00820860212435981,0.273441979613463
week,2025-01-05,2025-01-05,53,paid_search,media,315.175761184385,4,3712.65846946138,0.0848922042727268,14.9463002956846,109.081236872446,0.0302734508193063,0.137019901169273
week,2025-01-12,2025-01-12,54,paid_search,media,296.536843994514,4,3737.22638101067,0.0793467705090747,-18.638917189871,35.3064356616355,0.00951071662144809,-0.527918404692556
week,2025-01-19,2025-01-19,55,paid_search,media,304.557470759073,4,3788.75344286895,0.0803846107569495,8.0206267645591,65.7113792463806,0.0175343235138634,0.122058414486877
week,2025-01-26,2025-01-26,56,paid_search,media,310.552121926657,4,3827.43893344137,0.0811383610103559,5.99465116758444,15.0969519960086,0.00395902859544206,0.397076917855296
week,2025-02-02,2025-02-02,57,paid_search,media,301.291575717106,4,3815.36992260232,0.0789678541868903,-9.26054620955068,-38.1423818977391,-0.00996302419464024,0.24278888073583
week,2025-02-09,2025-02-09,58,paid_search,media,307.228156089051,4,3806.18465551776,0.080718142679617,5.93658037194484,51.3963108118669,0.0135601316735141,0.115505962941102
week,2025-02-16,2025-02-16,59,paid_search,media,309.741609476153,4,3812.43596989503,0.081245065339335,2.51345338710166,35.1288059896551,0.00914420237829061,0.0715496390011615
week,2025-02-23,2025-02-23,60,paid_search,media,293.348575254374,4,3831.57037942035,0.0765609257316456,-16.3930342217786,-62.642579786851,-0.016158418272468,0.261691556726397
week,2025-03-02,2025-03-02,61,paid_search,media,302.083883320712,4,3835.31649244802,0.0787637432049048,8.73530806633738,46.7355475366589,0.0122532521986722,0.186909291251707
week,2025-03-09,2025-03-09,62,paid_search,media,300.924772759904,4,4009.48978698835,0.0750531336272433,-1.1591105608079,146.0749104291,0.0378347165929109,-0.00793504207808839
week,2025-03-16,2025-03-16,63,paid_search,media,302.29917936641,4,3989.83758093212,0.0757672895786866,1.37440660650657,2.52851046594196,0.000631032050516067,0.54356374039945
week,2025-03-23,2025-03-23,64,paid_search,media,305.0535217003,4,4029.01830976851,0.0757141065754619,2.75434233388984,-2.99025141900165,-0.000745796601736348,-0.921107274253689
week,2025-03-30,2025-03-30,65,paid_search,media,317.78169466425,4,3927.99444035953,0.0809017679350798,12.72817296395,-44.6276177676623,-0.0111388515465245,-0.285208433715074
week,2025-04-06,2025-04-06,66,paid_search,media,312.20760554991,4,4000.9449439398,0.0780334670745242,-5.57408911433981,56.730806685795,0.0143192527895057,-0.0982550652807045
week,2025-04-13,2025-04-13,67,paid_search,media,303.268940938065,4,3978.60953087269,0.0762248565949483,-8.93866461184501,-78.3955782318485,-0.0195082492539265,0.114020009973135
week,2025-04-20,2025-04-20,68,paid_search,media,305.895774539992,4,3959.64984758608,0.077253238623227,2.62683360192642,-10.3367355335427,-0.00262341011642753,-0.254126033640153
week,2025-04-27,2025-04-27,69,paid_search,media,305.83574152459,4,3946.47958643571,0.0774958377019776,-0.0600330154019275,8.26281418038207,0.00210257550117143,-0.00726544420476749
week,2025-05-04,2025-05-04,70,paid_search,media,301.050983623021,4,3952.58095803433,0.0761656717014437,-4.78475790156898,89.5358899734642,0.0227357136134407,-0.0534395525971433
week,2025-05-11,2025-05-11,71,paid_search,media,310.527132731579,4,3883.91518251607,0.0799520891005693,9.47614910855765,-218.81883034314,-0.0543291244228016,-0.0433059124468294
week,2025-05-18,2025-05-18,72,paid_search,media,291.043065306944,4,3810.06734409545,0.0763879057828152,-19.4840674246346,12.0083405835194,0.00315276061541847,-1.62254453803343
week,2025-05-25,2025-05-25,73,paid_search,media,301.996166519039,4,3813.93513537387,0.0791823027397749,10.9531012120945,-19.3796268083534,-0.00507208282350924,-0.565186384671417
week,2025-06-01,2025-06-01,74,paid_search,media,305.253829500288,4,3756.032402944,0.0812702865025944,3.25766298124898,-40.5803390943815,-0.0106749286672717,-0.0802768792461869
week,2025-06-08,2025-06-08,75,paid_search,media,323.515815567304,4,3906.73033475753,0.0828098660122603,18.2619860670167,97.969280429008,0.0260495492635986,0.18640522811893
week,2025-06-15,2025-06-15,76,paid_search,media,324.300643350158,4,3857.75186454436,0.0840646715333674,0.784827782853427,-15.0021532126889,-0.00388772517979119,-0.0523143425964758
week,2025-06-22,2025-06-22,77,paid_search,media,309.914851452753,4,3779.9639271664,0.0819888383657345,-14.3857918974047,-147.105032024246,-0.0382702410778708,0.0977926567123384
week,2025-06-29,2025-06-29,78,paid_search,media,328.31510446248,4,3672.65767965869,0.089394420362366,18.4002530097275,11.0400636508248,0.00298642898301504,1.66667997501562
week,2024-01-07,2024-01-07,1,paid_social,media,248.532402638759,4,3572.13048720357,0.0695753986392927,,,,
week,2024-01-14,2024-01-14,2,paid_social,media,257.330464968434,4,3632.73346116553,0.0708365939090591,8.79806232967425,-0.372818702318455,-0.000103120127355583,-23.5987687177751
week,2024-01-21,2024-01-21,3,paid_social,media,243.155289632309,4,3640.77833254255,0.0667866229204075,-14.1751753361243,-5.88772327763627,-0.00162868811447847,2.40758178801759
week,2024-01-28,2024-01-28,4,paid_social,media,253.844523299321,4,3695.16202202334,0.0686964527634772,10.6892336670116,72.0034453730655,0.0199504052522426,0.148454474805036
week,2024-02-04,2024-02-04,5,paid_social,media,246.608219627581,4,3715.09671096906,0.066380026904671,-7.23630367174027,62.2528562939992,0.0169113653357214,-0.116240508508809
week,2024-02-11,2024-02-11,6,paid_social,media,166.169306491591,4,3657.71629491862,0.0454297963793522,-80.4389131359892,-130.541433011235,-0.034872626934688,0.616194500707421
week,2024-02-18,2024-02-18,7,paid_social,media,181.861749016138,4,3702.591303467,0.0491174245577275,15.6924425245468,87.4419350318494,0.0242031233581117,0.179461290727739
week,2024-02-25,2024-02-25,8,paid_social,media,196.852463428189,4,3717.61235268866,0.0529513151864316,14.9907144120506,-82.9769806507056,-0.0224245215901241,-0.180661121849618
week,2024-03-03,2024-03-03,9,paid_social,media,203.748985422718,4,3776.09147414835,0.053957640279006,6.89652199452905,179.424806918469,0.0496018354314638,0.0384368366502567
week,2024-03-10,2024-03-10,10,paid_social,media,192.346561755708,4,3852.95049182828,0.0499218876971442,-11.4024236670102,94.1148748597602,0.0247884257779782,-0.121154320015841
week,2024-03-17,2024-03-17,11,paid_social,media,204.321200111326,4,3871.61238160632,0.0527741881088194,11.9746383556187,21.7359015761926,0.00558642696347111,0.550915190411728
week,2024-03-24,2024-03-24,12,paid_social,media,204.612438522662,4,3893.96960339956,0.0525459773348072,0.291238411335144,2.55579522434755,0.000653225481808351,0.113952169782887
week,2024-03-31,2024-03-31,13,paid_social,media,200.079764431396,4,3791.66582350179,0.0527683012546218,-4.53267409126536,-180.726440298407,-0.0461609946865613,0.0250803041535108
week,2024-04-07,2024-04-07,14,paid_social,media,254.783784399265,4,3894.49910894763,0.0654214514554384,54.7040199678689,186.222428156924,0.0498666703677455,0.293756345620043
week,2024-04-14,2024-04-14,15,paid_social,media,251.768730386982,4,3911.85036558559,0.064360521711646,-3.01505401228343,12.1712910310944,0.00310442294310165,-0.247718504518607
week,2024-04-21,2024-04-21,16,paid_social,media,247.294948850092,4,3878.23944219281,0.0637647449406238,-4.47378153688959,-116.37412362134,-0.0295906507021591,0.0384430954036352
week,2024-04-28,2024-04-28,17,paid_social,media,245.756333374273,4,3866.80140718919,0.0635554577272471,-1.53861547581948,69.6646715422844,0.0182539019656718,-0.0220860221078569
week,2024-05-05,2024-05-05,18,paid_social,media,251.165098722686,4,3844.0117843554,0.0653393154893265,5.40876534841374,-33.2381515195902,-0.00855310690399325,-0.162727621757963
week,2024-05-12,2024-05-12,19,paid_social,media,185.522403965639,4,3773.70292831273,0.0491618994631854,-65.6426947570476,-103.287669848533,-0.0268081015987798,0.635532729640526
week,2024-05-19,2024-05-19,20,paid_social,media,200.469191098278,4,3759.9268111709,0.0533173120558294,14.9467871326397,-81.8777987023204,-0.0218366118255288,-0.182549938683392
week,2024-05-26,2024-05-26,21,paid_social,media,205.360741964043,4,3707.80997620326,0.0553859942343456,4.89155086576466,53.1662944924387,0.0144958633043848,0.0920047355653181
week,2024-06-02,2024-06-02,22,paid_social,media,200.72030570083,4,3676.38990052833,0.0545971213967224,-4.6404362632135,-59.584072350146,-0.0160135490446532,0.077880481816415
week,2024-06-09,2024-06-09,23,paid_social,media,188.652307100114,4,3744.34717163688,0.0503832306280625,-12.0679986007151,97.99541692602,0.0267654197407468,-0.123148602039478
week,2024-06-16,2024-06-16,24,paid_social,media,197.941217114907,4,3737.66445455278,0.0529585305266766,9.28891001479289,38.7939275664548,0.0103195512054755,0.239442371460863
week,2024-06-23,2024-06-23,25,paid_social,media,208.614263005923,4,3720.00701859143,0.0560789971533212,10.6730458910161,-78.4153306008257,-0.0206461596010911,-0.136109174178546
week,2024-06-30,2024-06-30,26,paid_social,media,197.862825052149,4,3581.47312170506,0.0552462124741425,-10.7514379537749,-185.504250405027,-0.0498715121578538,0.0579579062490503
week,2024-07-07,2024-07-07,27,paid_social,media,247.747856270496,4,3583.0358340998,0.069144677235063,49.885031218347,57.8000600657056,0.0163547768070027,0.863061926953693
week,2024-07-14,2024-07-14,28,paid_social,media,239.880861339553,4,3537.60479474107,0.0678088354290325,-7.86699493094235,-109.989871238833,-0.0306213048362619,0.0715247217069644
week,2024-07-21,2024-07-21,29,paid_social,media,255.691617880745,4,3523.67582185802,0.0725638880553773,15.810756541192,0.337752584617647,9.70009996088539e-05,46.8116522604575
week,2024-07-28,2024-07-28,30,paid_social,media,246.919322571563,4,3512.28096648601,0.070301699928808,-8.77229530918183,73.5822471551705,0.0211304356208319,-0.119217551085152
week,2024-08-04,2024-08-04,31,paid_social,media,240.482518803259,4,3393.12915598699,0.0708733760926668,-6.43680376830443,-174.754791329421,-0.0491454453152032,0.0368333464240804
week,2024-08-11,2024-08-11,32,paid_social,media,195.178316294961,4,3366.32112306415,0.0579797081620373,-45.3042025082979,8.42042241750596,0.00249042788509879,-5.38027669658365
week,2024-08-18,2024-08-18,33,paid_social,media,214.904703921442,4,3364.47979859475,0.0638745710439996,19.7263876264807,-19.6171638040451,-0.00578756758549504,-1.00556776828326
week,2024-08-25,2024-08-25,34,paid_social,media,196.159442106217,4,3356.91431882896,0.0584344500560996,-18.7452618152252,41.7710778569303,0.0123952802241325,-0.448761745613301
week,2024-09-01,2024-09-01,35,paid_social,media,196.260345649677,4,3336.45420225609,0.0588230300050174,0.100903543459992,-69.554649894656,-0.0203871596877281,-0.00145070881116957
week,2024-09-08,2024-09-08,36,paid_social,media,185.787970171929,4,3437.05608843188,0.0540543899755482,-10.4723754777477,3.13811050986851,0.000938954007978721,-3.3371595566233
week,2024-09-15,2024-09-15,37,paid_social,media,181.501799506614,4,3398.12306360984,0.0534123679775754,-4.28617066531442,45.473284267161,0.0135932973585473,-0.0942568968656991
week,2024-09-22,2024-09-22,38,paid_social,media,192.360057493125,4,3399.36491711648,0.0565870573425506,10.8582579865107,-9.12107506088523,-0.00268999080327814,-1.19045813284392
week,2024-09-29,2024-09-29,39,paid_social,media,202.323597032869,4,3304.6517016984,0.0612238793361753,9.96353953974423,-134.057860311638,-0.0396430327394719,-0.0743226806438837
week,2024-10-06,2024-10-06,40,paid_social,media,249.671929652732,4,3381.40280626985,0.0738367902190731,47.3483326198623,158.449098420669,0.0487900955553109,0.298823616491376
week,2024-10-13,2024-10-13,41,paid_social,media,255.641521738937,4,3397.16829483069,0.0752513562922196,5.96959208620518,-44.2272983755875,-0.012985053108858,-0.13497528235865
week,2024-10-20,2024-10-20,42,paid_social,media,251.658354064905,4,3406.28361737704,0.0738806225004516,-3.98316767403142,54.5252738557938,0.0162191258991771,-0.073051768333451
week,2024-10-27,2024-10-27,43,paid_social,media,246.35360589362,4,3449.50097165192,0.0714171724890526,-5.30474817128587,-24.4002405305532,-0.00714227113093491,0.217405568795251
week,2024-11-03,2024-11-03,44,paid_social,media,244.184304463863,4,3473.37047582309,0.0703018310783557,-2.1693014297565,46.3636545338172,0.0136688779388929,-0.046788836030478
week,2024-11-10,2024-11-10,45,paid_social,media,178.229023481371,4,3428.09541484092,0.0519906834301582,-65.9552809824923,-12.1163556435613,-0.00352396108440511,5.44349166719461
week,2024-11-17,2024-11-17,46,paid_social,media,206.583237969078,4,3471.93185161533,0.0595009484051262,28.3542144877072,56.8869872647993,0.0166037109912029,0.498430587573976
week,2024-11-24,2024-11-24,47,paid_social,media,198.37296049723,4,3433.77615466368,0.0577710810379424,-8.21027747184806,19.361901996188,0.00555889611517912,-0.424042920652348
week,2024-12-01,2024-12-01,48,paid_social,media,195.324885699073,4,3502.86093268954,0.0557615302041408,-3.04807479815705,-15.8206383721213,-0.00451707219166431,0.192664463118523
week,2024-12-08,2024-12-08,49,paid_social,media,192.330812206854,4,3587.19473402437,0.0536159384888157,-2.99407349221883,91.6798409050839,0.0262949931790253,-0.0326579263517548
week,2024-12-15,2024-12-15,50,paid_social,media,193.097965203654,4,3668.14529128416,0.0526418529992452,0.767152996800149,66.0927035528293,0.0184705793840811,0.0116072267521474
week,2024-12-22,2024-12-22,51,paid_social,media,206.128077237443,4,3686.01821521575,0.0559216111267584,13.0301120337887,-11.3418113399766,-0.00311215294673028,-1.14885635488058
week,2024-12-29,2024-12-29,52,paid_social,media,199.225011906018,4,3602.59194047272,0.0553004656641397,-6.90306533142518,-29.8220156631064,-0.00820860212435981,0.231475478029647
week,2025-01-05,2025-01-05,53,paid_social,media,247.501234495932,4,3712.65846946138,0.0666641536063075,48.2762225899141,109.081236872446,0.0302734508193063,0.442571279663485
week,2025-01-12,2025-01-12,54,paid_social,media,245.108272794163,4,3737.22638101067,0.0655856102374718,-2.39296170176863,35.3064356616355,0.00951071662144809,-0.0677769266969323
week,2025-01-19,2025-01-19,55,paid_social,media,262.06607164914,4,3788.75344286895,0.0691694710676914,16.9577988549767,65.7113792463806,0.0175343235138634,0.258064874751669
week,2025-01-26,2025-01-26,56,paid_social,media,255.763807695636,4,3827.43893344137,0.0668237461507115,-6.30226395350394,15.0969519960086,0.00395902859544206,-0.417452738484575
week,2025-02-02,2025-02-02,57,paid_social,media,241.271979995312,4,3815.36992260232,0.0632368511808024,-14.4918277003236,-38.1423818977391,-0.00996302419464024,0.37994029159418
week,2025-02-09,2025-02-09,58,paid_social,media,201.339402018898,4,3806.18465551776,0.0528979595687822,-39.9325779764147,51.3963108118669,0.0135601316735141,-0.776954169387479
week,2025-02-16,2025-02-16,59,paid_social,media,191.077695010149,4,3812.43596989503,0.0501195814222185,-10.2617070087489,35.1288059896551,0.00914420237829061,-0.292116589780218
week,2025-02-23,2025-02-23,60,paid_social,media,202.862204171771,4,3831.57037942035,0.0529449244261202,11.7845091616223,-62.642579786851,-0.016158418272468,-0.188122986021976
week,2025-03-02,2025-03-02,61,paid_social,media,186.939444790882,4,3835.31649244802,0.0487415954221713,-15.9227593808888,46.7355475366589,0.0122532521986722,-0.340699108497639
week,2025-03-09,2025-03-09,62,paid_social,media,215.574802779379,4,4009.48978698835,0.0537661433828725,28.6353579884963,146.0749104291,0.0378347165929109,0.196032007853908
week,2025-03-16,2025-03-16,63,paid_social,media,194.842660507906,4,3989.83758093212,0.0488347348872247,-20.7321422714726,2.52851046594196,0.000631032050516067,-8.19934999309925
week,2025-03-23,2025-03-23,64,paid_social,media,202.916796566492,4,4029.01830976851,0.0503638308305803,8.07413605858565,-2.99025141900165,-0.000745796601736348,-2.70015290596579
week,2025-03-30,2025-03-30,65,paid_social,media,202.218028594293,4,3927.99444035953,0.0514812410416201,-0.69876797219905,-44.6276177676623,-0.0111388515465245,0.0156577475373419
week,2025-04-06,2025-04-06,66,paid_social,media,254.166358683875,4,4000.9449439398,0.0635265824062037,51.9483300895829,56.730806685795,0.0143192527895057,0.915698773283801
week,2025-04-13,2025-04-13,67,paid_social,media,243.984328186202,4,3978.60953087269,0.0613240194326598,-10.182030497673,-78.3955782318485,-0.0195082492539265,0.129880163235233
week,2025-04-20,2025-04-20,68,paid_social,media,240.357338027695,4,3959.64984758608,0.0607016648641859,-3.62699015850745,-10.3367355335427,-0.00262341011642753,0.350883520888959
week,2025-04-27,2025-04-27,69,paid_social,media,244.982125937119,4,3946.47958643571,0.0620761163390119,4.62478790942413,8.26281418038207,0.00210257550117143,0.559710990524815
week,2025-05-04,2025-05-04,70,paid_social,media,257.208317344569,4,3952.58095803433,0.0650735102140658,12.2261914074498,89.5358899734642,0.0227357136134407,0.136550733019722
week,2025-05-11,2025-05-11,71,paid_social,media,201.202422578725,4,3883.91518251607,0.0518040207171523,-56.005894765844,-218.81883034314,-0.0543291244228016,0.255946413194964
week,2025-05-18,2025-05-18,72,paid_social,media,178.545656567811,4,3810.06734409545,0.0468615487451968,-22.6567660109136,12.0083405835194,0.00315276061541847,-1.88675244954398
week,2025-05-25,2025-05-25,73,paid_social,media,215.105842731514,4,3813.93513537387,0.0563999740678409,36.5601861637024,-19.3796268083534,-0.00507208282350924,-1.88652684209293
week,2025-06-01,2025-06-01,74,paid_social,media,163.620766220185,4,3756.032402944,0.043562128508779,-51.485076511329,-40.5803390943815,-0.0106749286672717,1.26871972142927
week,2025-06-08,2025-06-08,75,paid_social,media,203.54529355137,4,3906.73033475753,0.0521011884901451,39.9245273311852,97.969280429008,0.0260495492635986,0.407520879569141
week,2025-06-15,2025-06-15,76,paid_social,media,194.966579888842,4,3857.75186454436,0.050538911452738,-8.57871366252738,-15.0021532126889,-0.00388772517979119,0.571832159084435
week,2025-06-22,2025-06-22,77,paid_social,media,189.186860469761,4,3779.9639271664,0.0500499116169033,-5.7797194190816,-147.105032024246,-0.0382702410778708,0.039289746513423
week,2025-06-29,2025-06-29,78,paid_social,media,193.75851523169,4,3672.65767965869,0.0527570310472542,4.57165476192913,11.0400636508248,0.00298642898301504,0.414096775754331
week,2024-01-07,2024-01-07,1,promo,baseline_control,0,4,3572.13048720357,0,,,,
week,2024-01-14,2024-01-14,2,promo,baseline_control,0,4,3632.73346116553,0,0,-0.372818702318455,-0.000103120127355583,0
week,2024-01-21,2024-01-21,3,promo,baseline_control,0,4,3640.77833254255,0,0,-5.88772327763627,-0.00162868811447847,0
week,2024-01-28,2024-01-28,4,promo,baseline_control,0,4,3695.16202202334,0,0,72.0034453730655,0.0199504052522426,0
week,2024-02-04,2024-02-04,5,promo,baseline_control,0,4,3715.09671096906,0,0,62.2528562939992,0.0169113653357214,0
week,2024-02-11,2024-02-11,6,promo,baseline_control,0,4,3657.71629491862,0,0,-130.541433011235,-0.034872626934688,0
week,2024-02-18,2024-02-18,7,promo,baseline_control,0,4,3702.591303467,0,0,87.4419350318494,0.0242031233581117,0
week,2024-02-25,2024-02-25,8,promo,baseline_control,0,4,3717.61235268866,0,0,-82.9769806507056,-0.0224245215901241,0
week,2024-03-03,2024-03-03,9,promo,baseline_control,0,4,3776.09147414835,0,0,179.424806918469,0.0496018354314638,0
week,2024-03-10,2024-03-10,10,promo,baseline_control,100,4,3852.95049182828,0.0259541357232827,100,94.1148748597602,0.0247884257779782,1.06253129645031
week,2024-03-17,2024-03-17,11,promo,baseline_control,100,4,3871.61238160632,0.0258290319751768,0,21.7359015761926,0.00558642696347111,0
week,2024-03-24,2024-03-24,12,promo,baseline_control,100,4,3893.96960339956,0.0256807346191652,0,2.55579522434755,0.000653225481808351,0
week,2024-03-31,2024-03-31,13,promo,baseline_control,0,4,3791.66582350179,0,-100,-180.726440298407,-0.0461609946865613,0.553322468117475
week,2024-04-07,2024-04-07,14,promo,baseline_control,0,4,3894.49910894763,0,0,186.222428156924,0.0498666703677455,0
week,2024-04-14,2024-04-14,15,promo,baseline_control,0,4,3911.85036558559,0,0,12.1712910310944,0.00310442294310165,0
week,2024-04-21,2024-04-21,16,promo,baseline_control,0,4,3878.23944219281,0,0,-116.37412362134,-0.0295906507021591,0
week,2024-04-28,2024-04-28,17,promo,baseline_control,0,4,3866.80140718919,0,0,69.6646715422844,0.0182539019656718,0
week,2024-05-05,2024-05-05,18,promo,baseline_control,0,4,3844.0117843554,0,0,-33.2381515195902,-0.00855310690399325,0
week,2024-05-12,2024-05-12,19,promo,baseline_control,0,4,3773.70292831273,0,0,-103.287669848533,-0.0268081015987798,0
week,2024-05-19,2024-05-19,20,promo,baseline_control,0,4,3759.9268111709,0,0,-81.8777987023204,-0.0218366118255288,0
week,2024-05-26,2024-05-26,21,promo,baseline_control,0,4,3707.80997620326,0,0,53.1662944924387,0.0144958633043848,0
week,2024-06-02,2024-06-02,22,promo,baseline_control,0,4,3676.38990052833,0,0,-59.584072350146,-0.0160135490446532,0
week,2024-06-09,2024-06-09,23,promo,baseline_control,100,4,3744.34717163688,0.0267069252438694,100,97.99541692602,0.0267654197407468,1.02045588596754
week,2024-06-16,2024-06-16,24,promo,baseline_control,100,4,3737.66445455278,0.026754675604492,0,38.7939275664548,0.0103195512054755,0
week,2024-06-23,2024-06-23,25,promo,baseline_control,100,4,3720.00701859143,0.026881669711974,0,-78.4153306008257,-0.0206461596010911,0
week,2024-06-30,2024-06-30,26,promo,baseline_control,0,4,3581.47312170506,0,-100,-185.504250405027,-0.0498715121578538,0.539071206086446
week,2024-07-07,2024-07-07,27,promo,baseline_control,0,4,3583.0358340998,0,0,57.8000600657056,0.0163547768070027,0
week,2024-07-14,2024-07-14,28,promo,baseline_control,0,4,3537.60479474107,0,0,-109.989871238833,-0.0306213048362619,0
week,2024-07-21,2024-07-21,29,promo,baseline_control,0,4,3523.67582185802,0,0,0.337752584617647,9.70009996088539e-05,0
week,2024-07-28,2024-07-28,30,promo,baseline_control,0,4,3512.28096648601,0,0,73.5822471551705,0.0211304356208319,0
week,2024-08-04,2024-08-04,31,promo,baseline_control,0,4,3393.12915598699,0,0,-174.754791329421,-0.0491454453152032,0
week,2024-08-11,2024-08-11,32,promo,baseline_control,0,4,3366.32112306415,0,0,8.42042241750596,0.00249042788509879,0
week,2024-08-18,2024-08-18,33,promo,baseline_control,0,4,3364.47979859475,0,0,-19.6171638040451,-0.00578756758549504,0
week,2024-08-25,2024-08-25,34,promo,baseline_control,0,4,3356.91431882896,0,0,41.7710778569303,0.0123952802241325,0
week,2024-09-01,2024-09-01,35,promo,baseline_control,0,4,3336.45420225609,0,0,-69.554649894656,-0.0203871596877281,0
week,2024-09-08,2024-09-08,36,promo,baseline_control,100,4,3437.05608843188,0.0290946663153304,100,3.13811050986851,0.000938954007978721,31.866309260151
week,2024-09-15,2024-09-15,37,promo,baseline_control,100,4,3398.12306360984,0.0294280101479814,0,45.473284267161,0.0135932973585473,0
week,2024-09-22,2024-09-22,38,promo,baseline_control,100,4,3399.36491711648,0.0294172595288255,0,-9.12107506088523,-0.00268999080327814,0
week,2024-09-29,2024-09-29,39,promo,baseline_control,0,4,3304.6517016984,0,-100,-134.057860311638,-0.0396430327394719,0.745946561936278
week,2024-10-06,2024-10-06,40,promo,baseline_control,0,4,3381.40280626985,0,0,158.449098420669,0.0487900955553109,0
week,2024-10-13,2024-10-13,41,promo,baseline_control,0,4,3397.16829483069,0,0,-44.2272983755875,-0.012985053108858,0
week,2024-10-20,2024-10-20,42,promo,baseline_control,0,4,3406.28361737704,0,0,54.5252738557938,0.0162191258991771,0
week,2024-10-27,2024-10-27,43,promo,baseline_control,0,4,3449.50097165192,0,0,-24.4002405305532,-0.00714227113093491,0
week,2024-11-03,2024-11-03,44,promo,baseline_control,0,4,3473.37047582309,0,0,46.3636545338172,0.0136688779388929,0
week,2024-11-10,2024-11-10,45,promo,baseline_control,0,4,3428.09541484092,0,0,-12.1163556435613,-0.00352396108440511,0
week,2024-11-17,2024-11-17,46,promo,baseline_control,0,4,3471.93185161533,0,0,56.8869872647993,0.0166037109912029,0
week,2024-11-24,2024-11-24,47,promo,baseline_control,0,4,3433.77615466368,0,0,19.361901996188,0.00555889611517912,0
week,2024-12-01,2024-12-01,48,promo,baseline_control,0,4,3502.86093268954,0,0,-15.8206383721213,-0.00451707219166431,0
week,2024-12-08,2024-12-08,49,promo,baseline_control,100,4,3587.19473402437,0.0278769365519817,100,91.6798409050839,0.0262949931790253,1.09075232911377
week,2024-12-15,2024-12-15,50,promo,baseline_control,100,4,3668.14529128416,0.0272617336716757,0,66.0927035528293,0.0184705793840811,0
week,2024-12-22,2024-12-22,51,promo,baseline_control,100,4,3686.01821521575,0.0271295458028948,0,-11.3418113399766,-0.00311215294673028,0
week,2024-12-29,2024-12-29,52,promo,baseline_control,0,4,3602.59194047272,0,-100,-29.8220156631064,-0.00820860212435981,3.35322739849918
week,2025-01-05,2025-01-05,53,promo,baseline_control,0,4,3712.65846946138,0,0,109.081236872446,0.0302734508193063,0
week,2025-01-12,2025-01-12,54,promo,baseline_control,0,4,3737.22638101067,0,0,35.3064356616355,0.00951071662144809,0
week,2025-01-19,2025-01-19,55,promo,baseline_control,0,4,3788.75344286895,0,0,65.7113792463806,0.0175343235138634,0
week,2025-01-26,2025-01-26,56,promo,baseline_control,0,4,3827.43893344137,0,0,15.0969519960086,0.00395902859544206,0
week,2025-02-02,2025-02-02,57,promo,baseline_control,0,4,3815.36992260232,0,0,-38.1423818977391,-0.00996302419464024,0
week,2025-02-09,2025-02-09,58,promo,baseline_control,0,4,3806.18465551776,0,0,51.3963108118669,0.0135601316735141,0
week,2025-02-16,2025-02-16,59,promo,baseline_control,0,4,3812.43596989503,0,0,35.1288059896551,0.00914420237829061,0
week,2025-02-23,2025-02-23,60,promo,baseline_control,0,4,3831.57037942035,0,0,-62.642579786851,-0.016158418272468,0
week,2025-03-02,2025-03-02,61,promo,baseline_control,0,4,3835.31649244802,0,0,46.7355475366589,0.0122532521986722,0
week,2025-03-09,2025-03-09,62,promo,baseline_control,100,4,4009.48978698835,0.024940829210869,100,146.0749104291,0.0378347165929109,0.684580258897619
week,2025-03-16,2025-03-16,63,promo,baseline_control,100,4,3989.83758093212,0.0250636768970023,0,2.52851046594196,0.000631032050516067,0
week,2025-03-23,2025-03-23,64,promo,baseline_control,100,4,4029.01830976851,0.0248199418100301,0,-2.99025141900165,-0.000745796601736348,0
week,2025-03-30,2025-03-30,65,promo,baseline_control,0,4,3927.99444035953,0,-100,-44.6276177676623,-0.0111388515465245,2.24076491200167
week,2025-04-06,2025-04-06,66,promo,baseline_control,0,4,4000.9449439398,0,0,56.730806685795,0.0143192527895057,0
week,2025-04-13,2025-04-13,67,promo,baseline_control,0,4,3978.60953087269,0,0,-78.3955782318485,-0.0195082492539265,0
week,2025-04-20,2025-04-20,68,promo,baseline_control,0,4,3959.64984758608,0,0,-10.3367355335427,-0.00262341011642753,0
week,2025-04-27,2025-04-27,69,promo,baseline_control,0,4,3946.47958643571,0,0,8.26281418038207,0.00210257550117143,0
week,2025-05-04,2025-05-04,70,promo,baseline_control,0,4,3952.58095803433,0,0,89.5358899734642,0.0227357136134407,0
week,2025-05-11,2025-05-11,71,promo,baseline_control,0,4,3883.91518251607,0,0,-218.81883034314,-0.0543291244228016,0
week,2025-05-18,2025-05-18,72,promo,baseline_control,0,4,3810.06734409545,0,0,12.0083405835194,0.00315276061541847,0
week,2025-05-25,2025-05-25,73,promo,baseline_control,0,4,3813.93513537387,0,0,-19.3796268083534,-0.00507208282350924,0
week,2025-06-01,2025-06-01,74,promo,baseline_control,0,4,3756.032402944,0,0,-40.5803390943815,-0.0106749286672717,0
week,2025-06-08,2025-06-08,75,promo,baseline_control,100,4,3906.73033475753,0.0255968524651718,100,97.969280429008,0.0260495492635986,1.0207281258176
week,2025-06-15,2025-06-15,76,promo,baseline_control,100,4,3857.75186454436,0.0259218331067571,0,-15.0021532126889,-0.00388772517979119,0
week,2025-06-22,2025-06-22,77,promo,baseline_control,100,4,3779.9639271664,0.026455278919808,0,-147.105032024246,-0.0382702410778708,0
week,2025-06-29,2025-06-29,78,promo,baseline_control,0,4,3672.65767965869,0,-100,11.0400636508248,0.00298642898301504,-9.05791879130418
week,2024-01-07,2024-01-07,1,retail_media,media,158.058339455019,4,3572.13048720357,0.0442476387750199,,,,
week,2024-01-14,2024-01-14,2,retail_media,media,159.352787346018,4,3632.73346116553,0.0438658076760995,1.29444789099898,-0.372818702318455,-0.000103120127355583,-3.47205728400741
week,2024-01-21,2024-01-21,3,retail_media,media,152.733694673341,4,3640.77833254255,0.0419508359814586,-6.61909267267751,-5.88772327763627,-0.00162868811447847,1.1242193901706
week,2024-01-28,2024-01-28,4,retail_media,media,161.062938067483,4,3695.16202202334,0.043587517166376,8.3292433941418,72.0034453730655,0.0199504052522426,0.115678400540227
week,2024-02-04,2024-02-04,5,retail_media,media,148.307189131874,4,3715.09671096906,0.0399201422385554,-12.7557489356087,62.2528562939992,0.0169113653357214,-0.204902227704502
week,2024-02-11,2024-02-11,6,retail_media,media,148.400356768695,4,3657.71629491862,0.0405718609108246,0.0931676368210788,-130.541433011235,-0.034872626934688,-0.000713701655267262
week,2024-02-18,2024-02-18,7,retail_media,media,156.621264001221,4,3702.591303467,0.0423004461374295,8.22090723252541,87.4419350318494,0.0242031233581117,0.094015614241966
week,2024-02-25,2024-02-25,8,retail_media,media,153.615219499533,4,3717.61235268866,0.0413209353009696,-3.00604450168706,-82.9769806507056,-0.0224245215901241,0.0362274510124814
week,2024-03-03,2024-03-03,9,retail_media,media,159.766974824982,4,3776.09147414835,0.0423101442109571,6.15175532544876,179.424806918469,0.0496018354314638,0.0342859799104821
week,2024-03-10,2024-03-10,10,retail_media,media,149.182535374393,4,3852.95049182828,0.0387190377065043,-10.5844394505888,94.1148748597602,0.0247884257779782,-0.112462981716339
week,2024-03-17,2024-03-17,11,retail_media,media,152.351195214883,4,3871.61238160632,0.0393508389266161,3.16865984048957,21.7359015761926,0.00558642696347111,0.145780005001504
week,2024-03-24,2024-03-24,12,retail_media,media,160.381119917996,4,3893.96960339956,0.0411870497853856,8.02992470311281,2.55579522434755,0.000653225481808351,3.14184979556127
week,2024-03-31,2024-03-31,13,retail_media,media,152.141505744664,4,3791.66582350179,0.0401252412070834,-8.23961417333175,-180.726440298407,-0.0461609946865613,0.0455916365072365
week,2024-04-07,2024-04-07,14,retail_media,media,190.396380925288,4,3894.49910894763,0.0488885414013452,38.2548751806238,186.222428156924,0.0498666703677455,0.205425713536436
week,2024-04-14,2024-04-14,15,retail_media,media,197.443782427562,4,3911.85036558559,0.050473245133446,7.04740150227366,12.1712910310944,0.00310442294310165,0.57901840357522
week,2024-04-21,2024-04-21,16,retail_media,media,198.428916137358,4,3878.23944219281,0.0511646893120049,0.985133709796884,-116.37412362134,-0.0295906507021591,-0.00846522989081603
week,2024-04-28,2024-04-28,17,retail_media,media,196.092532999191,4,3866.80140718919,0.0507118189816043,-2.33638313816724,69.6646715422844,0.0182539019656718,-0.0335375605230424
week,2024-05-05,2024-05-05,18,retail_media,media,199.430566290259,4,3844.0117843554,0.0518808415473423,3.33803329106769,-33.2381515195902,-0.00855310690399325,-0.10042776563854
week,2024-05-12,2024-05-12,19,retail_media,media,196.016821825158,4,3773.70292831273,0.0519428332194658,-3.41374446510116,-103.287669848533,-0.0268081015987798,0.0330508420812211
week,2024-05-19,2024-05-19,20,retail_media,media,193.239627056334,4,3759.9268111709,0.051394518234294,-2.77719476882419,-81.8777987023204,-0.0218366118255288,0.0339187766749948
week,2024-05-26,2024-05-26,21,retail_media,media,150.755636997373,4,3707.80997620326,0.0406589436796715,-42.4839900589608,53.1662944924387,0.0144958633043848,-0.799077506990878
week,2024-06-02,2024-06-02,22,retail_media,media,151.042128932423,4,3676.38990052833,0.0410843607503973,0.286491935050435,-59.584072350146,-0.0160135490446532,-0.00480819661615044
week,2024-06-09,2024-06-09,23,retail_media,media,157.320351588608,4,3744.34717163688,0.042015428692162,6.27822265618482,97.99541692602,0.0267654197407468,0.0640664926291856
week,2024-06-16,2024-06-16,24,retail_media,media,155.555280049455,4,3737.66445455278,0.0416183105628906,-1.76507153915315,38.7939275664548,0.0103195512054755,-0.0454986553276811
week,2024-06-23,2024-06-23,25,retail_media,media,155.826875353998,4,3720.00701859143,0.0418888659551513,0.271595304543553,-78.4153306008257,-0.0206461596010911,-0.00346354854927683
week,2024-06-30,2024-06-30,26,retail_media,media,149.605369912436,4,3581.47312170506,0.0417720208496811,-6.22150544156202,-185.504250405027,-0.0498715121578538,0.0335383444205622
week,2024-07-07,2024-07-07,27,retail_media,media,158.34709275169,4,3583.0358340998,0.0441935554327141,8.74172283925407,57.8000600657056,0.0163547768070027,0.151240722402653
week,2024-07-14,2024-07-14,28,retail_media,media,164.549973249543,4,3537.60479474107,0.046514515554185,6.20288049785231,-109.989871238833,-0.0306213048362619,-0.0563950155408705
week,2024-07-21,2024-07-21,29,retail_media,media,152.517760449607,4,3523.67582185802,0.0432837094444132,-12.0322127999362,0.337752584617647,9.70009996088539e-05,-35.6243396732472
week,2024-07-28,2024-07-28,30,retail_media,media,160.089127228263,4,3512.28096648601,0.0455798180031225,7.57136677865682,73.5822471551705,0.0211304356208319,0.102896650637623
week,2024-08-04,2024-08-04,31,retail_media,media,144.411110718799,4,3393.12915598699,0.0425598626164859,-15.6780165094643,-174.754791329421,-0.0491454453152032,0.0897143728660953
week,2024-08-11,2024-08-11,32,retail_media,media,152.549058767606,4,3366.32112306415,0.0453162527253937,8.13794804880715,8.42042241750596,0.00249042788509879,0.966453658178531
week,2024-08-18,2024-08-18,33,retail_media,media,136.441079438639,4,3364.47979859475,0.0405533953556881,-16.1079793289675,-19.6171638040451,-0.00578756758549504,0.821116624700153
week,2024-08-25,2024-08-25,34,retail_media,media,160.23522436611,4,3356.91431882896,0.0477328907286519,23.7941449274711,41.7710778569303,0.0123952802241325,0.569632055197813
week,2024-09-01,2024-09-01,35,retail_media,media,160.978265084451,4,3336.45420225609,0.0482483065332048,0.743040718341348,-69.554649894656,-0.0203871596877281,-0.0106828331314545
week,2024-09-08,2024-09-08,36,retail_media,media,165.535168350854,4,3437.05608843188,0.0481619048662014,4.55690326640331,3.13811050986851,0.000938954007978721,1.452116887558
week,2024-09-15,2024-09-15,37,retail_media,media,157.06407847509,4,3398.12306360984,0.0462208329524828,-8.4710898757649,45.473284267161,0.0135932973585473,-0.186287179654679
week,2024-09-22,2024-09-22,38,retail_media,media,158.694682101279,4,3399.36491711648,0.0466836264921779,1.6306036261897,-9.12107506088523,-0.00268999080327814,-0.178773183567184
week,2024-09-29,2024-09-29,39,retail_media,media,155.730722042593,4,3304.6517016984,0.0471247006038659,-2.96396005868613,-134.057860311638,-0.0396430327394719,0.0221095581549336
week,2024-10-06,2024-10-06,40,retail_media,media,196.978182379502,4,3381.40280626985,0.0582533917622185,41.2474603369092,158.449098420669,0.0487900955553109,0.260319943426884
week,2024-10-13,2024-10-13,41,retail_media,media,194.268037416168,4,3397.16829483069,0.0571852850833962,-2.71014496333402,-44.2272983755875,-0.012985053108858,0.0612776511990151
week,2024-10-20,2024-10-20,42,retail_media,media,192.396926326,4,3406.28361737704,0.0564829438583722,-1.87111109016834,54.5252738557938,0.0162191258991771,-0.0343163996776427
week,2024-10-27,2024-10-27,43,retail_media,media,198.34557247457,4,3449.50097165192,0.0574997873908658,5.94864614857031,-24.4002405305532,-0.00714227113093491,-0.243794570021619
week,2024-11-03,2024-11-03,44,retail_media,media,201.898944027764,4,3473.37047582309,0.058127673230688,3.55337155319367,46.3636545338172,0.0136688779388929,0.0766413171895644
week,2024-11-10,2024-11-10,45,retail_media,media,189.205459692658,4,3428.09541484092,0.0551925885357653,-12.6934843351057,-12.1163556435613,-0.00352396108440511,1.04763220134192
week,2024-11-17,2024-11-17,46,retail_media,media,195.192106301593,4,3471.93185161533,0.0562200281122394,5.98664660893482,56.8869872647993,0.0166037109912029,0.10523754019646
week,2024-11-24,2024-11-24,47,retail_media,media,155.268252516599,4,3433.77615466368,0.0452179307919409,-39.9238537849936,19.361901996188,0.00555889611517912,-2.06197995387302
week,2024-12-01,2024-12-01,48,retail_media,media,167.075432828465,4,3502.86093268954,0.0476968501002356,11.8071803118653,-15.8206383721213,-0.00451707219166431,-0.746315036988115
week,2024-12-08,2024-12-08,49,retail_media,media,168.48331367172,4,3587.19473402437,0.0469679864529418,1.4078808432557,91.6798409050839,0.0262949931790253,0.0153564930889581
week,2024-12-15,2024-12-15,50,retail_media,media,150.04709433683,4,3668.14529128416,0.0409054392401947,-18.4362193348901,66.0927035528293,0.0184705793840811,-0.278944850851102
week,2024-12-22,2024-12-22,51,retail_media,media,147.92297586177,4,3686.01821521575,0.0401308314894237,-2.1241184750607,-11.3418113399766,-0.00311215294673028,0.187282120235397
week,2024-12-29,2024-12-29,52,retail_media,media,160.45450130953,4,3602.59194047272,0.0445386277326973,12.5315254477604,-29.8220156631064,-0.00820860212435981,-0.420210544764198
week,2025-01-05,2025-01-05,53,retail_media,media,157.329506080316,4,3712.65846946138,0.0423765092788459,-3.12499522921402,109.081236872446,0.0302734508193063,-0.0286483296194031
week,2025-01-12,2025-01-12,54,retail_media,media,156.527999927411,4,3737.22638101067,0.0418834675690908,-0.801506152905006,35.3064356616355,0.00951071662144809,-0.0227014179677144
week,2025-01-19,2025-01-19,55,retail_media,media,152.085717415585,4,3788.75344286895,0.0401413603996414,-4.44228251182642,65.7113792463806,0.0175343235138634,-0.0676029412679099
week,2025-01-26,2025-01-26,56,retail_media,media,164.775116368197,4,3827.43893344137,0.0430510111940683,12.6893989526125,15.0969519960086,0.00395902859544206,0.840527210788468
week,2025-02-02,2025-02-02,57,retail_media,media,160.982512324885,4,3815.36992260232,0.0421931596648656,-3.79260404331166,-38.1423818977391,-0.00996302419464024,0.099432805572545
week,2025-02-09,2025-02-09,58,retail_media,media,155.448296651987,4,3806.18465551776,0.0408409761272711,-5.53421567289882,51.3963108118669,0.0135601316735141,-0.1076772940602
week,2025-02-16,2025-02-16,59,retail_media,media,156.842994793948,4,3812.43596989503,0.0411398371100423,1.39469814196116,35.1288059896551,0.00914420237829061,0.0397024066907334
week,2025-02-23,2025-02-23,60,retail_media,media,165.36802225669,4,3831.57037942035,0.0431593330883062,8.52502746274269,-62.642579786851,-0.016158418272468,-0.136089980517248
week,2025-03-02,2025-03-02,61,retail_media,media,150.117160959733,4,3835.31649244802,0.0391407492068316,-15.2508612969575,46.7355475366589,0.0122532521986722,-0.326322512537055
week,2025-03-09,2025-03-09,62,retail_media,media,160.69895803071,4,4009.48978698835,0.0400796526660855,10.5817970709773,146.0749104291,0.0378347165929109,0.0724408937845171
week,2025-03-16,2025-03-16,63,retail_media,media,151.759110816265,4,3989.83758093212,0.0380364131967523,-8.93984721444534,2.52851046594196,0.000631032050516067,-3.53561803870759
week,2025-03-23,2025-03-23,64,retail_media,media,162.850070497791,4,4029.01830976851,0.0404192927351446,11.0909596815261,-2.99025141900165,-0.000745796601736348,-3.70903918347743
week,2025-03-30,2025-03-30,65,retail_media,media,148.820104585981,4,3927.99444035953,0.0378870456273761,-14.0299659118096,-44.6276177676623,-0.0111388515465245,0.314378553317625
week,2025-04-06,2025-04-06,66,retail_media,media,191.643179716983,4,4000.9449439398,0.0478994793485633,42.8230751310017,56.730806685795,0.0143192527895057,0.754846927669801
week,2025-04-13,2025-04-13,67,retail_media,media,204.633465136736,4,3978.60953087269,0.0514334124896771,12.9902854197528,-78.3955782318485,-0.0195082492539265,-0.165701761664862
week,2025-04-20,2025-04-20,68,retail_media,media,197.089768726707,4,3959.64984758608,0.0497745447989191,-7.54369641002919,-10.3367355335427,-0.00262341011642753,0.729794855014906
week,2025-04-27,2025-04-27,69,retail_media,media,199.118452875103,4,3946.47958643571,0.0504547023528222,2.02868414839608,8.26281418038207,0.00210257550117143,0.245519759262247
week,2025-05-04,2025-05-04,70,retail_media,media,198.991659087091,4,3952.58095803433,0.0503447396017542,-0.126793788012179,89.5358899734642,0.0227357136134407,-0.00141612249623874
week,2025-05-11,2025-05-11,71,retail_media,media,186.403381228966,4,3883.91518251607,0.0479936796941613,-12.5882778581244,-218.81883034314,-0.0543291244228016,0.0575283116100387
week,2025-05-18,2025-05-18,72,retail_media,media,186.735879886532,4,3810.06734409545,0.0490111756622677,0.332498657565338,12.0083405835194,0.00315276061541847,0.0276889762788432
week,2025-05-25,2025-05-25,73,retail_media,media,139.560579918324,4,3813.93513537387,0.0365922793557535,-47.1752999682072,-19.3796268083534,-0.00507208282350924,2.43427288021216
week,2025-06-01,2025-06-01,74,retail_media,media,147.961757161181,4,3756.032402944,0.0393930992302428,8.40117724285619,-40.5803390943815,-0.0106749286672717,-0.207025801911531
week,2025-06-08,2025-06-08,75,retail_media,media,168.459268774224,4,3906.73033475753,0.0431202704920455,20.4975116130438,97.969280429008,0.0260495492635986,0.209223866127066
week,2025-06-15,2025-06-15,76,retail_media,media,156.620007084607,4,3857.75186454436,0.0405987768482631,-11.839261689617,-15.0021532126889,-0.00388772517979119,0.789170829131604
week,2025-06-22,2025-06-22,77,retail_media,media,153.2061873907,4,3779.9639271664,0.0405311241966134,-3.41381969390764,-147.105032024246,-0.0382702410778708,0.0232066819668342
week,2025-06-29,2025-06-29,78,retail_media,media,156.211463129646,4,3672.65767965869,0.0425336300725319,3.00527573894604,11.0400636508248,0.00298642898301504,0.272215435888499
week,2024-01-07,2024-01-07,1,tv,media,297.03425850138,4,3572.13048720357,0.0831532497386208,,,,
week,2024-01-14,2024-01-14,2,tv,media,340.578285293986,4,3632.73346116553,0.0937526215272381,43.5440267926064,-0.372818702318455,-0.000103120127355583,-116.796787612366
week,2024-01-21,2024-01-21,3,tv,media,329.099048806377,4,3640.77833254255,0.0903924981822636,-11.4792364876087,-5.88772327763627,-0.00162868811447847,1.94969021917369
week,2024-01-28,2024-01-28,4,tv,media,343.258574513979,4,3695.16202202334,0.092894052403695,14.1595257076022,72.0034453730655,0.0199504052522426,0.196650669065051
week,2024-02-04,2024-02-04,5,tv,media,343.773475509931,4,3715.09671096906,0.0925341928501938,0.514900995951848,62.2528562939992,0.0169113653357214,0.00827112242882711
week,2024-02-11,2024-02-11,6,tv,media,359.905348103153,4,3657.71629491862,0.0983961901591826,16.1318725932221,-130.541433011235,-0.034872626934688,-0.123576647054531
week,2024-02-18,2024-02-18,7,tv,media,378.602957015369,4,3702.591303467,0.102253510037918,18.6976089122155,87.4419350318494,0.0242031233581117,0.213828855747591
week,2024-02-25,2024-02-25,8,tv,media,377.081468943818,4,3717.61235268866,0.101431088873778,-1.52148807155095,-82.9769806507056,-0.0224245215901241,0.0183362669938028
week,2024-03-03,2024-03-03,9,tv,media,385.358242201958,4,3776.09147414835,0.102052146999133,8.2767732581404,179.424806918469,0.0496018354314638,0.0461294812032395
week,2024-03-10,2024-03-10,10,tv,media,397.479759002278,4,3852.95049182828,0.103162436124028,12.1215168003193,94.1148748597602,0.0247884257779782,0.128794909607876
week,2024-03-17,2024-03-17,11,tv,media,392.094927051967,4,3871.61238160632,0.101274324081298,-5.38483195031085,21.7359015761926,0.00558642696347111,-0.247739065777187
week,2024-03-24,2024-03-24,12,tv,media,376.98649626459,4,3893.96960339956,0.0968129016557984,-15.1084307873768,2.55579522434755,0.000653225481808351,-5.911440260725
week,2024-03-31,2024-03-31,13,tv,media,392.497204867214,4,3791.66582350179,0.103515769357734,15.5107086026238,-180.726440298407,-0.0461609946865613,-0.0858242356625473
week,2024-04-07,2024-04-07,14,tv,media,381.397856603903,4,3894.49910894763,0.0979324544529076,-11.0993482633113,186.222428156924,0.0498666703677455,-0.0596026395593888
week,2024-04-14,2024-04-14,15,tv,media,392.848751094653,4,3911.85036558559,0.100425301169679,11.4508944907507,12.1712910310944,0.00310442294310165,0.940811821974906
week,2024-04-21,2024-04-21,16,tv,media,381.430325257798,4,3878.23944219281,0.0983514120113561,-11.4184258368557,-116.37412362134,-0.0295906507021591,0.0981182541404927
week,2024-04-28,2024-04-28,17,tv,media,393.912871882528,4,3866.80140718919,0.101870468741984,12.4825466247306,69.6646715422844,0.0182539019656718,0.179180441799026
week,2024-05-05,2024-05-05,18,tv,media,380.333317289422,4,3844.0117843554,0.0989417667337353,-13.5795545931065,-33.2381515195902,-0.00855310690399325,0.408553242953444
week,2024-05-12,2024-05-12,19,tv,media,381.585708249087,4,3773.70292831273,0.101117050148857,1.25239095966521,-103.287669848533,-0.0268081015987798,-0.0121252707269104
week,2024-05-19,2024-05-19,20,tv,media,366.645694057358,4,3759.9268111709,0.0975140507969565,-14.9400141917291,-81.8777987023204,-0.0218366118255288,0.182467218568562
week,2024-05-26,2024-05-26,21,tv,media,374.680753352149,4,3707.80997620326,0.101051767959213,8.03505929479104,53.1662944924387,0.0144958633043848,0.151130699844688
week,2024-06-02,2024-06-02,22,tv,media,347.365888379947,4,3676.38990052833,0.0944855953200251,-27.3148649722014,-59.584072350146,-0.0160135490446532,0.458425614343468
week,2024-06-09,2024-06-09,23,tv,media,339.544425604101,4,3744.34717163688,0.0906818759158129,-7.8214627758465,97.99541692602,0.0267654197407468,-0.0798145772648856
week,2024-06-16,2024-06-16,24,tv,media,332.871778393464,4,3737.66445455278,0.0890587644880746,-6.6726472106368,38.7939275664548,0.0103195512054755,-0.172002362978237
week,2024-06-23,2024-06-23,25,tv,media,330.019107516621,4,3720.00701859143,0.0887146464690226,-2.85267087684298,-78.4153306008257,-0.0206461596010911,0.0363789944515383
week,2024-06-30,2024-06-30,26,tv,media,312.390407351722,4,3581.47312170506,0.0872239988228641,-17.6287001648993,-185.504250405027,-0.0498715121578538,0.0950312465962858
week,2024-07-07,2024-07-07,27,tv,media,295.930616338213,4,3583.0358340998,0.0825921453315754,-16.4597910135085,57.8000600657056,0.0163547768070027,-0.28477117488801
week,2024-07-14,2024-07-14,28,tv,media,284.272967716866,4,3537.60479474107,0.0803574690252176,-11.657648621347,-109.989871238833,-0.0306213048362619,0.105988383203336
week,2024-07-21,2024-07-21,29,tv,media,291.841261505962,4,3523.67582185802,0.0828229599600554,7.568293789096,0.337752584617647,9.70009996088539e-05,22.4078042146256
week,2024-07-28,2024-07-28,30,tv,media,267.669079549157,4,3512.28096648601,0.0762094724491693,-24.172181956805,73.5822471551705,0.0211304356208319,-0.328505623181507
week,2024-08-04,2024-08-04,31,tv,media,230.836131712788,4,3393.12915598699,0.068030458347125,-36.8329478363691,-174.754791329421,-0.0491454453152032,0.210769316000826
week,2024-08-11,2024-08-11,32,tv,media,232.068308359605,4,3366.32112306415,0.0689382562969417,1.23217664681664,8.42042241750596,0.00249042788509879,0.146331927986767
week,2024-08-18,2024-08-18,33,tv,media,220.600988418742,4,3364.47979859475,0.0655676364919417,-11.4673199408632,-19.6171638040451,-0.00578756758549504,0.584555446210761
week,2024-08-25,2024-08-25,34,tv,media,230.94777686946,4,3356.91431882896,0.068797638228081,10.346788450718,41.7710778569303,0.0123952802241325,0.247702213626296
week,2024-09-01,2024-09-01,35,tv,media,201.448429131941,4,3336.45420225609,0.0603779991931921,-29.499347737519,-69.554649894656,-0.0203871596877281,0.424117550475738
week,2024-09-08,2024-09-08,36,tv,media,212.914513036184,4,3437.05608843188,0.0619467671047882,11.4660839042431,3.13811050986851,0.000938954007978721,3.65381775695451
week,2024-09-15,2024-09-15,37,tv,media,216.380848182084,4,3398.12306360984,0.0636765779613118,3.46633514589973,45.473284267161,0.0135932973585473,0.0762279479426777
week,2024-09-22,2024-09-22,38,tv,media,219.071686291497,4,3399.36491711648,0.0644448865105441,2.69083810941333,-9.12107506088523,-0.00268999080327814,-0.295013262302019
week,2024-09-29,2024-09-29,39,tv,media,223.306577767047,4,3304.6517016984,0.0675734080091648,4.23489147555009,-134.057860311638,-0.0396430327394719,-0.0315900273635984
week,2024-10-06,2024-10-06,40,tv,media,208.067163781883,4,3381.40280626985,0.0615327944355172,-15.2394139851637,158.449098420669,0.0487900955553109,-0.0961786096422235
week,2024-10-13,2024-10-13,41,tv,media,200.836418228065,4,3397.16829483069,0.0591187721060709,-7.23074555381811,-44.2272983755875,-0.012985053108858,0.163490554915046
week,2024-10-20,2024-10-20,42,tv,media,210.254636476678,4,3406.28361737704,0.0617255226206273,9.41821824861324,54.5252738557938,0.0162191258991771,0.172731241543548
week,2024-10-27,2024-10-27,43,tv,media,211.266395045396,4,3449.50097165192,0.0612454951546871,1.0117585687176,-24.4002405305532,-0.00714227113093491,-0.0414651063562551
week,2024-11-03,2024-11-03,44,tv,media,226.983418968998,4,3473.37047582309,0.0653496137394355,15.7170239236025,46.3636545338172,0.0136688779388929,0.338994500792396
week,2024-11-10,2024-11-10,45,tv,media,226.509678556003,4,3428.09541484092,0.0660744965193783,-0.473740412995568,-12.1163556435613,-0.00352396108440511,0.0390992495542434
week,2024-11-17,2024-11-17,46,tv,media,225.643203545211,4,3471.93185161533,0.0649906775791783,-0.866475010791532,56.8869872647993,0.0166037109912029,-0.0152315151927143
week,2024-11-24,2024-11-24,47,tv,media,251.419232480695,4,3433.77615466368,0.0732194590317783,25.7760289354835,19.361901996188,0.00555889611517912,1.33127566395896
week,2024-12-01,2024-12-01,48,tv,media,280.790646523327,4,3502.86093268954,0.0801603751673156,29.371414042632,-15.8206383721213,-0.00451707219166431,-1.85652521420309
week,2024-12-08,2024-12-08,49,tv,media,261.640082143588,4,3587.19473402437,0.0729372396937207,-19.1505643797392,91.6798409050839,0.0262949931790253,-0.208885227010437
week,2024-12-15,2024-12-15,50,tv,media,309.725092540515,4,3668.14529128416,0.0844364298427463,48.0850103969274,66.0927035528293,0.0184705793840811,0.727538863022784
week,2024-12-22,2024-12-22,51,tv,media,309.039059067523,4,3686.01821521575,0.0838408930785586,-0.686033472992335,-11.3418113399766,-0.00311215294673028,0.0604871173067625
week,2024-12-29,2024-12-29,52,tv,media,306.22681627001,4,3602.59194047272,0.0850018046256519,-2.81224279751274,-29.8220156631064,-0.00820860212435981,0.0943008959985168
week,2025-01-05,2025-01-05,53,tv,media,311.681871790696,4,3712.65846946138,0.0839511294546611,5.45505552068596,109.081236872446,0.0302734508193063,0.0500091095140847
week,2025-01-12,2025-01-12,54,tv,media,332.710766116291,4,3737.22638101067,0.0890261204958942,21.0288943255949,35.3064356616355,0.00951071662144809,0.595610798187855
week,2025-01-19,2025-01-19,55,tv,media,338.455831022459,4,3788.75344286895,0.0893317119010445,5.7450649061683,65.7113792463806,0.0175343235138634,0.0874287676207121
week,2025-01-26,2025-01-26,56,tv,media,341.299011453306,4,3827.43893344137,0.0891716412432565,2.84318043084681,15.0969519960086,0.00395902859544206,0.188328109647465
week,2025-02-02,2025-02-02,57,tv,media,365.244759520372,4,3815.36992260232,0.0957298419103887,23.9457480670657,-38.1423818977391,-0.00996302419464024,-0.627798969955912
week,2025-02-09,2025-02-09,58,tv,media,375.612185896955,4,3806.18465551776,0.0986846986922815,10.3674263765837,51.3963108118669,0.0135601316735141,0.201715380205654
week,2025-02-16,2025-02-16,59,tv,media,372.95375579226,4,3812.43596989503,0.0978255789047464,-2.65843010469564,35.1288059896551,0.00914420237829061,-0.0756766428519804
week,2025-02-23,2025-02-23,60,tv,media,375.11064013667,4,3831.57037942035,0.0978999738988008,2.15688434441051,-62.642579786851,-0.016158418272468,-0.0344316015041139
week,2025-03-02,2025-03-02,61,tv,media,386.092935900573,4,3835.31649244802,0.100667816244322,10.9822957639032,46.7355475366589,0.0122532521986722,0.234988062465487
week,2025-03-09,2025-03-09,62,tv,media,403.955404008936,4,4009.48978698835,0.100749827401945,17.8624681083631,146.0749104291,0.0378347165929109,0.122282930421737
week,2025-03-16,2025-03-16,63,tv,media,387.524811566763,4,3989.83758093212,0.0971279666668105,-16.4305924421736,2.52851046594196,0.000631032050516067,-6.49813107894437
week,2025-03-23,2025-03-23,64,tv,media,388.233385896625,4,4029.01830976851,0.0963593004666518,0.708574329862415,-2.99025141900165,-0.000745796601736348,-0.236961455936366
week,2025-03-30,2025-03-30,65,tv,media,392.260311847856,4,3927.99444035953,0.0998627461936917,4.02692595123074,-44.6276177676623,-0.0111388515465245,-0.0902339437474679
week,2025-04-06,2025-04-06,66,tv,media,374.607206088185,4,4000.9449439398,0.0936296828217044,-17.6531057596708,56.730806685795,0.0143192527895057,-0.311173184217932
week,2025-04-13,2025-04-13,67,tv,media,384.273415727838,4,3978.60953087269,0.0965848527597402,9.66620963965278,-78.3955782318485,-0.0195082492539265,-0.123300444459581
week,2025-04-20,2025-04-20,68,tv,media,380.658851333766,4,3959.64984758608,0.0961344729928146,-3.61456439407175,-10.3367355335427,-0.00262341011642753,0.349681423341296
week,2025-04-27,2025-04-27,69,tv,media,372.715646585751,4,3946.47958643571,0.0944425629025921,-7.94320474801572,8.26281418038207,0.00210257550117143,-0.961319542544575
week,2025-05-04,2025-05-04,70,tv,media,373.728393782727,4,3952.58095803433,0.0945530016337949,1.01274719697625,89.5358899734642,0.0227357136134407,0.011311075338352
week,2025-05-11,2025-05-11,71,tv,media,378.120948162566,4,3883.91518251607,0.0973556142175103,4.39255437983883,-218.81883034314,-0.0543291244228016,-0.0200739322705941
week,2025-05-18,2025-05-18,72,tv,media,362.253554134599,4,3810.06734409545,0.0950779924391604,-15.8673940279668,12.0083405835194,0.00315276061541847,-1.32136442313634
week,2025-05-25,2025-05-25,73,tv,media,352.225969192337,4,3813.93513537387,0.0923523753525527,-10.0275849422619,-19.3796268083534,-0.00507208282350924,0.517429207560367
week,2025-06-01,2025-06-01,74,tv,media,359.105723966903,4,3756.032402944,0.0956077279007053,6.87975477456592,-40.5803390943815,-0.0106749286672717,-0.169534186458251
week,2025-06-08,2025-06-08,75,tv,media,346.341641030179,4,3906.73033475753,0.0886525588799501,-12.7640829367234,97.969280429008,0.0260495492635986,-0.130286584537821
week,2025-06-15,2025-06-15,76,tv,media,336.86103160403,4,3857.75186454436,0.0873205544140969,-9.48060942614944,-15.0021532126889,-0.00388772517979119,0.631949913571787
week,2025-06-22,2025-06-22,77,tv,media,332.432893042888,4,3779.9639271664,0.0879460490756832,-4.42813856114174,-147.105032024246,-0.0382702410778708,0.0301018836691588
week,2025-06-29,2025-06-29,78,tv,media,314.550327347703,4,3672.65767965869,0.0856465139917248,-17.8825656951851,11.0400636508248,0.00298642898301504,-1.61978827847149
