variable,spend_multiplier,spend,support,current_support,support_cost_per_unit,support_unit,support_cost_source,current_multiplier,contribution,contribution_vs_current,roi,mroi,incremental_spend_for_mroi,incremental_contribution_for_mroi,cost_per_kpi,value_per_cost,decisioning_basis
display,0,0,0,11050.234260124,,,,1,0,-7886.24468344324,,0.238741353967245,442.009370404962,105.52591555669,,,response_curve_table_point_estimate
display,0.05,2210.04685202481,552.511713006202,11050.234260124,,,,1,527.629577783451,-7358.61510565978,0.238741353967245,0.231106990343416,442.009370404962,102.151455297879,4.18863336151306,7.16224061901735,response_curve_table_point_estimate
display,0.1,4420.09370404962,1105.0234260124,11050.234260124,,,,1,1038.38685427284,-6847.85782917039,0.23492417215533,0.223716754965373,442.009370404961,98.8849020112855,4.25669266310666,7.0477251646599,response_curve_table_point_estimate
display,0.15,6630.14055607443,1657.53513901861,11050.234260124,,,,1,1532.81136432927,-6353.43331911396,0.231188366425344,0.216562841209891,442.009370404962,95.7228050962935,4.32547716592358,6.93565099276033,response_curve_table_point_estimate
display,0.2,8840.18740809924,2210.04685202481,11050.234260124,,,,1,2011.42538981074,-5874.8192936325,0.227531985121481,0.209637692090426,442.009370404961,92.6618242940385,4.39498648713539,6.82595955364443,response_curve_table_point_estimate
display,0.25,11050.234260124,2762.55856503101,11050.234260124,,,,1,2474.73451128093,-5411.5101721623,0.22395312651527,0.202933992274355,442.009370404961,89.6987261589529,4.46522009118643,6.7185937954581,response_curve_table_point_estimate
display,0.3,13260.2811121489,3315.07027803721,11050.234260124,,,,1,2923.2281420757,-4963.01654136754,0.220449937475117,0.196444660355469,442.009370404963,86.8303806431377,4.53617729019711,6.61349812425352,response_curve_table_point_estimate
display,0.35,15470.3279641737,3867.58199104342,11050.234260124,,,,1,3357.38004529138,-4528.86463815185,0.217020612172311,0.19016284137358,442.009370404961,84.0537577899545,4.60785724448154,6.51061836516932,response_curve_table_point_estimate
display,0.4,17680.3748161985,4420.09370404962,11050.234260124,,,,1,3777.64883424116,-4108.59584920208,0.213663390822469,0.184081899573334,442.009370404961,81.3659245333588,4.68025896317863,6.40990172467408,response_curve_table_point_estimate
display,0.45,19890.4216682233,4972.60541705582,11050.234260124,,,,1,4184.47845690795,-3701.76622653528,0.210376558461454,0.178195411394581,442.009370404961,78.764041599572,4.75338130499565,6.31129675384363,response_curve_table_point_estimate
display,0.5,22100.4685202481,5525.11713006202,11050.234260124,,,,1,4578.29866490581,-3307.94601853743,0.207158443754767,0.17249715868688,442.009370404961,76.2453605078326,4.82722297906329,6.214753312643,response_curve_table_point_estimate
display,0.55,24310.5153722729,6077.62884306823,11050.234260124,,,,1,4959.52546744497,-2926.71921599827,0.204007417839504,0.166981122141013,442.009370404961,73.8072206670631,4.90178254590093,6.12022253518513,response_curve_table_point_estimate
display,0.6,26520.5622242977,6630.14055607443,11050.234260124,,,,1,5328.56157078028,-2557.68311266295,0.200921893197963,0.161641474930522,442.009370404961,71.4470465653694,4.97705841849064,6.0276567959389,response_curve_table_point_estimate
display,0.65,28730.6090763225,7182.65226908063,11050.234260124,,,,1,5685.79680360713,-2200.4478798361,0.197900322562006,0.156472576556591,442.009370404961,69.1623450494208,5.05304886345842,5.93700967686019,response_curve_table_point_estimate
display,0.7,30940.6559283473,7735.16398208683,11050.234260124,,,,1,6031.60852885424,-1854.636154589,0.194941197847334,0.151468966889728,442.009370404961,66.9507026908186,5.12975200236094,5.84823593542001,response_curve_table_point_estimate
display,0.75,33150.7027803721,8287.67569509304,11050.234260124,,,,1,6366.36204230833,-1519.88264113491,0.192043049116827,0.146625360402009,442.009370404965,64.809783236693,5.20716581307593,5.7612914735048,response_curve_table_point_estimate
display,0.8,35360.749632397,8840.18740809924,11050.234260124,,,,1,6690.41095849179,-1195.83372495144,0.189204443572151,0.141936640583753,442.009370404965,62.7373251418203,5.28528813129415,5.67613330716452,response_curve_table_point_estimate
display,0.85,37570.7964844218,9392.69912110544,11050.234260124,,,,1,7004.09758420089,-882.147099242342,0.186423984572833,0.13739785453871,442.009370404965,60.7311391796484,5.3641166521109,5.59271953718499,response_curve_table_point_estimate
display,0.9,39780.8433364466,9945.21083411164,11050.234260124,,,,1,7307.75328009913,-578.491403344103,0.183700310682048,0.133004207752125,442.009370404965,58.7891061297278,5.44364893171475,5.51100932046145,response_curve_table_point_estimate
display,0.95,41990.8901884714,10497.7225471178,11050.234260124,,,,1,7601.69881074777,-284.545872695462,0.181032094738368,0.128751059026085,442.009370404965,56.9091745390924,5.52388238917095,5.43096284215105,response_curve_table_point_estimate
display,1,44200.9370404962,11050.234260124,11050.234260124,,,,1,7886.24468344324,0,0.178418042952754,0.124633915576808,442.009370404965,55.0893585552103,5.6048143082973,5.35254128858263,response_curve_table_point_estimate
display,1.05,46410.983892521,11602.7459731303,11050.234260124,,,,1,8161.69147621929,275.44679277605,0.17585689403009,0.120648428288726,442.009370404965,53.3277358282485,5.68644183962952,5.2757068209027,response_curve_table_point_estimate
display,1.1,48621.0307445458,12155.2576861365,11050.234260124,,,,1,8428.33015536053,542.085471917296,0.173347418314574,0.116790387120354,442.009370404965,51.6224454804196,5.76876200247355,5.20042254943721,response_curve_table_point_estimate
display,1.15,50831.0775965706,12707.7693991427,11050.234260124,,,,1,8686.44238276263,800.19769931939,0.170888416958303,0.113055716656988,442.009370404965,49.9716861402376,5.85177168704184,5.1266525087491,response_curve_table_point_estimate
display,1.2,53041.1244485954,13260.2811121489,11050.234260124,,,,1,8936.30081346381,1050.05613002058,0.168478721112415,0.109440471805735,442.009370404965,48.3737140396752,5.9354676566708,5.05436163337245,response_curve_table_point_estimate
display,1.25,55251.1713006202,13812.7928251551,11050.234260124,,,,1,9178.16938366218,1291.92470021895,0.166117191140148,0.105940833628078,442.009370404965,46.8268411721238,6.01984655011612,4.98351573420444,response_curve_table_point_estimate
display,1.3,57461.218152645,14365.3045381613,11050.234260124,,,,1,9412.30358952281,1526.05890607957,0.163802715851222,0.102553105305824,442.009370404965,45.3294335093015,6.10490488392314,4.91408147553667,response_curve_table_point_estimate
display,1.35,59671.2650046699,14917.8162511675,11050.234260124,,,,1,9638.95075706931,1752.70607362607,0.161534211756948,0.0992737082359527,442.009370404965,43.8799092751397,6.19063905486874,4.84602635270844,response_curve_table_point_estimate
display,1.4,61881.3118566947,15470.3279641737,11050.234260124,,,,1,9858.35030344501,1972.10562000177,0.159310622345484,0.0960991782504041,442.009370404965,42.4767372748956,6.27704534247177,4.77931867036452,response_curve_table_point_estimate
display,1.45,64091.3587087195,16022.8396771799,11050.234260124,,,,1,10070.7339898195,2184.48930637625,0.157130917376688,0.093026161956732,442.009370404965,41.1184352776854,6.36411991156846,4.71392752130065,response_curve_table_point_estimate
display,1.5,66301.4055607443,16575.3513901861,11050.234260124,,,,1,10276.3261662079,2390.08148276468,0.154994092196023,0.0900514131957573,442.009370404965,39.803568450734,6.45185881494946,4.64982276588069,response_curve_table_point_estimate
display,1.55,68511.4524127691,17127.8631031923,11050.234260124,,,,1,10475.3440084616,2589.09932501835,0.152899167066982,0.087171789612529,442.009370404965,38.530747843708,6.54025799605513,4.58697501200947,response_curve_table_point_estimate
display,1.6,70721.4992647939,17680.3748161985,11050.234260124,,,,1,10667.9977476801,2781.75306423689,0.150845186521531,0.0843842493368998,442.009370404965,37.2986289214987,6.62931329172553,4.52535559564592,response_curve_table_point_estimate
display,1.65,72931.5461168187,18232.8865292047,11050.234260124,,,,1,10854.4908922876,2968.24620884439,0.148831218728057,0.0816858477702832,442.009370404965,36.1059101439387,6.71902043500155,4.46493656184171,response_curve_table_point_estimate
display,1.7,75141.5929688435,18785.3982422109,11050.234260124,,,,1,11035.0204430073,3148.77575956408,0.146856354876358,0.0790737344751363,442.009370404965,34.9513315909244,6.80937505797367,4.40569064629073,response_curve_table_point_estimate
display,1.75,77351.6398208683,19337.9099552171,11050.234260124,,,,1,11209.7771009619,3323.5324175187,0.14491970857918,0.0765451501639302,442.009370404965,33.8336736315123,6.90037269467478,4.3475912573754,response_curve_table_point_estimate
display,1.8,79561.6866728931,19890.4216682233,11050.234260124,,,,1,11378.9454691195,3492.70078567626,0.143020415289868,0.0740974237843956,442.009370404965,32.7517556355706,6.99200878401341,4.29061245869603,response_curve_table_point_estimate
display,1.85,81771.733524918,20442.9333812295,11050.234260124,,,,1,11542.7042472973,3656.45956385411,0.141157631735666,0.0717279696979564,442.009370404965,31.7044347266201,7.08427867274381,4.23472895206997,response_curve_table_point_estimate
display,1.9,83981.7803769428,20995.4450942357,11050.234260124,,,,1,11701.2264209304,3814.98173748721,0.139330535366252,0.0694342849484425,442.009370404965,30.69060457458,7.17717761846923,4.17991606098757,response_curve_table_point_estimate
display,1.95,86191.8272289676,21547.9568072419,11050.234260124,,,,1,11854.6794438033,3968.43476036011,0.137538323817078,0.0672139466180767,442.009370404965,29.709194227089,7.27070079267488,4.12614971451233,response_curve_table_point_estimate
display,2,88401.8740809924,22100.4685202481,11050.234260124,,,,1,12003.2254149388,4116.98073149556,0.135780214387103,0.0650646092680606,442.00937040495,28.7591669782196,7.36484328378691,4.07340643161308,response_curve_table_point_estimate
display,2.05,90611.9209330172,22652.9802332543,11050.234260124,,,,1,12147.0212498299,4260.77656638666,0.134055443530541,0.0629840024609858,442.00937040495,27.8395192733642,7.45960010025389,4.02166330591622,response_curve_table_point_estimate
display,2.1,92821.967785042,23205.4919462605,11050.234260124,,,,1,12286.2188461967,4399.97416275348,0.132363266362218,0.0609699283624661,442.00937040495,26.9492796491286,7.55496617364712,3.97089799086654,response_curve_table_point_estimate
display,2.15,95032.0146370668,23758.0036592667,11050.234260124,,,,1,12420.9652444424,4534.72056099913,0.130702956176177,0.0590202594194722,442.00937040495,26.0875077071378,7.65093636177655,3.92108868528531,response_curve_table_point_estimate
display,2.2,97242.0614890916,24310.5153722729,11050.234260124,,,,1,12551.4027829781,4665.15809953482,0.129073803977161,,0,0,7.74750545181844,3.87221411931483,response_curve_table_point_estimate
paid_search,0,0,0,21803.4494372756,,,,1,0,-22688.2382321364,,0.161303736472996,1962.3104493548,316.528007600932,,,response_curve_table_point_estimate
paid_search,0.05,9811.552246774,1090.17247186378,21803.4494372756,,,,1,1582.64003800466,-21105.5981941317,0.161303736472996,0.1553668585283,1962.3104493548,304.878009973513,6.19948441285744,4.83911209418987,response_curve_table_point_estimate
paid_search,0.1,19623.104493548,2180.34494372756,21803.4494372756,,,,1,3107.03008787223,-19581.2081442641,0.158335297500648,0.149648490833279,1962.3104493548,293.656797292319,6.31571112559982,4.75005892501944,response_curve_table_point_estimate
paid_search,0.15,29434.656740322,3270.51741559134,21803.4494372756,,,,1,4575.31407433383,-18112.9241578025,0.155439695278192,0.14414059099096,1962.3104493548,282.848587877738,6.43336310078511,4.66319085834575,response_curve_table_point_estimate
paid_search,0.2,39246.208987096,4360.68988745511,21803.4494372756,,,,1,5989.55701372251,-16698.6812184139,0.152614919206384,0.138835412609473,1962.3104493548,272.438180904054,6.55243933686249,4.57844757619152,response_curve_table_point_estimate
paid_search,0.25,49057.76123387,5450.86235931889,21803.4494372756,,,,1,7351.74791824279,-15336.4903138936,0.149859017887002,0.133725494407412,1962.3104493548,262.410935020801,6.67293843306801,4.49577053661005,response_curve_table_point_estimate
paid_search,0.3,58869.313480644,6541.03483118267,21803.4494372756,,,,1,8663.80259334679,-14024.4356387896,0.14717009730707,0.128803649720176,1962.3104493548,252.752747760936,6.79485859082843,4.4151029192121,response_curve_table_point_estimate
paid_search,0.35,68680.865727418,7631.20730304645,21803.4494372756,,,,1,9927.56633215147,-12760.6718999849,0.144546319080371,0.124062956392542,1962.3104493548,243.450035706934,6.91819761556141,4.33638957241112,response_curve_table_point_estimate
paid_search,0.4,78492.4179741921,8721.37977491023,21803.4494372756,,,,1,11144.8165106861,-11543.4217214502,0.141985898744392,0.119496747043238,1962.3104493548,234.489715386853,7.04295291886862,4.25957696233176,response_curve_table_point_estimate
paid_search,0.45,88303.970220966,9811.552246774,21803.4494372756,,,,1,12317.2650876204,-10370.973144516,0.13948710411093,0.115098599687843,1962.3104493548,225.85918487356,7.16912152111729,4.18461312332792,response_curve_table_point_estimate
paid_search,0.5,98115.52246774,10901.7247186378,21803.4494372756,,,,1,13446.5610119882,-9241.67722014818,0.137048253668622,0.110862328706815,1962.3104493548,217.546306061189,7.29670005440542,4.11144761005865,response_curve_table_point_estimate
paid_search,0.55,107927.074714514,11991.8971905016,21803.4494372756,,,,1,14534.2925422941,-8153.94568984223,0.13466771503573,0.106781976145935,1962.3104493548,209.539387593923,7.42568476590458,4.04003145107191,response_curve_table_point_estimate
paid_search,0.6,117738.626961288,13082.0696623653,21803.4494372756,,,,1,15581.9894802638,-7106.24875187262,0.132343903461581,0.102851803336961,1962.3104493548,201.827168423104,7.5560715215741,3.97031710384742,response_curve_table_point_estimate
paid_search,0.65,127550.179208062,14172.2421342291,21803.4494372756,,,,1,16591.1253223793,-6097.1129097571,0.130075280375071,0.0990662828266815,1962.3104493548,194.398801969535,7.68785581023931,3.90225841125214,response_curve_table_point_estimate
paid_search,0.7,137361.731454836,15262.4146060929,21803.4494372756,,,,1,17563.119332227,-5125.11889990942,0.127860351978758,0.0954200906030112,1962.31044935482,187.243840868672,7.82103274802603,3.83581055936274,response_curve_table_point_estimate
paid_search,0.75,147173.28370161,16352.5870779567,21803.4494372756,,,,1,18499.3385365703,-4188.89969556606,0.125697667887041,0.0919080986072349,1962.31044935482,180.35222227731,7.95559708314281,3.77093003661124,response_curve_table_point_estimate
paid_search,0.8,156984.835948384,17442.7595498205,21803.4494372756,,,,1,19401.0996479569,-3287.13858417951,0.123585819807054,0.0885253675218233,1962.31044935482,173.714253721049,8.09154320100182,3.70757459421161,response_curve_table_point_estimate
paid_search,0.85,166796.388195158,18532.9320216842,21803.4494372756,,,,1,20269.6709165621,-2418.56731557425,0.121523440260864,0.0852671398237066,1962.31044935479,167.320599462655,8.22886512966871,3.64570320782591,response_curve_table_point_estimate
paid_search,0.9,176607.940441932,19623.104493548,21803.4494372756,,,,1,21106.2739138754,-1581.96431826098,0.119509201347688,0.0821288330932144,1962.31044935482,161.162267372132,8.36755654563116,3.58527604043065,response_curve_table_point_estimate
paid_search,0.95,186419.492688706,20713.2769654118,21803.4494372756,,,,1,21912.085250736,-776.15298140033,0.117541813544821,0.0791060335693087,1962.31044935482,155.230596280067,8.50761077987519,3.52625440634463,response_curve_table_point_estimate
paid_search,1,196231.04493548,21803.4494372756,21803.4494372756,,,,1,22688.2382321364,0,0.115620024546046,0.0761944899419942,1962.31044935482,149.517243796436,8.64902082425827,3.46860073638137,response_curve_table_point_estimate
paid_search,1.05,206042.597182254,22893.6219091393,21803.4494372756,,,,1,23435.8244511185,747.586218982175,0.113742618136329,0.0733901073732148,1962.31044935479,144.014174577729,8.79177933816705,3.41227854408986,response_curve_table_point_estimate
paid_search,1.1,215854.149429028,23983.7943810031,21803.4494372756,,,,1,24155.8953240072,1467.65709187082,0.111908413101642,0.0706889417378108,1962.31044935482,138.71364902594,8.93587865544784,3.35725239304925,response_curve_table_point_estimate
paid_search,1.15,225665.701675802,25073.9668528669,21803.4494372756,,,,1,24849.4635691369,2161.22533700051,0.11011626217278,0.0680871940764529,1962.31044935482,133.608212403473,9.08131079159712,3.30348786518339,response_curve_table_point_estimate
paid_search,1.2,235477.253922576,26164.1393247307,21803.4494372756,,,,1,25517.5046311542,2829.26639901787,0.108365051002099,0.0655812052527119,1962.31044935482,128.69068434868,9.22806745119908,3.25095153006298,response_curve_table_point_estimate
paid_search,1.25,245288.80616935,27254.3117965945,21803.4494372756,,,,1,26160.9580528976,3472.71982076127,0.106653697172124,0.0631674508068164,1962.31044935479,123.95414877732,9.37614003559711,3.19961091516371,response_curve_table_point_estimate
paid_search,1.3,255100.358416124,28344.4842684582,21803.4494372756,,,,1,26780.7287967843,4092.49056464788,0.104981149234997,0.0608425359987805,1962.31044935482,119.391944155654,9.52551965078545,3.1494344770499,response_curve_table_point_estimate
paid_search,1.35,264911.910662898,29434.656740322,21803.4494372756,,,,1,27377.6885175625,4689.45028542615,0.103346385781803,0.0586031910340023,1962.31044935482,114.997654131559,9.67619711550739,3.1003915734541,response_curve_table_point_estimate
paid_search,1.4,274723.462909672,30524.8292121858,21803.4494372756,,,,1,27952.6767882203,5264.43855608396,0.101748414540811,0.0564462664645774,1962.31044935482,110.765098510507,9.8281629695459,3.05245243622432,response_curve_table_point_estimate
paid_search,1.45,284535.015156446,31615.0016840496,21803.4494372756,,,,1,28506.5022807729,5818.2640486365,0.100186271503699,0.0543687287598646,1962.31044935482,106.68832456362,9.98140748219258,3.00558814511097,response_curve_table_point_estimate
paid_search,1.5,294346.56740322,32705.1741559134,21803.4494372756,,,,1,29039.943903591,6351.70567145459,0.0986590200789047,0.0523676560400794,1962.31044935482,102.761598655667,10.1359206608806,2.95977060236714,response_curve_table_point_estimate
paid_search,1.55,304158.119649994,33795.3466277771,21803.4494372756,,,,1,29553.7518968693,6865.51366473292,0.0971657502712006,0.0504402339669275,1962.31044935482,98.9793981812036,10.291692259967,2.91497250813602,response_curve_table_point_estimate
paid_search,1.6,313969.671896768,34885.5190996409,21803.4494372756,,,,1,30048.6488877753,7360.41065563895,0.0957055778866921,0.0485837517854762,1962.31044935482,95.3364037975007,10.4487117896506,2.87116733660076,response_curve_table_point_estimate
paid_search,1.65,323781.224143542,35975.6915715047,21803.4494372756,,,,1,30525.3309067628,7837.09267462646,0.0942776437624129,0.0467955985117051,1962.31044935482,91.8274919433316,10.6069685250098,2.82832931287239,response_curve_table_point_estimate
paid_search,1.7,333592.776390316,37065.8640433685,21803.4494372756,,,,1,30984.4683664795,8296.23013434311,0.092881113019745,0.0450732592603806,1962.31044935482,88.4477276331236,10.7664515151473,2.78643339059235,response_curve_table_point_estimate
paid_search,1.75,343404.32863709,38156.0365152322,21803.4494372756,,,,1,31426.7070046451,8738.46877250873,0.091515174340906,0.043414311708082,1962.31044935482,85.1923575163164,10.9271495924257,2.74545523022718,response_curve_table_point_estimate
paid_search,1.8,353215.880883864,39246.208987096,21803.4494372756,,,,1,31852.6687922267,9164.4305600903,0.090179039267772,0.0418164226864152,1962.31044935482,82.0568031921903,11.0890513817813,2.70537117803316,response_curve_table_point_estimate
paid_search,1.85,363027.433130638,40336.3814589598,21803.4494372756,,,,1,32262.9528081876,9574.71457605125,0.08887194152233,0.0402773449006098,1962.31044935482,79.0366547707345,11.2521453101004,2.6661582456699,response_curve_table_point_estimate
paid_search,1.9,372838.985377412,41426.5539308236,21803.4494372756,,,,1,32658.1360820413,9969.89784990492,0.0875931363480742,0.0387949137688826,1962.31044935482,76.1276646704973,11.4164196156448,2.62779409044222,response_curve_table_point_estimate
paid_search,1.95,382650.537624186,42516.7264026874,21803.4494372756,,,,1,33038.7744053938,10350.5361732574,0.0863418998716846,0.037367044378148,1962.31044935482,73.325741644745,11.5818623575128,2.59025699615054,response_curve_table_point_estimate
paid_search,2,392462.08987096,43606.8988745511,21803.4494372756,,,,1,33405.4031136175,10717.1648814811,0.0851175284843463,0.0359917285517586,1962.31044935476,70.6269450274558,11.7484614251212,2.55352585453039,response_curve_table_point_estimate
paid_search,2.05,402273.642117734,44697.0713464149,21803.4494372756,,,,1,33758.5378387548,11070.2996066184,0.083919338242088,0.0346670320251773,1962.31044935476,68.0274791911215,11.9162045476959,2.51758014726264,response_curve_table_point_estimate
paid_search,2.1,412085.194364508,45787.2438182787,21803.4494372756,,,,1,34098.6752347104,11410.4370025741,0.0827466642845426,0.0333910917256001,1962.31044935476,65.5236882085083,12.0850793037563,2.48239992853628,response_curve_table_point_estimate
paid_search,2.15,421896.746611282,46877.4162901425,21803.4494372756,,,,1,34426.293675753,11738.0554436166,0.0815988602715439,0.0321621131517022,1962.31044935476,63.1120507109154,12.2550731305831,2.44796580814632,response_curve_table_point_estimate
paid_search,2.2,431708.298858056,47967.5887620063,21803.4494372756,,,,1,34741.8539293076,12053.6156971712,0.0804752978370021,,0,0,12.4261733336538,2.41425893511006,response_curve_table_point_estimate
paid_social,0,0,0,19993.0714609324,,,,1,0,-20237.5462260015,,0.218769271375509,1399.51500226527,306.170877324666,,,response_curve_table_point_estimate
paid_social,0.05,6997.57501132633,999.653573046619,19993.0714609324,,,,1,1530.85438662333,-18706.6918393781,0.218769271375509,0.208620668383279,1399.51500226527,291.967755185007,4.57102587448645,6.56307814126527,response_curve_table_point_estimate
paid_social,0.1,13995.1500226527,1999.30714609324,19993.0714609324,,,,1,2990.69316254836,-17246.8530634531,0.213694969879394,0.198942854282224,1399.51500226527,278.423509161445,4.67956733171765,6.41084909638182,response_curve_table_point_estimate
paid_social,0.15,20992.725033979,2998.96071913986,19993.0714609324,,,,1,4382.81070835559,-15854.7355176459,0.208777598013671,0.189713989398427,1399.51500226527,265.507574302692,4.7897859229826,6.26332794041012,response_curve_table_point_estimate
paid_social,0.2,27990.3000453053,3998.61429218647,19993.0714609324,,,,1,5710.34857986905,-14527.1976461324,0.20401169585986,0.180913247190111,1399.51500226527,253.190803551085,4.90167975804154,6.12035087579579,response_curve_table_point_estimate
paid_social,0.25,34987.8750566317,4998.26786523309,19993.0714609324,,,,1,6976.30259762447,-13261.243628377,0.19939200612591,0.172520767248922,1399.51500226527,241.44540196718,5.01524619481751,5.9817601837773,response_curve_table_point_estimate
paid_social,0.3,41985.450067958,5997.92143827971,19993.0714609324,,,,1,8183.52960746037,-12054.0166185411,0.194913466313079,0.164517610481448,1399.51500226527,230.24486400562,5.13048184363904,5.84740398939236,response_curve_table_point_estimate
paid_social,0.35,48983.0250792843,6997.57501132633,19993.0714609324,,,,1,9334.75392748847,-10902.792298513,0.190571201194274,0.156885716369863,1399.51500226527,219.563913700757,5.24738257267198,5.71713603582823,response_curve_table_point_estimate
paid_social,0.4,55980.6000906107,7997.22858437295,19993.0714609324,,,,1,10432.5734959923,-9804.9727300092,0.186360515591223,0.149607862215216,1399.51500226527,209.37844762703,5.36594351452362,5.59081546773669,response_curve_table_point_estimate
paid_social,0.45,62978.175101937,8996.88215741957,19993.0714609324,,,,1,11479.4657341274,-8758.08049187406,0.182276887438333,0.142667624271412,1399.51500226527,199.665480505386,5.48615907399842,5.46830662315,response_curve_table_point_estimate
paid_social,0.5,69975.7501132633,9996.53573046619,19993.0714609324,,,,1,12477.7931366543,-7759.75308934713,0.178315961121641,0.136049340682169,1399.51500226527,190.403093332994,5.60802293698114,5.34947883364923,response_curve_table_point_estimate
paid_social,0.55,76973.3251245896,10996.1893035128,19993.0714609324,,,,1,13429.8086033193,-6807.73762268215,0.174473541081689,0.129738076137306,1399.51500226527,181.570383919194,5.73152808041992,5.23420623245068,response_curve_table_point_estimate
paid_social,0.6,83970.900135916,11995.8428765594,19993.0714609324,,,,1,14337.6605229153,-5899.88570308619,0.170745585669657,0.123719588168614,1399.51500226527,173.147419716055,5.85666678337856,5.12236757008972,response_curve_table_point_estimate
paid_social,0.65,90968.4751472423,12995.496449606,19993.0714609324,,,,1,15203.3976214955,-5034.14860450592,0.1671282012465,0.117980295009245,1399.51500226527,165.11519283712,5.98343063912406,5.013846037395,response_curve_table_point_estimate
paid_social,0.7,97966.0501585686,13995.1500226527,19993.0714609324,,,,1,16028.9735856811,-4208.57264032032,0.163617636515268,0.112507244944093,1399.51500226527,157.455577162791,6.11181056821272,4.90852909545803,response_curve_table_point_estimate
paid_social,0.75,104963.625169895,14994.8035956993,19993.0714609324,,,,1,16816.2514714951,-3421.29475450637,0.160210277077189,0.107288087081984,1399.51500226527,150.151287435579,6.24179683253529,4.80630831231568,response_curve_table_point_estimate
paid_social,0.8,111961.200181221,15994.4571687459,19993.0714609324,,,,1,17567.007908673,-2670.53831732846,0.156902640202489,0.102311043483744,1399.51500226527,143.185840252914,6.37337905027896,4.70707920607467,response_curve_table_point_estimate
paid_social,0.85,118958.775192548,16994.1107417925,19993.0714609324,,,,1,18282.9371099376,-1954.60911606389,0.153691369807269,0.0975648825832292,1399.51500226527,136.543516869478,6.50654621176202,4.61074109421806,response_curve_table_point_estimate
paid_social,0.9,125956.350203874,17993.7643148391,19993.0714609324,,,,1,18965.654694285,-1271.8915317165,0.150573231628155,0.0930388938413203,1399.51500226527,130.209327725093,6.64128669609435,4.51719694884466,response_curve_table_point_estimate
paid_social,0.95,132953.9252152,18993.4178878858,19993.0714609324,,,,1,19616.7013329104,-620.844893091042,0.147545108586743,0.0887228635757563,1399.51500226528,124.168978618207,6.77758828861543,4.42635325760229,response_curve_table_point_estimate
paid_social,1,139951.500226527,19993.0714609324,19993.0714609324,,,,1,20237.5462260015,0,0.144603996336194,0.084607051912159,1399.51500226528,118.408838448504,6.91543819905968,4.33811989008581,response_curve_table_point_estimate
paid_social,1.05,146949.075237853,20992.725033979,19993.0714609324,,,,1,20829.590418244,592.044192242516,0.141746998982668,0.0806821708043115,1399.51500226525,112.915908455961,7.05482308039744,4.25240996948005,response_curve_table_point_estimate
paid_social,1.1,153946.650249179,21992.3786070256,19993.0714609324,,,,1,21394.1699605238,1156.62373452233,0.138971324974561,0.0769393630740658,1399.51500226528,107.677792886891,7.19572904829864,4.16913974923683,response_curve_table_point_estimate
paid_social,1.15,160944.225260506,22992.0321800722,19993.0714609324,,,,1,21932.5589249583,1695.01269895679,0.136274283152801,0.0733701824235854,1399.51500226525,102.682671020746,7.3381417011655,4.08822849458401,response_curve_table_point_estimate
paid_social,1.2,167941.800271832,23991.6857531189,19993.0714609324,,,,1,22445.972280062,2208.42605406051,0.13365327895575,0.0699665743747802,1399.51500226528,97.9192704946145,7.48204614067929,4.00959836867249,response_curve_table_point_estimate
paid_social,1.25,174939.375283158,24991.3393261655,19993.0714609324,,,,1,22935.568632535,2698.02240653358,0.131105810772511,0.0667208580930045,1399.51500226525,93.3768418651707,7.62742699280626,3.93317432317533,response_curve_table_point_estimate
paid_social,1.3,181936.950294485,25990.9928992121,19993.0714609324,,,,1,23402.4528418609,3164.90661585944,0.128629466438684,0.0636257090538833,1399.51500226528,89.0451343506757,7.77426842920699,3.85888399316052,response_curve_table_point_estimate
paid_social,1.35,188934.525305811,26990.6464722587,19993.0714609324,,,,1,23847.6785136143,3610.13228761282,0.126221919868876,0.0606741425142735,1399.51500226525,84.9143726983057,7.92255418899375,3.78665759606629,response_curve_table_point_estimate
paid_social,1.4,195932.100317137,27990.3000453053,19993.0714609324,,,,1,24272.2503771058,4034.70415110435,0.123880927820498,0.0578594977499516,1399.51500226528,80.9752351245916,8.07226760078024,3.71642783461493,response_curve_table_point_estimate
paid_social,1.45,202929.675328464,28989.9536183519,19993.0714609324,,,,1,24677.1265527288,4439.58032672731,0.121604326783582,0.0551754230245491,1399.51500226525,77.2188322791881,8.22339160496885,3.64812980350747,response_curve_table_point_estimate
paid_social,1.5,209927.25033979,29989.6071913986,19993.0714609324,,,,1,25063.2207141247,4825.67448812325,0.119390029991615,0.0526158612557322,1399.51500226528,73.6366871845057,8.37590877622055,3.58170089974844,response_curve_table_point_estimate
paid_social,1.55,216924.825351116,30989.2607644452,19993.0714609324,,,,1,25431.4041500472,5193.85792404578,0.117236024548522,0.0501750363463582,1399.51500226528,70.2207161059341,8.529801346054,3.51708073645565,response_curve_table_point_estimate
paid_social,1.6,223922.400362443,31988.9143374918,19993.0714609324,,,,1,25782.5077305769,5544.96150457545,0.115140368667204,0.0478474401496985,1399.51500226525,66.9632103094919,8.68505122552065,3.45421106001612,response_curve_table_point_estimate
paid_social,1.65,230919.975373769,32988.5679105384,19993.0714609324,,,,1,26117.3237821244,5879.77755612291,0.113101189015158,0.045627820039338,1399.51500226528,63.856818665714,8.84164002790434,3.39303567045475,response_curve_table_point_estimate
paid_social,1.7,237917.550385095,33988.221483585,19993.0714609324,,,,1,26436.607875453,6199.06164945149,0.111116678162929,0.0435111670557244,1399.51500226525,60.8945310605559,8.99954909139488,3.33350034488785,response_curve_table_point_estimate
paid_social,1.75,244915.125396422,34987.8750566317,19993.0714609324,,,,1,26741.0805307557,6503.53430475427,0.109185092131294,0.0414927046025615,1399.51500226528,58.0696625758465,9.15875950168645,3.27555276393882,response_curve_table_point_estimate
paid_social,1.8,251912.700407748,35987.5286296783,19993.0714609324,,,,1,27031.428843635,6793.88261763351,0.107304748033274,0.0395678776676015,1399.51500226525,55.3758384036046,9.31925211445363,3.21914244099821,response_curve_table_point_estimate
paid_social,1.85,258910.275419074,36987.1822027249,19993.0714609324,,,,1,27308.308035653,7070.76180965154,0.105474021807175,0.0377323425434564,1399.51500226528,52.8069794601797,9.48100757765907,3.16422065421524,response_curve_table_point_estimate
paid_social,1.9,265907.850430401,37986.8357757715,19993.0714609324,,,,1,27572.3429329539,7334.79670695243,0.103691346037077,0.0359819570252663,1399.51500226528,50.3572886677248,9.64400635364915,3.1107403811123,response_curve_table_point_estimate
paid_social,1.95,272905.425441727,38986.4893488181,19993.0714609324,,,,1,27824.1293762925,7586.58315029106,0.101955207857287,0.0343127710631014,1399.51500226528,48.0212378721044,9.80822874099541,3.0586562357186,response_curve_table_point_estimate
paid_social,2,279903.000453053,39986.1429218647,19993.0714609324,,,,1,28064.235565653,7826.68933965158,0.100264146937432,0.0327210178479774,1399.51500226522,45.7935553676325,9.97365489604206,3.00792440812296,response_curve_table_point_estimate
paid_social,2.05,286900.57546438,40985.7964949114,19993.0714609324,,,,1,28293.2033424912,8055.65711648975,0.0986167535450063,0.0312031053113891,1399.51500226522,43.6692140005507,10.1402648541216,2.95850260635019,response_curve_table_point_estimate
paid_social,2.1,293898.150475706,41985.450067958,19993.0714609324,,,,1,28511.549412494,8274.00318649251,0.0970116666823012,0.0297556080192035,1399.51500226522,41.6434198243987,10.3080385504029,2.91035000046904,response_curve_table_point_estimate
paid_social,2.15,300895.725487032,42985.1036410046,19993.0714609324,,,,1,28719.766511616,8482.22028561451,0.0954475722947873,0.0283752594415407,1399.51500226522,39.7116012816041,10.4769558403385,2.86342716884362,response_curve_table_point_estimate
paid_social,2.2,307893.300498359,43984.7572140512,19993.0714609324,,,,1,28918.324518024,8680.77829202253,0.0939232015481226,,0,0,10.6469965196793,2.81769604644368,response_curve_table_point_estimate
retail_media,0,0,0,13355.8509213081,,,,1,0,-16032.3819054357,,0.158604913004794,1469.14360134389,233.013393082697,,,response_curve_table_point_estimate
retail_media,0.05,7345.71800671945,667.792546065404,13355.8509213081,,,,1,1165.06696541348,-14867.3149400222,0.158604913004794,0.152005436408574,1469.14360134389,223.317814269142,6.30497492829731,4.75814739014381,response_curve_table_point_estimate
retail_media,0.1,14691.4360134389,1335.58509213081,13355.8509213081,,,,1,2281.65603675919,-13750.7258686765,0.155305174706684,0.145680560961327,1469.14360134389,214.025663976523,6.43893548227639,4.65915524120051,response_curve_table_point_estimate
retail_media,0.15,22037.1540201583,2003.37763819621,13355.8509213081,,,,1,3351.78435664181,-12680.5975487938,0.152096970124898,0.13961886063708,1469.14360134389,205.12015573189,6.57475293017885,4.56290910374695,response_curve_table_point_estimate
retail_media,0.2,29382.8720268778,2671.17018426162,13355.8509213081,,,,1,4377.38513530126,-11654.9967701344,0.148977442752944,0.133809384841475,1469.14360134389,196.585201539616,6.71242559625854,4.46932328258831,response_curve_table_point_estimate
retail_media,0.25,36728.5900335972,3338.96273032702,13355.8509213081,,,,1,5360.31114299933,-10672.0707624363,0.14594383117065,0.128241638629293,1469.14360134389,188.40538281808,6.85195113749422,4.3783149351195,response_curve_table_point_estimate
retail_media,0.3,44074.3080403167,4006.75527639243,13355.8509213081,,,,1,6302.33805708973,-9730.04384834592,0.14299346574709,0.122905563745097,1469.14360134389,180.565922545673,6.99332654660374,4.28980397241271,response_curve_table_point_estimate
retail_media,0.35,51420.0260470361,4674.54782245783,13355.8509213081,,,,1,7205.1676698181,-8827.21423561755,0.140123765461091,0.117791520452777,1469.14360134389,173.052658565766,7.13654815590631,4.20371296383274,response_curve_table_point_estimate
retail_media,0.4,58765.7440537556,5342.34036852323,13355.8509213081,,,,1,8070.43096264693,-7961.95094278872,0.137332234835052,0.112890270121158,1469.14360134389,165.852018002483,7.28161164202335,4.11996704505156,response_curve_table_point_estimate
retail_media,0.45,66111.462060475,6010.13291458864,13355.8509213081,,,,1,8899.69105265934,-7132.69085277631,0.134616460977953,0.108192958534201,1469.14360134389,158.950992740987,7.42851203140586,4.03849382933858,response_curve_table_point_estimate
retail_media,0.5,73457.1800671945,6677.92546065404,13355.8509213081,,,,1,9694.44601636428,-6337.93588907138,0.131974110733578,0.103691099895682,1469.14360134389,152.337115928052,7.57724370667476,3.95922332200733,response_curve_table_point_estimate
retail_media,0.55,80802.8980739139,7345.71800671945,13355.8509213081,,,,1,10456.1315960045,-5576.25030943112,0.129402927930133,0.099376561499402,1469.14360134389,145.998439450404,7.72780041375819,3.88208783790398,response_curve_table_point_estimate
retail_media,0.6,88148.6160806334,8013.51055278485,13355.8509213081,,,,1,11186.1237932566,-4846.2581121791,0.126900730727572,0.0952415490372823,1469.14360134389,139.923512350204,7.8801752698082,3.80702192182715,response_curve_table_point_estimate
retail_media,0.65,95494.3340873528,8681.30309885025,13355.8509213081,,,,1,11885.7413550076,-4146.64055042808,0.124465409059088,0.0912785925187774,1469.14360134389,134.101360138639,8.03436077187732,3.73396227177264,response_curve_table_point_estimate
retail_media,0.7,102840.052094072,9349.09564491566,13355.8509213081,,,,1,12556.2481557008,-3476.13374973488,0.122094922163352,0.0874805327761674,1469.14360134389,128.521464970261,8.1903488063336,3.66284766490055,response_curve_table_point_estimate
retail_media,0.75,110185.770100792,10016.8881909811,13355.8509213081,,,,1,13198.8554805521,-2833.52642488358,0.119787296204206,0.0838405085313723,1469.14360134389,123.173746642284,8.34813065899127,3.59361888612618,response_curve_table_point_estimate
retail_media,0.8,117531.488107511,10684.6807370465,13355.8509213081,,,,1,13814.7242137635,-2217.65769167216,0.117540621974654,0.0803519440008934,1469.14360134389,118.048544384455,8.50769702593234,3.52621865923962,response_curve_table_point_estimate
retail_media,0.85,124877.206114231,11352.4732831119,13355.8509213081,,,,1,14404.9669356858,-1627.41496974988,0.11535305268208,0.077008537016531,1469.14360134389,113.136599406691,8.66903802499326,3.46059158046239,response_curve_table_point_estimate
retail_media,0.9,132222.92412095,12020.2658291773,13355.8509213081,,,,1,14970.6499327192,-1061.73197271643,0.113222801811772,0.0738042476403595,1469.14360134388,108.429038172833,8.832143207889,3.39668405435315,response_curve_table_point_estimate
retail_media,0.95,139568.642127669,12688.0583752427,13355.8509213081,,,,1,15512.7951235834,-519.586781852257,0.111148141065908,0.0707332872534684,1469.14360134388,103.917356370452,8.99700157294604,3.33444423197723,response_curve_table_point_estimate
retail_media,1,146914.360134389,13355.8509213081,13355.8509213081,,,,1,16032.3819054357,0,0.109127398375286,0.0677901080986788,1469.14360134388,99.5934035475839,9.16360157841417,3.27382195125857,response_curve_table_point_estimate
retail_media,1.05,154260.078141108,14023.6434673735,13355.8509213081,,,,1,16530.3489231736,497.967017737918,0.107158955981162,0.064969393258406,1469.14360134388,95.4493683887813,9.3319311563263,3.21476867943485,response_curve_table_point_estimate
retail_media,1.1,161605.796147828,14691.4360134389,13355.8509213081,,,,1,17007.5957651175,975.213859681831,0.105241248584673,0.0622660470495404,1469.14360134388,91.4777646038092,9.50197772687429,3.15723745754018,response_curve_table_point_estimate
retail_media,1.15,168951.514154547,15359.2285595043,13355.8509213081,,,,1,17464.9845881365,1432.60268270087,0.103372761561406,0.0596751858179559,1469.14360134388,87.6714174034569,9.67372821326801,3.10118284684218,response_curve_table_point_estimate
retail_media,1.2,176297.232161267,16027.0211055697,13355.8509213081,,,,1,17903.3416751538,1870.95976971815,0.101552029238762,0.0571921291161205,1469.14360134388,84.0234505381814,9.84716905704433,3.04656087716287,response_curve_table_point_estimate
retail_media,1.25,183642.950167986,16694.8136516351,13355.8509213081,,,,1,18323.4589278447,2291.07702240906,0.0997776332338565,0.0548123912477323,1469.14360134388,80.5272738759632,10.0222862337917,2.9933289970157,response_curve_table_point_estimate
retail_media,1.3,190988.668174706,17362.6061977005,13355.8509213081,,,,1,18726.0952972245,2693.71339178888,0.0980482008497748,0.0525316731642316,1469.14360134388,77.1765714971189,10.1990652692563,2.94144602549325,response_curve_table_point_estimate
retail_media,1.35,198334.386181425,18030.3987437659,13355.8509213081,,,,1,19111.9781547101,3079.59624927447,0.096362403528088,0.0503458546984604,1469.14360134388,73.9652902844318,10.3774912557937,2.89087210584264,response_curve_table_point_estimate
retail_media,1.4,205680.104188144,18698.1912898313,13355.8509213081,,,,1,19481.8046061323,3449.42270069663,0.0947189553556013,0.0482509871215084,1469.14360134388,70.88762898809,10.5575488691331,2.84156866066804,response_curve_table_point_estimate
retail_media,1.45,213025.822194864,19365.9838358967,13355.8509213081,,,,1,19836.2427510727,3803.86084563708,0.0931166116233912,0.0462432860092272,1469.14360134388,67.9380277455712,10.7392223854159,2.79349834870174,response_curve_table_point_estimate
retail_media,1.5,220371.540201583,20033.7763819621,13355.8509213081,,,,1,20175.9328898006,4143.55098436494,0.0915541674362524,0.0443191244056015,1469.14360134388,65.1111580376528,10.9224956984758,2.74662502308757,response_curve_table_point_estimate
retail_media,1.55,227717.258208303,20701.5689280275,13355.8509213081,,,,1,20501.4886799889,4469.10677455321,0.0900304563707476,0.0424750262705668,1469.14360134388,62.4019130623165,11.1073523373243,2.70091369112243,response_curve_table_point_estimate
retail_media,1.6,235062.976215022,21369.3614740929,13355.8509213081,,,,1,20813.4982453004,4781.11633986479,0.0885443491801169,0.0407076602004623,1469.14360134388,59.8053985091901,11.2937754838064,2.65633047540351,response_curve_table_point_estimate
retail_media,1.65,242408.694221742,22037.1540201583,13355.8509213081,,,,1,21112.5252378464,5080.14333241073,0.0870947525443697,0.0390138334097894,1469.14360134388,57.3169237178881,11.4817479903919,2.61284257633109,response_curve_table_point_estimate
retail_media,1.7,249754.412228461,22704.9465662237,13355.8509213081,,,,1,21399.1098564358,5366.72795100017,0.0856806078639409,0.0373904859633653,1469.14360134388,54.9319932042163,11.6712523980687,2.57041823591823,response_curve_table_point_estimate
retail_media,1.75,257100.130235181,23372.7391122891,13355.8509213081,,,,1,21673.7698224569,5641.38791702124,0.084300890095353,0.035834685248483,1469.14360134388,52.6462985389808,11.8622709543031,2.52902670286059,response_curve_table_point_estimate
retail_media,1.8,264445.8482419,24040.5316583546,13355.8509213081,,,,1,21937.0013151518,5904.61940971615,0.0829546066273844,0.03434362067709,1469.14360134391,50.4557105647291,12.0547856310356,2.48863819882153,response_curve_table_point_estimate
retail_media,1.85,271791.56624862,24708.32420442,13355.8509213081,,,,1,22189.2798679754,6156.89796253979,0.0816407961962953,0.0329145986083917,1469.14360134391,48.3562719363217,12.2487781426779,2.44922388588886,response_curve_table_point_estimate
retail_media,1.9,279137.284255339,25376.1167504854,13355.8509213081,,,,1,22431.0612276571,6398.6793222214,0.0803585278387189,0.0315450374827305,1469.14360134391,46.3441899719073,12.4442299640807,2.41075583516157,response_curve_table_point_estimate
retail_media,1.95,286483.002262058,26043.9092965508,13355.8509213081,,,,1,22662.7821775166,6630.40027208094,0.0791068998808731,0.0302324631579503,1469.14360134391,44.4158298013681,12.6411223484411,2.37320699642619,response_curve_table_point_estimate
retail_media,2,293828.720268778,26711.7018426162,13355.8509213081,,,,1,22884.8613265234,6852.47942108778,0.0778850389628,0.0289745044397947,1469.14360134385,42.5677077998334,12.8394363451192,2.336551168884,response_curve_table_point_estimate
retail_media,2.05,301174.438275497,27379.4943886816,13355.8509213081,,,,1,23097.6998655226,7065.31796008694,0.0766920990963852,0.0277688887982914,1469.14360134385,40.7964852944388,13.0391528173354,2.30076297289156,response_curve_table_point_estimate
retail_media,2.1,308520.156282217,28047.286934747,13355.8509213081,,,,1,23301.6822919948,7269.30038655914,0.0755272607559544,0.0266134382623946,1469.14360134385,39.0989625329567,13.2402524597208,2.26581782267863,response_curve_table_point_estimate
retail_media,2.15,315865.874288936,28715.0794808124,13355.8509213081,,,,1,23497.1771046596,7464.79519922393,0.0743897300002903,0.0255060654854098,1469.14360134385,37.472072903347,13.4427158156925,2.23169190000871,response_curve_table_point_estimate
retail_media,2.2,323211.592295656,29382.8720268778,13355.8509213081,,,,1,23684.5374691763,7652.15556374067,0.073278737624952,,0,0,13.6465232946302,2.19836212874856,response_curve_table_point_estimate
tv,0,0,0,28628.8384382025,,,,1,0,-35534.8879922892,,0.112771358393202,5153.19091887645,581.13233998121,,,response_curve_table_point_estimate
tv,0.05,25765.9545943823,1431.44192191013,28628.8384382025,,,,1,2905.66169990605,-32629.2262923832,0.112771358393202,0.106469908067634,5153.19091887646,548.659763387745,8.86749981775765,3.38314075179606,response_curve_table_point_estimate
tv,0.1,51531.9091887645,2862.88384382025,28628.8384382025,,,,1,5648.96051684477,-29885.9274754445,0.109620633230418,0.100520570874084,5153.19091887646,518.001692988604,9.12237021928199,3.28861899691254,response_curve_table_point_estimate
tv,0.15,77297.8637831468,4294.32576573038,28628.8384382025,,,,1,8238.96898178779,-27295.9190105014,0.10658727911164,0.0949036713963622,5153.19091887646,489.056737607769,9.38198261870064,3.1976183733492,response_curve_table_point_estimate
tv,0.2,103063.818377529,5725.7676876405,28628.8384382025,,,,1,10684.2526698266,-24850.6353224626,0.10366637718282,0.0896006336433454,5153.19091887646,461.729171616464,9.64632918768304,3.10999131548461,response_curve_table_point_estimate
tv,0.25,128829.772971911,7157.20960955063,28628.8384382025,,,,1,12992.8985279089,-22541.9894643803,0.100853228474925,0.084593919615176,5153.19091887647,435.928618353091,9.91539899239442,3.02559685424776,response_curve_table_point_estimate
tv,0.3,154595.727566294,8588.65153146076,28628.8384382025,,,,1,15172.5416196744,-20362.3463726148,0.0981433436649672,0.0798669713022772,5153.19091887647,411.569751233063,10.1891780191809,2.94430030994902,response_curve_table_point_estimate
tv,0.35,180361.682160676,10020.0934533709,28628.8384382025,,,,1,17230.3903758397,-18304.4976164495,0.0955324333274401,0.0754041559253438,5153.19091887647,388.572011560027,10.4676492073898,2.8659729998232,response_curve_table_point_estimate
tv,0.4,206127.636755058,11451.535375281,28628.8384382025,,,,1,19173.2504336399,-16361.6375586494,0.0930163986521781,0.0711907142352283,5153.19091887647,366.859342105308,10.7507924891756,2.79049195956534,response_curve_table_point_estimate
tv,0.45,231893.59134944,12882.9772971911,28628.8384382025,,,,1,21007.5471441664,-14527.3408481228,0.0905913226058504,0.0672127117017233,5153.19091887647,346.359935574383,11.038584836109,2.71773967817551,response_curve_table_point_estimate
tv,0.5,257659.545943823,14314.4192191013,28628.8384382025,,,,1,22739.3468220383,-12795.5411702509,0.0882534615154377,0.0634569924298291,5153.19091887644,327.005997128606,11.3310003123795,2.64760384546313,response_curve_table_point_estimate
tv,0.55,283425.500538205,15745.8611410114,28628.8384382025,,,,1,24374.3768076813,-11160.5111846079,0.0859992370531096,0.0599111356510871,5153.19091887644,308.733520176756,11.6280101343509,2.57997711159329,response_curve_table_point_estimate
tv,0.6,309191.455132587,17177.3030629215,28628.8384382025,,,,1,25918.0444085651,-9616.84358372411,0.0838252286029411,0.0565634146461016,5153.19091887644,291.482074694934,11.929582736204,2.51475685808823,response_curve_table_point_estimate
tv,0.65,334957.409726969,18608.7449848316,28628.8384382025,,,,1,27375.4547820398,-8159.43321024946,0.0817281659908765,0.0534027579623888,5153.19091887644,275.194607374739,12.2356838413777,2.45184497972629,response_curve_table_point_estimate
tv,0.7,360723.364321352,20040.1869067418,28628.8384382025,,,,1,28751.4278189135,-6783.46017337576,0.0797049225602702,0.0504187127992986,5153.19091887644,259.817252938785,12.5462765394927,2.39114767680811,response_curve_table_point_estimate
tv,0.75,386489.318915734,21471.6288286519,28628.8384382025,,,,1,30050.5140836074,-5484.37390868184,0.0777525085762054,0.0476014104389237,5153.19091887644,245.299155999572,12.8613213684276,2.33257525728616,response_curve_table_point_estimate
tv,0.8,412255.273510116,22903.070750562,28628.8384382025,,,,1,31277.0098636053,-4257.87812868397,0.0758680649426253,0.0449415336086571,5153.19091887644,231.592302872512,13.1807764011939,2.27604194827876,response_curve_table_point_estimate
tv,0.85,438021.228104499,24334.5126724721,28628.8384382025,,,,1,32434.9713779678,-3099.91661432141,0.0740488572170978,0.0424302856674699,5153.19091887644,218.651362786939,13.5045973372443,2.22146571651293,response_curve_table_point_estimate
tv,0.9,463787.182698881,25765.9545943823,28628.8384382025,,,,1,33528.2281919025,-2006.65980038671,0.0722922699087851,0.0400593615140085,5153.19091887644,206.433537969977,13.8327375978338,2.16876809726355,response_curve_table_point_estimate
tv,0.95,489553.137293263,27197.3965162924,28628.8384382025,,,,1,34560.3958817524,-974.492110536841,0.0705958010459021,0.0378209201202784,5153.19091887644,194.89842210737,14.1651484250429,2.11787403137706,response_curve_table_point_estimate
tv,1,515319.091887645,28628.8384382025,28628.8384382025,,,,1,35534.8879922892,0,0.0689570569996209,0.0357075586001113,5153.19091887644,184.007866713342,14.5017789840639,2.06871170998863,response_curve_table_point_estimate
tv,1.05,541085.046482028,30060.2803601126,28628.8384382025,,,,1,36454.9273258559,920.039333566703,0.0673737475520252,0.0337122877266207,5153.19091887644,173.725854967372,14.8425764683464,2.02121242656076,response_curve_table_point_estimate
tv,1.1,566851.00107641,31491.7222820228,28628.8384382025,,,,1,37323.5566006928,1788.66860840355,0.065843681196325,0.0318285088177082,5153.19091887644,164.018382600792,15.187486207193,1.97531043588975,response_curve_table_point_estimate
tv,1.15,592616.955670792,32923.1642039329,28628.8384382025,,,,1,38143.6485136967,2608.76052140752,0.0643647606581242,0.0300499919131548,5153.19091887644,154.85334543918,15.5364517753983,1.93094281974373,response_curve_table_point_estimate
tv,1.2,618382.910265175,34354.606125843,28628.8384382025,,,,1,38917.9152408927,3383.02724860343,0.0629349786270838,0.028370855171145,5153.19091887644,146.200433228703,15.8894151045227,1.88804935881252,response_curve_table_point_estimate
tv,1.25,644148.864859557,35786.0480477531,28628.8384382025,,,,1,39648.9174070362,4114.02941474695,0.0615524136888463,0.0267855454160612,5153.19091887644,138.031029395199,16.2463165953995,1.84657241066539,response_curve_table_point_estimate
tv,1.3,669914.819453939,37217.4899696633,28628.8384382025,,,,1,40339.0725540122,4804.18456172293,0.0602152264475853,0.0252888197732436,5153.19091887644,130.318116404582,16.607095231477,1.80645679342756,response_curve_table_point_estimate
tv,1.35,695680.774048321,38648.9318915734,28628.8384382025,,,,1,40990.6631360351,5455.77514374582,0.0589216558300171,0.0238757283299558,5153.19091887644,123.036186411489,16.9716886926073,1.76764967490051,response_curve_table_point_estimate
tv,1.4,721446.728642704,40080.3738134835,28628.8384382025,,,,1,41605.8440680925,6070.95607580326,0.0576700155621577,0.0225415977652304,5153.19091887644,116.161156900751,17.3400334689035,1.73010046686473,response_curve_table_point_estimate
tv,1.45,747212.683237086,41511.8157353937,28628.8384382025,,,,1,42186.6498525962,6651.76186030701,0.0564586908105395,0.0212820158944396,5153.19091887644,109.67029104261,17.7120649742966,1.69376072431619,response_curve_table_point_estimate
tv,1.5,772978.637831468,42943.2576573038,28628.8384382025,,,,1,42735.0013078093,7200.11331552005,0.0552861349800029,0.0200928170774926,5153.19091887644,103.54212249838,18.0877176594403,1.65858404940009,response_curve_table_point_estimate
tv,1.55,798744.59242585,44374.6995792139,28628.8384382025,,,,1,43252.7119203012,7717.82392801194,0.054150866660567,0.0189700684423903,5153.19091887644,97.7563844277902,18.4669251236233,1.62452599981701,response_curve_table_point_estimate
tv,1.6,824510.547020233,45806.141501124,28628.8384382025,,,,1,43741.4938424401,8206.60585015089,0.053051466716249,0.0179100568785895,5153.19091887644,92.2939424633078,18.8496202253672,1.59154400148747,response_curve_table_point_estimate
tv,1.65,850276.501614615,47237.5834230342,28628.8384382025,,,,1,44202.9635547567,8668.07556246743,0.0519865755090472,0.0169092767571421,5153.19091887644,87.1367314296731,19.2357351914048,1.55959726527142,response_curve_table_point_estimate
tv,1.7,876042.456208997,48669.0253449443,28628.8384382025,,,,1,44638.647211905,9103.7592196158,0.0509548902516382,0.0159644183370199,5153.19091887644,82.2676955994757,19.6252017237511,1.52864670754915,response_curve_table_point_estimate
tv,1.75,901808.410803379,50100.4672668544,28628.8384382025,,,,1,45049.9856899024,9515.09769761319,0.0499551624826491,0.0150723568192676,5153.19091887644,77.6707322871152,20.0179511045996,1.49865487447947,response_curve_table_point_estimate
tv,1.8,927574.365397762,51531.9091887645,28628.8384382025,,,,1,45438.339351338,9903.45135904876,0.0489861956586663,0.0142301420127849,5153.19091887644,73.3306385946053,20.4139142987946,1.46958586975999,response_curve_table_point_estimate
tv,1.85,953340.319992144,52963.3511106747,28628.8384382025,,,,1,45804.992544311,10270.1045520218,0.0480468428574263,0.0134349885775783,5153.19091887644,69.2330611331854,20.8130220536527,1.44140528572279,response_curve_table_point_estimate
tv,1.9,979106.274586526,54394.7930325848,28628.8384382025,,,,1,46151.1578499769,10616.2698576877,0.047136004586904,0.0126842668131838,5153.19091887644,65.3644485543046,21.2152049959244,1.41408013760712,response_curve_table_point_estimate
tv,1.95,1004872.22918091,55826.2349544949,28628.8384382025,,,,1,46477.9800927485,10943.0921004592,0.0462526266952701,0.0119754939618275,5153.19091887644,61.7120067331489,21.6203937257095,1.3875788008581,response_curve_table_point_estimate
tv,2,1030638.18377529,57257.676876405,28628.8384382025,,,,1,46786.5401264142,11251.652134125,0.045395698376934,0.0113063259975516,5153.19091887632,58.2636564564382,22.0285189071595,1.36187095130802,response_curve_table_point_estimate
tv,2.05,1056404.13836967,58689.1187983152,28628.8384382025,,,,1,47077.8584086964,11542.9704164072,0.0445642502701198,0.0106745498741339,5153.19091887632,55.007993474479,22.4395113558209,1.3369275081036,response_curve_table_point_estimate
tv,2.1,1082170.09296406,60120.5607202253,28628.8384382025,,,,1,47352.8983760688,11818.0103837796,0.043757352641644,0.0100780762061914,5153.19091887632,51.934250785489,22.853302122494,1.31272057924932,response_curve_table_point_estimate
tv,2.15,1107936.04755844,61552.0026421354,28628.8384382025,,,,1,47612.5696299963,12077.6816377071,0.042974113654773,0.00951493235924857,5153.19091887632,49.0322630274022,23.2698225735002,1.28922340964319,response_curve_table_point_estimate
tv,2.2,1133702.00215282,62983.4445640456,28628.8384382025,,,,1,47857.7309451333,12322.8429528441,0.0422136777162384,,0,0,23.6890044672732,1.26641033148715,response_curve_table_point_estimate
