.draw,variable,coef,role
1,display,0.651987671119078,media
10,display,0.530090495923299,media
100,display,0.731872155875146,media
101,display,0.527101980780491,media
102,display,0.701586868378279,media
103,display,0.635021615731245,media
104,display,0.49902926056586,media
105,display,0.714422113533913,media
106,display,0.669900856883428,media
107,display,0.813137070348146,media
108,display,0.52352783104569,media
109,display,0.654381224008395,media
11,display,0.566290495273793,media
110,display,0.583967776867783,media
111,display,0.938120080478676,media
112,display,0.801970429847561,media
113,display,0.619978443592575,media
114,display,0.501495264595843,media
115,display,0.630613983295673,media
116,display,0.697622091777371,media
117,display,0.616224342292542,media
118,display,0.633456351163249,media
119,display,0.642751900207529,media
12,display,0.608753430158652,media
120,display,0.650786604572992,media
121,display,0.799540662532964,media
122,display,0.580405253086443,media
123,display,0.908379176424672,media
124,display,0.82923917443159,media
125,display,0.700226101429598,media
126,display,0.757718334592957,media
127,display,0.53578730362251,media
128,display,0.747503099032303,media
129,display,0.935424963095403,media
13,display,0.661821712214732,media
130,display,0.766202297523304,media
131,display,0.946258534393386,media
132,display,0.729540479797282,media
133,display,0.589511698483143,media
134,display,0.679028978372125,media
135,display,0.730708861853104,media
136,display,0.761265257412954,media
137,display,0.654726257627609,media
138,display,0.824093394137064,media
139,display,0.8445755808935,media
14,display,0.920086774461011,media
140,display,0.659399997691495,media
141,display,0.712372727660487,media
142,display,0.995720357216206,media
143,display,0.633987816985148,media
144,display,0.575314545204539,media
145,display,0.835748056726216,media
146,display,0.692288113209815,media
147,display,0.590134413052397,media
148,display,0.850353999212611,media
149,display,0.688262843443579,media
15,display,0.830220858704271,media
150,display,0.591212896220903,media
151,display,0.747922753088999,media
152,display,0.451770779149193,media
153,display,0.881598911967864,media
154,display,0.820877906517697,media
155,display,0.767401804094137,media
156,display,0.989718840515214,media
157,display,0.480471541874803,media
158,display,0.627221113519703,media
159,display,0.760110421677723,media
16,display,0.585304048649067,media
160,display,0.71252776375539,media
161,display,0.663048589117292,media
162,display,0.889549238382206,media
163,display,0.772555808739587,media
164,display,0.650847618904563,media
165,display,0.710476833887293,media
166,display,0.70124417585246,media
167,display,0.583958328909158,media
168,display,0.7407547920404,media
169,display,0.693950099426807,media
17,display,0.651654843417485,media
170,display,0.654415889758766,media
171,display,0.539791586053747,media
172,display,0.513812193895235,media
173,display,0.833525230746067,media
174,display,0.525119987771284,media
175,display,0.723470807035177,media
176,display,0.609649727707844,media
177,display,0.623625227474753,media
178,display,0.689991386476392,media
179,display,0.890495980907608,media
18,display,0.655431971005189,media
180,display,0.575625563866413,media
181,display,0.661879585197808,media
182,display,0.769774596446836,media
183,display,0.918931958739957,media
184,display,0.791004919172583,media
185,display,0.700544100945666,media
186,display,0.619058809870942,media
187,display,0.586200558746614,media
188,display,0.750369520612017,media
189,display,0.673971653372371,media
19,display,0.529889401542706,media
190,display,0.75285275457704,media
191,display,0.739897199542282,media
192,display,0.611228306083374,media
193,display,0.660300280067591,media
194,display,0.565546460656456,media
195,display,0.60598447227752,media
196,display,0.730859539896947,media
197,display,0.680314990353868,media
198,display,0.719828551181397,media
199,display,0.719464024438068,media
2,display,0.572069996805581,media
20,display,0.713593478256323,media
200,display,0.700527153265814,media
201,display,0.758567141138866,media
202,display,0.666126504702862,media
203,display,0.598624366331666,media
204,display,0.640173428018522,media
205,display,0.577794378523918,media
206,display,0.645027795319689,media
207,display,0.846053658564782,media
208,display,0.607115104353189,media
209,display,0.581080513496926,media
21,display,0.912375881811491,media
210,display,0.586057373000055,media
211,display,0.82066256812474,media
212,display,0.482489831338817,media
213,display,0.84897412649166,media
214,display,0.581436214198616,media
215,display,0.731627830543643,media
216,display,0.763032209989687,media
217,display,0.837139798824988,media
218,display,0.602424737303663,media
219,display,0.57878473180546,media
22,display,0.884513404329093,media
220,display,0.562035159078179,media
221,display,0.954172150590018,media
222,display,0.776467722068046,media
223,display,0.742762292106811,media
224,display,0.829931097243809,media
225,display,0.770153254208451,media
226,display,0.615521740564001,media
227,display,0.729592553823555,media
228,display,0.729053128685921,media
229,display,0.712074410300569,media
23,display,0.879402960781551,media
230,display,0.778362152837387,media
231,display,0.587009096146946,media
232,display,0.553722865739526,media
233,display,0.534210575499557,media
234,display,0.75911025582461,media
235,display,0.513488760666139,media
236,display,0.766035917858573,media
237,display,0.72070106228677,media
238,display,0.545364436810185,media
239,display,0.604866438484685,media
24,display,0.590314333596341,media
240,display,0.702977817488521,media
241,display,0.687011442533495,media
242,display,0.830310376318945,media
243,display,0.741809109209935,media
244,display,0.79400603949369,media
245,display,0.670847420369229,media
246,display,0.654842618588972,media
247,display,0.823992472034776,media
248,display,0.725945446118728,media
249,display,0.654675376518636,media
25,display,0.721209929350424,media
250,display,0.749229400852736,media
251,display,0.816840113335104,media
252,display,0.639860086293416,media
253,display,0.655663152991592,media
254,display,0.807894455634087,media
255,display,0.733201383697331,media
256,display,0.834902531654081,media
257,display,0.717079047551891,media
258,display,0.780503554996676,media
259,display,0.762260861249067,media
26,display,0.567856687362667,media
260,display,0.712509782517604,media
261,display,0.736977725100113,media
262,display,0.668727172907101,media
263,display,0.699750552317012,media
264,display,0.983924605663135,media
265,display,0.65235306742295,media
266,display,0.681962056331211,media
267,display,0.762256309085596,media
268,display,0.729179989501395,media
269,display,0.729810335566336,media
27,display,0.773336235484134,media
270,display,0.98554934060872,media
271,display,0.817987744933801,media
272,display,0.729725823997508,media
273,display,0.805579802196206,media
274,display,0.760117236293933,media
275,display,0.655203913840688,media
276,display,0.71366430201394,media
277,display,0.572976061122464,media
278,display,0.879017388549662,media
279,display,0.635745395465107,media
28,display,0.66188932939609,media
280,display,0.521331843028604,media
281,display,0.846999574545197,media
282,display,0.752430789125252,media
283,display,0.861673186097571,media
284,display,0.491984968819201,media
285,display,0.72084127221602,media
286,display,0.49638728359657,media
287,display,0.666244609280884,media
288,display,0.560539813251089,media
289,display,0.726378037085201,media
29,display,0.662251110571723,media
290,display,0.685328722504578,media
291,display,0.726647703192576,media
292,display,0.875708932946214,media
293,display,0.476647456928298,media
294,display,0.479342569375199,media
295,display,0.544354670245379,media
296,display,0.796582944114128,media
297,display,0.926288232929538,media
298,display,0.875891645891474,media
299,display,0.587075464555825,media
3,display,0.633814504838074,media
30,display,0.711320348784322,media
300,display,0.814495794766592,media
301,display,0.720547863867628,media
302,display,0.760329117639509,media
303,display,0.621488549324405,media
304,display,0.723239983128576,media
305,display,0.533718403178279,media
306,display,0.632538554425064,media
307,display,0.67304757425441,media
308,display,0.83093468686092,media
309,display,0.487764493497219,media
31,display,0.803349607058352,media
310,display,0.721373558772461,media
311,display,0.739192542222193,media
312,display,0.519938009354669,media
313,display,0.909877858093012,media
314,display,0.720832928311932,media
315,display,0.839246192511374,media
316,display,0.759154226950846,media
317,display,0.934805429406853,media
318,display,0.791822643752011,media
319,display,0.824844741574506,media
32,display,0.658031405727504,media
320,display,0.558894940981386,media
321,display,0.801913502364493,media
322,display,0.822578034926205,media
323,display,0.773105308800547,media
324,display,0.840374911021313,media
325,display,0.75526751112612,media
326,display,0.689911338978567,media
327,display,0.816711956341069,media
328,display,0.854620850722731,media
329,display,0.729165084709755,media
33,display,0.622816314229811,media
330,display,0.687506529338409,media
331,display,0.854463783698501,media
332,display,0.870882003165966,media
333,display,0.728356039442279,media
334,display,0.817010675113441,media
335,display,0.558511981846883,media
336,display,0.923666889305401,media
337,display,0.81264539024902,media
338,display,0.653256198480621,media
339,display,0.614038595539417,media
34,display,0.751998343392993,media
340,display,0.713311974420742,media
341,display,0.630533897095622,media
342,display,0.794903765550563,media
343,display,0.769124973365437,media
344,display,0.809715174651179,media
345,display,0.65205127726155,media
346,display,0.7213018044927,media
347,display,0.60307855857965,media
348,display,0.614182918281378,media
349,display,0.665755071853004,media
35,display,0.581121637673417,media
350,display,0.722507526164224,media
351,display,1.01787348844235,media
352,display,0.661535892260432,media
353,display,0.730109278648261,media
354,display,0.804359899371309,media
355,display,0.851832885582774,media
356,display,0.615184451702297,media
357,display,0.722096776905704,media
358,display,0.928480259363647,media
359,display,0.676943965248166,media
36,display,0.718994071482378,media
360,display,0.705140862905655,media
361,display,0.656503454418898,media
362,display,0.700053407853276,media
363,display,0.816723791671764,media
364,display,0.803439780225246,media
365,display,0.790196165369635,media
366,display,0.688338221841617,media
367,display,0.669056918329564,media
368,display,0.601234457425595,media
369,display,0.693295011008262,media
37,display,0.589009724744251,media
370,display,0.663648306063133,media
371,display,0.807159605243036,media
372,display,0.743255464095726,media
373,display,0.557816175818328,media
374,display,0.728122672745173,media
375,display,0.761784013903921,media
376,display,0.729853415059408,media
377,display,0.802702989995457,media
378,display,0.655430599371309,media
379,display,0.636943622900207,media
38,display,0.652017673956907,media
380,display,0.529666414967658,media
381,display,0.609704315003705,media
382,display,0.732439722287805,media
383,display,0.692646211039385,media
384,display,0.725680952592886,media
385,display,0.830110545842689,media
386,display,0.647628997164478,media
387,display,0.694252385577566,media
388,display,0.987828074955063,media
389,display,0.724779974504439,media
39,display,0.802916991043274,media
390,display,0.587667878435559,media
391,display,0.854643900259741,media
392,display,0.819838379748053,media
393,display,0.644906184919035,media
394,display,0.755371397666792,media
395,display,0.673424962891448,media
396,display,0.687474634202676,media
397,display,0.647488434534508,media
398,display,0.740587284839871,media
399,display,0.743290290406589,media
4,display,0.813293737265195,media
40,display,0.74968197853314,media
400,display,0.845070120531446,media
41,display,0.633052549170404,media
42,display,0.983634853583653,media
43,display,0.72645933614402,media
44,display,0.751578012513827,media
45,display,0.369306539439044,media
46,display,0.952235299042956,media
47,display,0.740812677284079,media
48,display,0.79772234795599,media
49,display,0.558562926922573,media
5,display,0.614400862303079,media
50,display,0.672402152555693,media
51,display,0.582774068604622,media
52,display,0.773279048559506,media
53,display,0.726783193524454,media
54,display,0.668468560138471,media
55,display,0.791854351141711,media
56,display,0.685274298085985,media
57,display,0.90790269442895,media
58,display,0.521732896367093,media
59,display,0.594094870572619,media
6,display,0.78419879342041,media
60,display,0.834272584347394,media
61,display,0.53254481155025,media
62,display,0.729941669063325,media
63,display,0.900800245848977,media
64,display,0.739865716413854,media
65,display,0.676130949531608,media
66,display,0.707614525833325,media
67,display,0.530783321570603,media
68,display,0.804787406128388,media
69,display,0.658681169929411,media
7,display,0.851415564128714,media
70,display,0.657826950133701,media
71,display,0.888679048756796,media
72,display,0.688256216127633,media
73,display,0.665403722808236,media
74,display,0.706517250991148,media
75,display,0.73732038771105,media
76,display,0.507869315891283,media
77,display,0.935237488048096,media
78,display,0.562209388970221,media
79,display,0.665174822677285,media
8,display,0.450460702163331,media
80,display,0.720100145327904,media
81,display,0.594406586156271,media
82,display,0.874498047236137,media
83,display,0.620956848794373,media
84,display,0.765295803425806,media
85,display,0.631608686089195,media
86,display,0.539214870660516,media
87,display,0.501666242712353,media
88,display,0.64218627978921,media
89,display,0.704093061588823,media
9,display,0.637331442882402,media
90,display,0.722935090450677,media
91,display,0.7844212819939,media
92,display,0.782930815548939,media
93,display,0.732546297882931,media
94,display,0.703853228720603,media
95,display,0.418934636373583,media
96,display,0.911191267154544,media
97,display,0.634822033904052,media
98,display,0.721430294532116,media
99,display,0.672258701521562,media
1,meta,1.15819806240704,media
10,meta,0.838242965326545,media
100,meta,1.08378957559934,media
101,meta,0.941054810036861,media
102,meta,1.09347142769914,media
103,meta,1.01822393672283,media
104,meta,1.15265863963385,media
105,meta,1.33542604903791,media
106,meta,0.830995738369126,media
107,meta,0.988910644166766,media
108,meta,1.07506147794383,media
109,meta,1.08610699807529,media
11,meta,0.979043911343373,media
110,meta,0.950476393692532,media
111,meta,1.23542850861804,media
112,meta,1.08245123434816,media
113,meta,1.02197253354172,media
114,meta,0.893116865705095,media
115,meta,1.15108429309432,media
116,meta,0.914643652884323,media
117,meta,1.07550496648983,media
118,meta,1.0615577910677,media
119,meta,1.09372247653053,media
12,meta,1.28974615599972,media
120,meta,1.08804963185324,media
121,meta,1.04876319168091,media
122,meta,1.11772757633421,media
123,meta,0.586876833566786,media
124,meta,0.993550646211009,media
125,meta,0.976735730431379,media
126,meta,0.905842464311429,media
127,meta,0.984543997890488,media
128,meta,1.12402907741023,media
129,meta,0.715115003212218,media
13,meta,0.876424006106976,media
130,meta,1.28931873032957,media
131,meta,1.10292807492553,media
132,meta,1.14588911256062,media
133,meta,0.984946143782843,media
134,meta,1.2644695404824,media
135,meta,0.891932338028074,media
136,meta,0.632020029892896,media
137,meta,1.21593369607647,media
138,meta,1.03504045815985,media
139,meta,1.19163883889911,media
14,meta,0.932134806392354,media
140,meta,0.957423552664139,media
141,meta,1.18697852466259,media
142,meta,1.12052577050224,media
143,meta,0.855531497146185,media
144,meta,1.04594516055623,media
145,meta,1.22052911199341,media
146,meta,0.751281152103163,media
147,meta,1.26855569547468,media
148,meta,0.980101307715887,media
149,meta,0.899095884050158,media
15,meta,0.857887238111522,media
150,meta,0.916777727384291,media
151,meta,0.846482118330382,media
152,meta,1.20004762912095,media
153,meta,0.975010890333789,media
154,meta,0.836148244429283,media
155,meta,1.14938387981531,media
156,meta,0.770719952162434,media
157,meta,0.822711800674523,media
158,meta,1.06341353364848,media
159,meta,0.958054632332613,media
16,meta,0.95968631271791,media
160,meta,0.717751130365739,media
161,meta,1.15578044906174,media
162,meta,1.09084376688263,media
163,meta,1.02641417160719,media
164,meta,0.73663322927352,media
165,meta,0.900593710887209,media
166,meta,1.11174572476856,media
167,meta,1.05245311595142,media
168,meta,1.35446660819218,media
169,meta,0.91530558114248,media
17,meta,1.1044681011194,media
170,meta,0.990633055218069,media
171,meta,1.14414425400124,media
172,meta,0.87754775195713,media
173,meta,1.09796608288265,media
174,meta,1.01990657200654,media
175,meta,1.2466952351644,media
176,meta,0.728262120129256,media
177,meta,0.855313304124376,media
178,meta,1.00681282693841,media
179,meta,0.904599792139406,media
18,meta,0.886642411842039,media
180,meta,1.28954348716323,media
181,meta,1.14148335580772,media
182,meta,0.602665201481424,media
183,meta,0.987883539613102,media
184,meta,0.974206632625717,media
185,meta,1.17944114415487,media
186,meta,1.26646130191451,media
187,meta,1.07042196132598,media
188,meta,0.971973217638094,media
189,meta,1.19307915679533,media
19,meta,1.00818792291692,media
190,meta,0.994214642489651,media
191,meta,1.03209827399414,media
192,meta,0.939855179602382,media
193,meta,1.21518059243685,media
194,meta,1.18963005132224,media
195,meta,1.02544441273703,media
196,meta,0.885276194248585,media
197,meta,0.937174654423968,media
198,meta,0.967990799953081,media
199,meta,0.92837164912861,media
2,meta,1.38708780464492,media
20,meta,1.31339867872504,media
200,meta,0.955415119114806,media
201,meta,0.981802021396702,media
202,meta,0.966611044599979,media
203,meta,1.10468854161173,media
204,meta,1.05959000108479,media
205,meta,0.737578141816992,media
206,meta,0.845231959888246,media
207,meta,1.178796157543,media
208,meta,0.88082329854646,media
209,meta,0.96989658514674,media
21,meta,1.16130819028146,media
210,meta,0.947362861754928,media
211,meta,1.31169514091121,media
212,meta,1.11269078475968,media
213,meta,1.1799312239202,media
214,meta,0.82590376488478,media
215,meta,0.968108875779452,media
216,meta,0.77236626235537,media
217,meta,1.01897960633902,media
218,meta,0.97737003543773,media
219,meta,1.15995338879365,media
22,meta,1.03228310989234,media
220,meta,0.901818612032811,media
221,meta,0.998658774421925,media
222,meta,1.07370051957117,media
223,meta,1.20309882759351,media
224,meta,0.742038014618614,media
225,meta,1.08218958784692,media
226,meta,1.08724618117707,media
227,meta,1.03060402327564,media
228,meta,1.01829019906461,media
229,meta,0.906533926512516,media
23,meta,1.10895281738465,media
230,meta,1.06455953338699,media
231,meta,1.08995122757597,media
232,meta,0.99332712027464,media
233,meta,0.607333710730577,media
234,meta,1.11877794822054,media
235,meta,0.767811601678499,media
236,meta,1.18356592714303,media
237,meta,1.27430014809898,media
238,meta,0.686430855916401,media
239,meta,0.931381954568294,media
24,meta,0.889765080388883,media
240,meta,0.917501572331485,media
241,meta,0.822659968330224,media
242,meta,1.15496941845487,media
243,meta,1.01415624776326,media
244,meta,1.26223787458878,media
245,meta,1.00621300580692,media
246,meta,0.751898816589552,media
247,meta,0.85710577669637,media
248,meta,0.95811702570173,media
249,meta,0.64061384694497,media
25,meta,0.76192086886064,media
250,meta,0.968928991201458,media
251,meta,0.955421467773041,media
252,meta,1.31869380069098,media
253,meta,0.939078835095741,media
254,meta,0.969921602716648,media
255,meta,1.13444039948801,media
256,meta,0.867535335804298,media
257,meta,0.796294363801214,media
258,meta,0.983373085215247,media
259,meta,1.14538752560747,media
26,meta,1.04422362171209,media
260,meta,0.780238793893027,media
261,meta,1.41102696589653,media
262,meta,1.1152635625414,media
263,meta,1.21648205334882,media
264,meta,0.990468287575977,media
265,meta,0.767872292196637,media
266,meta,0.926160122318488,media
267,meta,1.125665780638,media
268,meta,1.10677365487345,media
269,meta,0.96100302781626,media
27,meta,1.20046845708316,media
270,meta,1.09119908553531,media
271,meta,0.832507008215959,media
272,meta,0.850500074176369,media
273,meta,1.1024080865727,media
274,meta,1.13096504552463,media
275,meta,1.28718657857009,media
276,meta,1.04427634714593,media
277,meta,0.944704998536255,media
278,meta,1.07667279164136,media
279,meta,0.890592901288625,media
28,meta,1.1687159347978,media
280,meta,0.738479176215008,media
281,meta,0.805711563345282,media
282,meta,1.29857660458421,media
283,meta,1.17820492088125,media
284,meta,0.885465412262944,media
285,meta,0.866154283485842,media
286,meta,0.853658243199457,media
287,meta,0.971396303529738,media
288,meta,0.862691369490792,media
289,meta,1.19171835218329,media
29,meta,0.714330840229803,media
290,meta,0.993849152474104,media
291,meta,0.908924491896074,media
292,meta,1.01221195538653,media
293,meta,0.896857769280226,media
294,meta,0.997605766631319,media
295,meta,1.07401523328394,media
296,meta,1.24111612425994,media
297,meta,1.07253181002703,media
298,meta,0.967888979833543,media
299,meta,0.820164505811284,media
3,meta,1.21011116499697,media
30,meta,1.08777990871112,media
300,meta,0.832212951493611,media
301,meta,1.10590944957278,media
302,meta,0.872841066579899,media
303,meta,1.01341071743622,media
304,meta,1.07372380504205,media
305,meta,1.06751033799393,media
306,meta,1.05891412844046,media
307,meta,1.06738218716888,media
308,meta,1.31762812278034,media
309,meta,1.23707853767125,media
31,meta,1.02609712006924,media
310,meta,1.15469600730172,media
311,meta,0.96271352888634,media
312,meta,0.87763620350755,media
313,meta,1.00873044734767,media
314,meta,1.16063185736702,media
315,meta,0.770509581643522,media
316,meta,0.935841863825973,media
317,meta,0.869827441726143,media
318,meta,1.11074429640291,media
319,meta,1.00482125167859,media
32,meta,0.961166439839611,media
320,meta,0.932919962271199,media
321,meta,1.15396702519045,media
322,meta,1.08434102518291,media
323,meta,1.02937691446149,media
324,meta,0.996399047129057,media
325,meta,0.732322860661608,media
326,meta,0.964014388324394,media
327,meta,1.04586458700907,media
328,meta,0.850089411238239,media
329,meta,1.03138167427335,media
33,meta,0.957373558753439,media
330,meta,1.23840291401228,media
331,meta,1.0913973013665,media
332,meta,1.18662686304137,media
333,meta,0.912011551218101,media
334,meta,1.29958011296706,media
335,meta,0.91318730538471,media
336,meta,1.14847480390364,media
337,meta,1.05532382578996,media
338,meta,1.10195407467357,media
339,meta,0.849520444079817,media
34,meta,0.937107427562911,media
340,meta,1.25166608362224,media
341,meta,1.04912588926771,media
342,meta,1.04102884656679,media
343,meta,1.1903571126945,media
344,meta,1.30799205749316,media
345,meta,1.05894938014783,media
346,meta,1.07594398248015,media
347,meta,0.797643679705199,media
348,meta,0.785615128298827,media
349,meta,1.0568452741434,media
35,meta,0.939159688873384,media
350,meta,0.800379753671905,media
351,meta,0.822295665215829,media
352,meta,0.886122746831256,media
353,meta,1.06190395148279,media
354,meta,1.26387597396075,media
355,meta,1.20088531106783,media
356,meta,0.833728005325568,media
357,meta,0.842321063945842,media
358,meta,1.09319171486137,media
359,meta,0.923321023713559,media
36,meta,0.853653203259997,media
360,meta,0.909042682300126,media
361,meta,1.03893353557875,media
362,meta,1.00879602548214,media
363,meta,0.81462010456493,media
364,meta,1.16367492301031,media
365,meta,0.845750629831468,media
366,meta,1.15645173333455,media
367,meta,0.990112960275661,media
368,meta,1.09403844771427,media
369,meta,0.929113894714229,media
37,meta,0.751351957534312,media
370,meta,1.06962299574643,media
371,meta,0.989234721288074,media
372,meta,0.947133967963109,media
373,meta,1.21708862147072,media
374,meta,0.843396912101375,media
375,meta,1.20394549019188,media
376,meta,0.918968007966525,media
377,meta,1.04592755610114,media
378,meta,1.09362586603007,media
379,meta,0.808726237343339,media
38,meta,1.02583156547165,media
380,meta,1.21394236494666,media
381,meta,1.12227008662512,media
382,meta,0.72744232030546,media
383,meta,0.853642427777139,media
384,meta,1.04842242316658,media
385,meta,0.96802306781601,media
386,meta,1.01429242725554,media
387,meta,0.978963650109851,media
388,meta,1.08292859257244,media
389,meta,0.914421483516648,media
39,meta,1.10541964624143,media
390,meta,0.919445344949612,media
391,meta,0.907395746985584,media
392,meta,1.14440478239184,media
393,meta,0.822239978761584,media
394,meta,0.765321394069181,media
395,meta,1.09069710721539,media
396,meta,0.816059792246824,media
397,meta,0.987254253467909,media
398,meta,1.34362261477399,media
399,meta,1.06064957359518,media
4,meta,0.860457645531432,media
40,meta,0.744131705344197,media
400,meta,1.19255297101805,media
41,meta,0.913001088852982,media
42,meta,0.923265799608446,media
43,meta,1.02525286853712,media
44,meta,1.15175201560338,media
45,meta,1.04154760408409,media
46,meta,1.00092654383806,media
47,meta,1.07028659731908,media
48,meta,1.06695536842647,media
49,meta,0.914073979971128,media
5,meta,0.867516994040498,media
50,meta,1.0114393639576,media
51,meta,0.884526628687566,media
52,meta,1.39596648402181,media
53,meta,1.0490695963268,media
54,meta,0.708017878726904,media
55,meta,1.14369955342838,media
56,meta,0.973680573212218,media
57,meta,1.04434234081467,media
58,meta,0.838012256016104,media
59,meta,0.957491417093422,media
6,meta,0.911633536496721,media
60,meta,1.18897449124273,media
61,meta,1.02361779781661,media
62,meta,1.09951771345298,media
63,meta,1.07851888780456,media
64,meta,0.907935385496715,media
65,meta,0.843338864507242,media
66,meta,1.00982414736926,media
67,meta,1.0687752072323,media
68,meta,0.652647330357065,media
69,meta,1.21809404486731,media
7,meta,1.21034793135397,media
70,meta,0.806348700657265,media
71,meta,1.06584877303646,media
72,meta,1.22395818720931,media
73,meta,1.03642962324311,media
74,meta,0.943442293785295,media
75,meta,1.24080906122718,media
76,meta,0.999152181340014,media
77,meta,1.03556530879699,media
78,meta,0.878562291091307,media
79,meta,1.12507514192848,media
8,meta,0.997304393644227,media
80,meta,1.04809671435796,media
81,meta,1.02107403461897,media
82,meta,1.07072698383381,media
83,meta,1.33921353851555,media
84,meta,0.958556590049089,media
85,meta,0.926786556885508,media
86,meta,0.748697375794365,media
87,meta,0.986101697640735,media
88,meta,0.946053703393555,media
89,meta,1.12010063057763,media
9,meta,0.914611940102325,media
90,meta,0.994934462357348,media
91,meta,1.11235878482827,media
92,meta,1.27206306640395,media
93,meta,1.18772976934714,media
94,meta,1.03590316990403,media
95,meta,0.884331663117561,media
96,meta,0.979948249212445,media
97,meta,1.05167313075741,media
98,meta,0.879140103304599,media
99,meta,0.784470745882746,media
1,paid_search,1.45539315206232,media
10,paid_search,1.58011771238426,media
100,paid_search,1.29102463209805,media
101,paid_search,1.35141549511485,media
102,paid_search,1.25278238578605,media
103,paid_search,1.58656932448258,media
104,paid_search,1.57791266366574,media
105,paid_search,1.4630332445266,media
106,paid_search,1.58688068905682,media
107,paid_search,1.44993792426202,media
108,paid_search,1.58686145050696,media
109,paid_search,1.54228514242604,media
11,paid_search,1.24410155199178,media
110,paid_search,1.54509797194481,media
111,paid_search,1.50502219998757,media
112,paid_search,1.38421140664495,media
113,paid_search,1.55009782532023,media
114,paid_search,1.34675357146024,media
115,paid_search,1.55120667026602,media
116,paid_search,1.53151067466248,media
117,paid_search,1.6442076017165,media
118,paid_search,1.16905353643972,media
119,paid_search,1.87282392529147,media
12,paid_search,1.3604624408458,media
120,paid_search,1.53506118712868,media
121,paid_search,1.3252236392999,media
122,paid_search,1.68685809747937,media
123,paid_search,1.62360169671621,media
124,paid_search,1.5203209789197,media
125,paid_search,1.33617058516112,media
126,paid_search,1.58462464085526,media
127,paid_search,1.25572525451005,media
128,paid_search,1.40410335548125,media
129,paid_search,1.32180990063555,media
13,paid_search,1.60620600442495,media
130,paid_search,1.60594254941793,media
131,paid_search,1.35234613825962,media
132,paid_search,1.2807966985619,media
133,paid_search,1.19755938074877,media
134,paid_search,1.60474062669938,media
135,paid_search,1.26595035198941,media
136,paid_search,1.57442937882344,media
137,paid_search,1.49486264185107,media
138,paid_search,1.53705468186311,media
139,paid_search,1.89736705916038,media
14,paid_search,1.34689585920622,media
140,paid_search,1.50921110771146,media
141,paid_search,1.51684168342811,media
142,paid_search,1.49926122035356,media
143,paid_search,1.3200848298206,media
144,paid_search,1.83241662001108,media
145,paid_search,1.4966922733543,media
146,paid_search,1.54533034952198,media
147,paid_search,1.4320196502163,media
148,paid_search,1.67860725263645,media
149,paid_search,1.4386459147221,media
15,paid_search,1.26729856875977,media
150,paid_search,1.70979176417739,media
151,paid_search,1.49395437504126,media
152,paid_search,1.46278138853111,media
153,paid_search,1.64693399352449,media
154,paid_search,1.50095594908172,media
155,paid_search,1.42493346424256,media
156,paid_search,1.49386903147078,media
157,paid_search,1.5606446241631,media
158,paid_search,1.60252760959819,media
159,paid_search,1.63131940470742,media
16,paid_search,1.55912767325722,media
160,paid_search,1.53257459417818,media
161,paid_search,1.87048799275544,media
162,paid_search,1.54127795939139,media
163,paid_search,1.77953858609584,media
164,paid_search,1.64588232701065,media
165,paid_search,1.56633281134337,media
166,paid_search,1.30494413064866,media
167,paid_search,1.39486829106643,media
168,paid_search,1.05910922974545,media
169,paid_search,1.66382007726373,media
17,paid_search,1.58736802082542,media
170,paid_search,1.50199506418336,media
171,paid_search,1.89062685735327,media
172,paid_search,1.50479821374905,media
173,paid_search,1.5499082022124,media
174,paid_search,1.68174427942284,media
175,paid_search,1.53734986166507,media
176,paid_search,1.68832557340957,media
177,paid_search,2.00126192757907,media
178,paid_search,1.73149809620411,media
179,paid_search,1.7446409355295,media
18,paid_search,1.55993056917601,media
180,paid_search,1.61666112831954,media
181,paid_search,1.42075487880938,media
182,paid_search,1.52110926512287,media
183,paid_search,1.63106302724458,media
184,paid_search,1.79937346761274,media
185,paid_search,1.61035383058077,media
186,paid_search,1.79936178431414,media
187,paid_search,1.57842917408283,media
188,paid_search,1.46059836264263,media
189,paid_search,1.59030062657316,media
19,paid_search,1.59063270497174,media
190,paid_search,1.81681677813328,media
191,paid_search,1.28824162904719,media
192,paid_search,1.68499124104805,media
193,paid_search,1.45724722032803,media
194,paid_search,1.55868219239659,media
195,paid_search,1.41775300263447,media
196,paid_search,1.20059121253464,media
197,paid_search,1.40150117905115,media
198,paid_search,1.96787654597208,media
199,paid_search,1.69567840396965,media
2,paid_search,1.29166533795358,media
20,paid_search,1.4919359885078,media
200,paid_search,1.63425463952527,media
201,paid_search,1.75913276805926,media
202,paid_search,1.36031835734261,media
203,paid_search,1.53481867441475,media
204,paid_search,1.42374605796106,media
205,paid_search,1.23973266244109,media
206,paid_search,1.37959244053529,media
207,paid_search,1.41703588154885,media
208,paid_search,1.81195055075706,media
209,paid_search,1.47324297955529,media
21,paid_search,1.65448731204598,media
210,paid_search,1.50495130719646,media
211,paid_search,1.40672738196687,media
212,paid_search,1.40808385472298,media
213,paid_search,1.74051191275108,media
214,paid_search,1.6201016693006,media
215,paid_search,1.68640152718493,media
216,paid_search,1.77591590570018,media
217,paid_search,1.62635453522172,media
218,paid_search,1.70699198215203,media
219,paid_search,1.64020118708688,media
22,paid_search,1.38607399470655,media
220,paid_search,1.55178075911135,media
221,paid_search,1.78176159457195,media
222,paid_search,1.65298507456436,media
223,paid_search,1.37116415212148,media
224,paid_search,1.63629862341516,media
225,paid_search,1.63326174006972,media
226,paid_search,1.61415138991161,media
227,paid_search,1.54328888354853,media
228,paid_search,1.61605471333669,media
229,paid_search,1.47037658382487,media
23,paid_search,1.70677048658666,media
230,paid_search,1.68246435501867,media
231,paid_search,1.25401581990427,media
232,paid_search,1.51177980379883,media
233,paid_search,1.10921891586526,media
234,paid_search,1.67137652588117,media
235,paid_search,1.56945232024429,media
236,paid_search,1.83575497825462,media
237,paid_search,1.26103162305805,media
238,paid_search,1.18938458970437,media
239,paid_search,1.50638861660844,media
24,paid_search,1.61569169862019,media
240,paid_search,1.71729465841485,media
241,paid_search,1.52554394594269,media
242,paid_search,1.49974625863416,media
243,paid_search,1.68049705227861,media
244,paid_search,1.56782344003881,media
245,paid_search,1.33815835253606,media
246,paid_search,1.69788809336265,media
247,paid_search,1.37417169335,media
248,paid_search,1.51025807726455,media
249,paid_search,1.46483346608071,media
25,paid_search,1.96728388187023,media
250,paid_search,1.28847466720709,media
251,paid_search,1.30809786682726,media
252,paid_search,1.60834142489768,media
253,paid_search,1.79366216305089,media
254,paid_search,1.53956366489601,media
255,paid_search,1.52428357759213,media
256,paid_search,1.4980268566416,media
257,paid_search,1.82912080198171,media
258,paid_search,1.87193327232545,media
259,paid_search,1.58167491044537,media
26,paid_search,1.59001160915468,media
260,paid_search,1.83528432256402,media
261,paid_search,1.79558957304054,media
262,paid_search,1.49164003382357,media
263,paid_search,1.6031409591975,media
264,paid_search,1.45848958923931,media
265,paid_search,1.47752238421919,media
266,paid_search,1.66031219959062,media
267,paid_search,1.67613974058311,media
268,paid_search,1.90753077608792,media
269,paid_search,1.34292715659335,media
27,paid_search,1.67323155400164,media
270,paid_search,1.64904042353973,media
271,paid_search,1.70517127989413,media
272,paid_search,1.81257586129041,media
273,paid_search,1.64979881424696,media
274,paid_search,1.12710147608641,media
275,paid_search,1.28341709326128,media
276,paid_search,1.86513635959599,media
277,paid_search,1.75077663137239,media
278,paid_search,1.58149481604205,media
279,paid_search,1.51944011514886,media
28,paid_search,1.51619571003381,media
280,paid_search,1.57647822352694,media
281,paid_search,1.57041986067084,media
282,paid_search,1.90623804870569,media
283,paid_search,1.31926619251886,media
284,paid_search,1.65295430273075,media
285,paid_search,1.38592259577199,media
286,paid_search,1.51788260367879,media
287,paid_search,1.87992391181887,media
288,paid_search,1.47857656155413,media
289,paid_search,1.61790618066371,media
29,paid_search,1.36217589045113,media
290,paid_search,1.51965918316948,media
291,paid_search,2.1070990545249,media
292,paid_search,1.45211136948109,media
293,paid_search,1.42566702284803,media
294,paid_search,1.76391870058372,media
295,paid_search,1.21728083353565,media
296,paid_search,1.68859989050496,media
297,paid_search,1.73948081482468,media
298,paid_search,1.49914713745689,media
299,paid_search,1.54911111985152,media
3,paid_search,1.57313115548381,media
30,paid_search,1.48185235761387,media
300,paid_search,1.56634867613102,media
301,paid_search,1.35147525382463,media
302,paid_search,1.95312831448073,media
303,paid_search,1.19514315312565,media
304,paid_search,1.59148056175091,media
305,paid_search,1.38795224866999,media
306,paid_search,1.4518383976096,media
307,paid_search,1.24736305435747,media
308,paid_search,1.71651448517037,media
309,paid_search,1.52857419290107,media
31,paid_search,1.61015029339029,media
310,paid_search,1.37337818164956,media
311,paid_search,1.51385544801272,media
312,paid_search,1.55709383206691,media
313,paid_search,1.22480330488086,media
314,paid_search,1.49259249649,media
315,paid_search,1.3755573661683,media
316,paid_search,1.26291200309205,media
317,paid_search,1.56725170785734,media
318,paid_search,1.78687562612722,media
319,paid_search,2.05902573949563,media
32,paid_search,1.12767711922843,media
320,paid_search,1.96627987543921,media
321,paid_search,1.67082191573699,media
322,paid_search,1.56987410131732,media
323,paid_search,1.87832105743759,media
324,paid_search,1.60377498545802,media
325,paid_search,1.61513115682464,media
326,paid_search,1.37647180053307,media
327,paid_search,1.6433698774955,media
328,paid_search,1.44701687063941,media
329,paid_search,1.84809680855991,media
33,paid_search,1.53841418765979,media
330,paid_search,1.39619836656612,media
331,paid_search,1.71007180621003,media
332,paid_search,1.52526749885126,media
333,paid_search,1.40745403291933,media
334,paid_search,1.58483626151347,media
335,paid_search,1.57931523279159,media
336,paid_search,1.51661302667529,media
337,paid_search,1.4284724611739,media
338,paid_search,1.5228316569925,media
339,paid_search,1.18809140239344,media
34,paid_search,1.53984465541824,media
340,paid_search,1.6985990195285,media
341,paid_search,1.86533194910595,media
342,paid_search,1.45619453690916,media
343,paid_search,1.62059295906744,media
344,paid_search,1.79460834100285,media
345,paid_search,1.73384731944124,media
346,paid_search,1.49863228932616,media
347,paid_search,1.4310673466203,media
348,paid_search,1.50463680712428,media
349,paid_search,1.46277555679999,media
35,paid_search,1.6488567279377,media
350,paid_search,1.67970306181582,media
351,paid_search,1.46095583998882,media
352,paid_search,1.5633900833768,media
353,paid_search,1.23689325285077,media
354,paid_search,1.3547124429875,media
355,paid_search,1.50804968724201,media
356,paid_search,1.52715991772062,media
357,paid_search,1.78934866978718,media
358,paid_search,1.62573683188572,media
359,paid_search,1.71585765852097,media
36,paid_search,1.75869754928553,media
360,paid_search,1.65404969886856,media
361,paid_search,2.13598963987204,media
362,paid_search,1.80296234742737,media
363,paid_search,1.69751643999141,media
364,paid_search,1.86960023619084,media
365,paid_search,1.41997134405885,media
366,paid_search,1.63595168273647,media
367,paid_search,1.48812042308317,media
368,paid_search,1.41392682276591,media
369,paid_search,1.72507337582956,media
37,paid_search,1.80989641802235,media
370,paid_search,1.44612142179443,media
371,paid_search,1.5759381586774,media
372,paid_search,1.29793799556205,media
373,paid_search,1.672400474514,media
374,paid_search,1.56072590356564,media
375,paid_search,1.54923188037134,media
376,paid_search,1.71190181220239,media
377,paid_search,1.30140524516775,media
378,paid_search,1.71070278414608,media
379,paid_search,1.61470339779836,media
38,paid_search,1.57984358247758,media
380,paid_search,1.35587433520237,media
381,paid_search,1.55788705026727,media
382,paid_search,1.43216857252133,media
383,paid_search,1.45565221073199,media
384,paid_search,1.47657419003344,media
385,paid_search,1.70028743416007,media
386,paid_search,1.35134387263879,media
387,paid_search,1.3809558239644,media
388,paid_search,1.14589856772108,media
389,paid_search,1.51088905926704,media
39,paid_search,1.21707135972825,media
390,paid_search,1.82267747345827,media
391,paid_search,1.83665033948538,media
392,paid_search,0.986994109265419,media
393,paid_search,1.52353059600497,media
394,paid_search,1.04217162411964,media
395,paid_search,1.6559732422901,media
396,paid_search,1.23047634579554,media
397,paid_search,1.14936244027284,media
398,paid_search,1.29883620288962,media
399,paid_search,1.5988575015427,media
4,paid_search,1.63001451646793,media
40,paid_search,1.60176397659665,media
400,paid_search,1.52846135512972,media
41,paid_search,1.69063941041492,media
42,paid_search,1.64421269533224,media
43,paid_search,1.56603032250398,media
44,paid_search,1.55859288924672,media
45,paid_search,1.56171857042028,media
46,paid_search,1.52396439742473,media
47,paid_search,1.69904710333536,media
48,paid_search,1.54307607071279,media
49,paid_search,1.46880639095872,media
5,paid_search,1.65978896388859,media
50,paid_search,1.60974957832749,media
51,paid_search,1.21197366351575,media
52,paid_search,1.65270240142632,media
53,paid_search,1.38871435562313,media
54,paid_search,1.55139458747254,media
55,paid_search,1.25189098835993,media
56,paid_search,1.03650751712518,media
57,paid_search,1.84331901844824,media
58,paid_search,1.61959365024116,media
59,paid_search,1.8164865738905,media
6,paid_search,1.66631435689505,media
60,paid_search,1.69767140913942,media
61,paid_search,1.4069273937845,media
62,paid_search,1.90302998624901,media
63,paid_search,1.50498069025694,media
64,paid_search,1.61271622384023,media
65,paid_search,1.47171022349817,media
66,paid_search,1.45772388260108,media
67,paid_search,1.64643793685589,media
68,paid_search,1.6239021394997,media
69,paid_search,1.43595102412908,media
7,paid_search,1.56257290132402,media
70,paid_search,1.66614210192136,media
71,paid_search,1.39556518506734,media
72,paid_search,1.6961219324653,media
73,paid_search,1.57625193746887,media
74,paid_search,1.74550197812778,media
75,paid_search,1.62421190404821,media
76,paid_search,1.82344854085299,media
77,paid_search,1.60340300769178,media
78,paid_search,1.88641171581293,media
79,paid_search,1.47252207758826,media
8,paid_search,1.56184579912942,media
80,paid_search,1.45445704871767,media
81,paid_search,1.28490690505799,media
82,paid_search,1.41541978126238,media
83,paid_search,1.23464671969988,media
84,paid_search,1.2830701063146,media
85,paid_search,1.44073411621431,media
86,paid_search,1.84355652734647,media
87,paid_search,1.53794668003374,media
88,paid_search,1.54660099505071,media
89,paid_search,1.87525853435704,media
9,paid_search,1.26235233170865,media
90,paid_search,1.50592633849944,media
91,paid_search,1.68146873785356,media
92,paid_search,1.59866308968444,media
93,paid_search,1.690275410617,media
94,paid_search,1.42237236205465,media
95,paid_search,1.31753791101228,media
96,paid_search,1.37049376681393,media
97,paid_search,1.32035827912848,media
98,paid_search,1.21174392516907,media
99,paid_search,1.47476929203545,media
1,retail_media,0.824195438336256,media
10,retail_media,1.04499776505364,media
100,retail_media,0.797113737089081,media
101,retail_media,1.03064021486283,media
102,retail_media,1.00667637815852,media
103,retail_media,0.866897821347819,media
104,retail_media,0.950426014980583,media
105,retail_media,1.29751738924689,media
106,retail_media,1.00304389661712,media
107,retail_media,0.933125945433239,media
108,retail_media,1.00008995870141,media
109,retail_media,0.979801535919722,media
11,retail_media,0.676041811099998,media
110,retail_media,0.975871976733591,media
111,retail_media,1.08370737684295,media
112,retail_media,1.02177065467264,media
113,retail_media,1.14443562715765,media
114,retail_media,0.973090867472082,media
115,retail_media,0.815148834590763,media
116,retail_media,0.978672952886282,media
117,retail_media,0.854356405277097,media
118,retail_media,0.853507629676956,media
119,retail_media,0.839663251888618,media
12,retail_media,1.14935467910966,media
120,retail_media,1.00862416435289,media
121,retail_media,0.9724568050208,media
122,retail_media,1.10208515832377,media
123,retail_media,1.01176470074521,media
124,retail_media,1.0866009350973,media
125,retail_media,1.1842997040111,media
126,retail_media,1.01621046081172,media
127,retail_media,1.02773327612269,media
128,retail_media,0.666630910979388,media
129,retail_media,0.957364249356509,media
13,retail_media,0.920098307501785,media
130,retail_media,0.916903586885638,media
131,retail_media,0.787016207495115,media
132,retail_media,1.11045858903663,media
133,retail_media,1.13099488611738,media
134,retail_media,1.01048111212199,media
135,retail_media,1.15545876738132,media
136,retail_media,0.890529777672397,media
137,retail_media,1.07630880922712,media
138,retail_media,1.15178246214232,media
139,retail_media,0.967406137387025,media
14,retail_media,0.888664211218648,media
140,retail_media,0.812078146197174,media
141,retail_media,0.864282622604875,media
142,retail_media,0.752779166021178,media
143,retail_media,0.843369351820576,media
144,retail_media,0.908898862888138,media
145,retail_media,1.0472155998114,media
146,retail_media,1.12410806915503,media
147,retail_media,1.04248274092201,media
148,retail_media,0.997103300192516,media
149,retail_media,0.978168044015485,media
15,retail_media,1.10796970546522,media
150,retail_media,1.09124133374974,media
151,retail_media,0.993137660492454,media
152,retail_media,0.918622733083989,media
153,retail_media,0.840181655241415,media
154,retail_media,0.790447422703207,media
155,retail_media,1.08745633971791,media
156,retail_media,0.790021696675599,media
157,retail_media,1.00969656857704,media
158,retail_media,1.12547605519381,media
159,retail_media,1.02439782646157,media
16,retail_media,1.33903214537255,media
160,retail_media,0.808661532527474,media
161,retail_media,0.652590506112944,media
162,retail_media,0.945837326950009,media
163,retail_media,1.04009277048375,media
164,retail_media,0.920156765006722,media
165,retail_media,1.02855365030632,media
166,retail_media,0.943116587829729,media
167,retail_media,1.11665614443563,media
168,retail_media,1.21632933773574,media
169,retail_media,1.0866234230201,media
17,retail_media,0.85866877130281,media
170,retail_media,0.899085681823913,media
171,retail_media,0.836942484817022,media
172,retail_media,0.831641307857763,media
173,retail_media,1.02414202407515,media
174,retail_media,0.893440856811806,media
175,retail_media,1.08991629552222,media
176,retail_media,0.880798647792637,media
177,retail_media,0.930154952577656,media
178,retail_media,0.969218759814234,media
179,retail_media,0.820709752571127,media
18,retail_media,0.910168406992921,media
180,retail_media,1.05255903238921,media
181,retail_media,0.671781597443309,media
182,retail_media,0.729191994689863,media
183,retail_media,0.968577168500427,media
184,retail_media,0.958070863556664,media
185,retail_media,1.01689377524704,media
186,retail_media,0.802798381419154,media
187,retail_media,0.84780192398666,media
188,retail_media,0.86427117958078,media
189,retail_media,1.19960666911622,media
19,retail_media,1.26668407627596,media
190,retail_media,1.14094490589236,media
191,retail_media,1.12491668961713,media
192,retail_media,0.868461601225257,media
193,retail_media,0.935033305972443,media
194,retail_media,0.726927298874947,media
195,retail_media,1.06210353674429,media
196,retail_media,1.08812421402927,media
197,retail_media,0.930853630009761,media
198,retail_media,1.09847298863472,media
199,retail_media,0.767704356846844,media
2,retail_media,1.10431557734585,media
20,retail_media,1.04088403481961,media
200,retail_media,0.941106242547763,media
201,retail_media,0.911401872614392,media
202,retail_media,0.700794622509205,media
203,retail_media,1.13474303765909,media
204,retail_media,0.983709934873132,media
205,retail_media,0.871313138180572,media
206,retail_media,0.928687693640628,media
207,retail_media,0.95793196101855,media
208,retail_media,0.92892705027268,media
209,retail_media,0.887715302211214,media
21,retail_media,1.10508403707196,media
210,retail_media,0.861051072596317,media
211,retail_media,1.22789359376849,media
212,retail_media,1.05068691436967,media
213,retail_media,0.83825234824146,media
214,retail_media,0.772444421263822,media
215,retail_media,1.16443735092623,media
216,retail_media,1.18366669644729,media
217,retail_media,0.918398932105385,media
218,retail_media,1.03389825969909,media
219,retail_media,0.979512286821302,media
22,retail_media,0.964127556771336,media
220,retail_media,1.10306619638075,media
221,retail_media,1.0452101147428,media
222,retail_media,0.860718302892497,media
223,retail_media,0.8660274867172,media
224,retail_media,0.968826362840777,media
225,retail_media,1.07070228353084,media
226,retail_media,0.916096234274517,media
227,retail_media,0.98366163069024,media
228,retail_media,1.09387158554078,media
229,retail_media,1.15232570383765,media
23,retail_media,1.01483804454007,media
230,retail_media,0.977106032553704,media
231,retail_media,0.771683760991309,media
232,retail_media,0.846747922112524,media
233,retail_media,1.14252195671364,media
234,retail_media,1.07952232697085,media
235,retail_media,1.05819796901476,media
236,retail_media,0.939657892434641,media
237,retail_media,0.700517013330186,media
238,retail_media,1.07631861792507,media
239,retail_media,0.825590439754719,media
24,retail_media,0.872956061001593,media
240,retail_media,0.625525974924867,media
241,retail_media,1.01675895826218,media
242,retail_media,1.20255787520702,media
243,retail_media,0.933382255101267,media
244,retail_media,0.986203006838943,media
245,retail_media,0.846981462063366,media
246,retail_media,0.957047015974533,media
247,retail_media,1.01974208750472,media
248,retail_media,0.839665898142957,media
249,retail_media,0.915687884961816,media
25,retail_media,1.06431788770289,media
250,retail_media,0.975623157323787,media
251,retail_media,0.712815618897511,media
252,retail_media,0.849995380561238,media
253,retail_media,0.622029173760111,media
254,retail_media,0.953877881146957,media
255,retail_media,1.04914413798038,media
256,retail_media,1.07411410282111,media
257,retail_media,0.806407916834391,media
258,retail_media,0.840937721692735,media
259,retail_media,0.944095237387558,media
26,retail_media,0.990238671179971,media
260,retail_media,1.068671678776,media
261,retail_media,0.898768120181139,media
262,retail_media,0.951973047686777,media
263,retail_media,0.963620456649686,media
264,retail_media,0.736006567781919,media
265,retail_media,0.890415050180298,media
266,retail_media,0.808669390765585,media
267,retail_media,1.05057922958588,media
268,retail_media,0.684506209977017,media
269,retail_media,0.90083868561095,media
27,retail_media,0.974983502844986,media
270,retail_media,0.806466762555501,media
271,retail_media,1.26834531773732,media
272,retail_media,0.969571862029688,media
273,retail_media,0.971775992549344,media
274,retail_media,0.856642075723334,media
275,retail_media,1.09160416802541,media
276,retail_media,1.05143021986437,media
277,retail_media,1.07158411666232,media
278,retail_media,0.926909791479111,media
279,retail_media,1.02546174203316,media
28,retail_media,0.912001496461836,media
280,retail_media,1.0641122625848,media
281,retail_media,0.905387767020988,media
282,retail_media,0.967856307218232,media
283,retail_media,1.04569137189761,media
284,retail_media,0.923153375509248,media
285,retail_media,0.969240622368497,media
286,retail_media,0.947306710377399,media
287,retail_media,1.03441973549106,media
288,retail_media,0.903959961637528,media
289,retail_media,1.20603816625132,media
29,retail_media,0.865919279034874,media
290,retail_media,0.932354308182969,media
291,retail_media,0.827553641845495,media
292,retail_media,0.855839682462891,media
293,retail_media,0.917477774316788,media
294,retail_media,1.02008549511939,media
295,retail_media,0.870198307731611,media
296,retail_media,0.948669923287669,media
297,retail_media,1.05096042300173,media
298,retail_media,0.874259312943904,media
299,retail_media,0.839622136427912,media
3,retail_media,0.846172475646306,media
30,retail_media,0.924707483511868,media
300,retail_media,0.999776820912168,media
301,retail_media,0.92092591994439,media
302,retail_media,1.01761327500871,media
303,retail_media,0.866311409546124,media
304,retail_media,0.972361965568499,media
305,retail_media,0.938512203504499,media
306,retail_media,1.07516894348871,media
307,retail_media,0.919665295566618,media
308,retail_media,0.893459180468087,media
309,retail_media,1.20085888119286,media
31,retail_media,1.26966762945187,media
310,retail_media,1.13364827784563,media
311,retail_media,0.861830484226779,media
312,retail_media,0.954695366431401,media
313,retail_media,1.01448771323241,media
314,retail_media,0.890494281181297,media
315,retail_media,0.913893923412492,media
316,retail_media,0.910284501660627,media
317,retail_media,0.828712510115783,media
318,retail_media,0.971813919096672,media
319,retail_media,1.01211259388922,media
32,retail_media,0.93224047020554,media
320,retail_media,0.79991836289062,media
321,retail_media,0.87409685141135,media
322,retail_media,0.848243695507929,media
323,retail_media,0.848402828242754,media
324,retail_media,0.798451509816072,media
325,retail_media,0.918938763691655,media
326,retail_media,0.985856824256055,media
327,retail_media,0.687132872551628,media
328,retail_media,1.11149752100631,media
329,retail_media,1.01908208156813,media
33,retail_media,1.03314818116151,media
330,retail_media,1.11801147486118,media
331,retail_media,0.924867577780436,media
332,retail_media,0.899567039671068,media
333,retail_media,0.770800094111873,media
334,retail_media,0.632053045186739,media
335,retail_media,0.905370004991228,media
336,retail_media,0.766208429733813,media
337,retail_media,1.00161947682305,media
338,retail_media,1.05188164965339,media
339,retail_media,1.18269210539644,media
34,retail_media,0.88183885171686,media
340,retail_media,0.982977745939943,media
341,retail_media,0.750754975539583,media
342,retail_media,1.03989203183856,media
343,retail_media,1.13376469680254,media
344,retail_media,0.864866073664521,media
345,retail_media,0.928334872659305,media
346,retail_media,0.694248713411525,media
347,retail_media,0.970125901864474,media
348,retail_media,1.08902043932324,media
349,retail_media,0.808680402624728,media
35,retail_media,0.728661246066587,media
350,retail_media,1.01027097853936,media
351,retail_media,1.03435187663064,media
352,retail_media,0.933235792586093,media
353,retail_media,0.859271644194926,media
354,retail_media,0.881474517614385,media
355,retail_media,0.873367274480864,media
356,retail_media,0.728858681346845,media
357,retail_media,1.00827262822508,media
358,retail_media,0.967407492627405,media
359,retail_media,0.978723085789823,media
36,retail_media,0.987594394573016,media
360,retail_media,0.934413517594989,media
361,retail_media,0.798607604067901,media
362,retail_media,0.847331150588516,media
363,retail_media,0.891647201450511,media
364,retail_media,0.806422977230352,media
365,retail_media,1.02023160668296,media
366,retail_media,1.07963506737981,media
367,retail_media,0.957120343501402,media
368,retail_media,1.00623357631458,media
369,retail_media,0.874682830332945,media
37,retail_media,1.0502937661886,media
370,retail_media,1.20045056779143,media
371,retail_media,0.831766447303782,media
372,retail_media,0.764162041127007,media
373,retail_media,0.82535250180944,media
374,retail_media,1.05716772234839,media
375,retail_media,1.09736547535597,media
376,retail_media,0.898458114800305,media
377,retail_media,1.42854109864529,media
378,retail_media,1.11375856508288,media
379,retail_media,0.937909477385755,media
38,retail_media,0.979587481871995,media
380,retail_media,0.697165165160866,media
381,retail_media,0.915588586077479,media
382,retail_media,0.798973230796887,media
383,retail_media,0.891057797603028,media
384,retail_media,0.967629853160763,media
385,retail_media,0.864395503438487,media
386,retail_media,0.766320987056245,media
387,retail_media,0.86180542175096,media
388,retail_media,1.08445606275159,media
389,retail_media,1.05536706806116,media
39,retail_media,0.935960107984893,media
390,retail_media,1.27126840298133,media
391,retail_media,0.921443783217337,media
392,retail_media,1.04954925796557,media
393,retail_media,1.13424344709467,media
394,retail_media,0.682457108016432,media
395,retail_media,0.949538191144984,media
396,retail_media,0.993536326552326,media
397,retail_media,0.880142311253811,media
398,retail_media,0.889498667284934,media
399,retail_media,0.937280609983219,media
4,retail_media,1.06726812557633,media
40,retail_media,1.08802482533296,media
400,retail_media,0.790712832215364,media
41,retail_media,0.764620155130537,media
42,retail_media,0.721358065025233,media
43,retail_media,1.08138982262565,media
44,retail_media,0.836591255796577,media
45,retail_media,1.04544685455373,media
46,retail_media,0.76312068155578,media
47,retail_media,1.05585646528966,media
48,retail_media,0.969448040072759,media
49,retail_media,0.803699365283447,media
5,retail_media,0.728244073722263,media
50,retail_media,0.968759911573179,media
51,retail_media,1.05750793686227,media
52,retail_media,0.99065037902826,media
53,retail_media,0.979556357330653,media
54,retail_media,0.830250744057814,media
55,retail_media,1.02784919241175,media
56,retail_media,0.915862154750444,media
57,retail_media,0.862704196898806,media
58,retail_media,0.824720947193968,media
59,retail_media,0.884905503539331,media
6,retail_media,1.07384069880802,media
60,retail_media,1.14026436476944,media
61,retail_media,0.998652045209567,media
62,retail_media,0.867857330900824,media
63,retail_media,1.02871944729203,media
64,retail_media,0.8709071314218,media
65,retail_media,0.891167643240265,media
66,retail_media,0.816467840551371,media
67,retail_media,1.13776397149449,media
68,retail_media,0.987125660068899,media
69,retail_media,0.959019246406137,media
7,retail_media,1.29616145282059,media
70,retail_media,0.891211198965746,media
71,retail_media,1.09573585073202,media
72,retail_media,0.759499646791395,media
73,retail_media,0.871903980704676,media
74,retail_media,0.766900018967253,media
75,retail_media,1.32124420928432,media
76,retail_media,1.08979467787903,media
77,retail_media,1.02029176136493,media
78,retail_media,0.609418068570682,media
79,retail_media,1.05259967804861,media
8,retail_media,0.917833650216033,media
80,retail_media,1.0402444191563,media
81,retail_media,0.915049779130978,media
82,retail_media,0.777640047940178,media
83,retail_media,0.794598770121015,media
84,retail_media,1.07788544895425,media
85,retail_media,0.878033963611584,media
86,retail_media,0.97498072387177,media
87,retail_media,0.849937158644243,media
88,retail_media,1.1454797462317,media
89,retail_media,0.935122426562796,media
9,retail_media,0.896472481726798,media
90,retail_media,0.718516647886783,media
91,retail_media,1.10025057539326,media
92,retail_media,1.05875145767918,media
93,retail_media,1.15891167647239,media
94,retail_media,1.0940570538998,media
95,retail_media,0.920863732311544,media
96,retail_media,1.0197608866759,media
97,retail_media,0.954297473388804,media
98,retail_media,0.935715571566791,media
99,retail_media,1.27280290420214,media
1,tiktok,0.450786928060203,media
10,tiktok,0.909671031169598,media
100,tiktok,0.647092214873616,media
101,tiktok,1.05348873812745,media
102,tiktok,0.997078811836382,media
103,tiktok,0.835886484446858,media
104,tiktok,1.33368765417491,media
105,tiktok,0.808706305233388,media
106,tiktok,1.1777555415073,media
107,tiktok,0.659014408280054,media
108,tiktok,0.882890416587923,media
109,tiktok,0.982784400096025,media
11,tiktok,0.863931443003643,media
110,tiktok,0.986946354518111,media
111,tiktok,0.839390045628843,media
112,tiktok,0.78951408170132,media
113,tiktok,0.923607840634149,media
114,tiktok,0.873864244160614,media
115,tiktok,0.750605960336853,media
116,tiktok,0.948273451353536,media
117,tiktok,1.05563588592715,media
118,tiktok,0.70430615461296,media
119,tiktok,0.764573343042141,media
12,tiktok,0.726788451249717,media
120,tiktok,0.915092310906009,media
121,tiktok,1.1239769661538,media
122,tiktok,0.864086189140746,media
123,tiktok,0.771653588687117,media
124,tiktok,0.982119360709467,media
125,tiktok,1.04561566600563,media
126,tiktok,0.991786078637736,media
127,tiktok,0.8003254510983,media
128,tiktok,0.648880671033798,media
129,tiktok,0.644173563174435,media
13,tiktok,1.10008231698665,media
130,tiktok,0.917670322205754,media
131,tiktok,0.78208432347518,media
132,tiktok,0.815035859032411,media
133,tiktok,0.88012738608742,media
134,tiktok,0.781362399385957,media
135,tiktok,1.00150963431581,media
136,tiktok,0.969715730085823,media
137,tiktok,0.859645632260222,media
138,tiktok,0.858851890339246,media
139,tiktok,0.97784889912128,media
14,tiktok,0.773359491000782,media
140,tiktok,0.883541529345119,media
141,tiktok,0.88809968863497,media
142,tiktok,0.981805305144601,media
143,tiktok,0.631469515896172,media
144,tiktok,0.91888542937397,media
145,tiktok,0.859084913195463,media
146,tiktok,0.781982189585764,media
147,tiktok,0.70985785657612,media
148,tiktok,0.711245568872629,media
149,tiktok,0.878368658709203,media
15,tiktok,0.917901673395826,media
150,tiktok,0.637741844676807,media
151,tiktok,0.711594553242771,media
152,tiktok,0.478975804910969,media
153,tiktok,0.831168673664186,media
154,tiktok,0.932297719797085,media
155,tiktok,0.674209956174555,media
156,tiktok,0.940923725113075,media
157,tiktok,0.980226182189011,media
158,tiktok,0.559295575940626,media
159,tiktok,0.883868641761648,media
16,tiktok,0.881555256655082,media
160,tiktok,0.675800573971094,media
161,tiktok,0.880177827068747,media
162,tiktok,0.738434289522591,media
163,tiktok,0.869423723761135,media
164,tiktok,0.713788617222914,media
165,tiktok,0.848137316686746,media
166,tiktok,1.33373764008646,media
167,tiktok,1.11797067949445,media
168,tiktok,1.00142037325745,media
169,tiktok,0.828822025234302,media
17,tiktok,1.14693094180534,media
170,tiktok,0.771230198278958,media
171,tiktok,1.07373409409642,media
172,tiktok,0.963485263613793,media
173,tiktok,1.16957487044819,media
174,tiktok,0.593101056270976,media
175,tiktok,0.942291253475027,media
176,tiktok,0.59410667353119,media
177,tiktok,0.765704965026589,media
178,tiktok,0.872033981823752,media
179,tiktok,1.03930251609196,media
18,tiktok,0.913646760316526,media
180,tiktok,0.624096503104972,media
181,tiktok,0.995908148439396,media
182,tiktok,0.992371242822838,media
183,tiktok,0.698763803627487,media
184,tiktok,0.706109962515508,media
185,tiktok,0.843054669134755,media
186,tiktok,0.895168800067813,media
187,tiktok,0.544392330271548,media
188,tiktok,0.950725234501247,media
189,tiktok,0.897582225412067,media
19,tiktok,0.817962090018738,media
190,tiktok,1.04361587136747,media
191,tiktok,1.33236054476169,media
192,tiktok,0.846226956421942,media
193,tiktok,0.933549916372464,media
194,tiktok,0.970826626171976,media
195,tiktok,0.445394087908359,media
196,tiktok,0.995803557596524,media
197,tiktok,1.10779603593076,media
198,tiktok,0.636179871495857,media
199,tiktok,0.968979059089818,media
2,tiktok,0.68427566940352,media
20,tiktok,0.729964606343377,media
200,tiktok,0.959000828510916,media
201,tiktok,1.16391361261467,media
202,tiktok,0.753646241748723,media
203,tiktok,0.944802060692806,media
204,tiktok,0.985293043039277,media
205,tiktok,1.06083557533859,media
206,tiktok,0.88291783032509,media
207,tiktok,0.699931104702698,media
208,tiktok,0.630833139503993,media
209,tiktok,0.859480595943653,media
21,tiktok,0.621899890494609,media
210,tiktok,0.590490977995904,media
211,tiktok,1.1090240052108,media
212,tiktok,1.03496696034077,media
213,tiktok,1.1339763279223,media
214,tiktok,0.79375992768335,media
215,tiktok,0.878870544198099,media
216,tiktok,0.706374128788498,media
217,tiktok,0.854212386039578,media
218,tiktok,0.923963389733346,media
219,tiktok,0.747641417206459,media
22,tiktok,0.666228429694534,media
220,tiktok,0.990727161403086,media
221,tiktok,0.836833149627519,media
222,tiktok,0.834894942904269,media
223,tiktok,0.821717252025966,media
224,tiktok,0.727673653686357,media
225,tiktok,1.39708241225402,media
226,tiktok,0.754732093086755,media
227,tiktok,0.836223363650593,media
228,tiktok,0.953406809970975,media
229,tiktok,0.657339192412067,media
23,tiktok,0.816528230116247,media
230,tiktok,0.871087380269516,media
231,tiktok,0.998543525747969,media
232,tiktok,1.04511246954302,media
233,tiktok,1.10351207597673,media
234,tiktok,0.78383586135543,media
235,tiktok,0.672521653036812,media
236,tiktok,0.924678127556372,media
237,tiktok,0.685413229863543,media
238,tiktok,0.911776288477572,media
239,tiktok,0.840057001578877,media
24,tiktok,1.17980995410639,media
240,tiktok,1.08384966764882,media
241,tiktok,0.826643018523246,media
242,tiktok,1.07050546147827,media
243,tiktok,0.80466941915978,media
244,tiktok,0.84868314239652,media
245,tiktok,0.965145556949351,media
246,tiktok,1.1178141755396,media
247,tiktok,0.682822407938555,media
248,tiktok,0.710060292533823,media
249,tiktok,0.642538653989093,media
25,tiktok,0.862073286919552,media
250,tiktok,0.903538321776259,media
251,tiktok,0.987943896133055,media
252,tiktok,0.59996562191595,media
253,tiktok,0.935095560712625,media
254,tiktok,0.889524995666196,media
255,tiktok,0.846101839836978,media
256,tiktok,0.803299037330952,media
257,tiktok,1.0248906768256,media
258,tiktok,0.577422079413745,media
259,tiktok,0.777113234002216,media
26,tiktok,0.85337780113712,media
260,tiktok,1.04593608375592,media
261,tiktok,0.998535024498852,media
262,tiktok,1.0604202033428,media
263,tiktok,0.930312524931738,media
264,tiktok,1.09473287485875,media
265,tiktok,0.974214982458651,media
266,tiktok,0.783285156475384,media
267,tiktok,0.629791999883456,media
268,tiktok,0.973176421261646,media
269,tiktok,0.889207442880896,media
27,tiktok,0.764564658229928,media
270,tiktok,0.868865915409593,media
271,tiktok,0.967148552521289,media
272,tiktok,0.874468952662919,media
273,tiktok,0.733368296350044,media
274,tiktok,0.652843703499392,media
275,tiktok,0.838526297653287,media
276,tiktok,1.13109834730393,media
277,tiktok,0.783862341513755,media
278,tiktok,0.804844466713582,media
279,tiktok,0.605268906380591,media
28,tiktok,0.925993113859703,media
280,tiktok,1.16478892383599,media
281,tiktok,0.856962303747297,media
282,tiktok,1.36651682885547,media
283,tiktok,0.962331982231628,media
284,tiktok,1.1106511378017,media
285,tiktok,0.610289329148824,media
286,tiktok,0.80743844278246,media
287,tiktok,1.17681313034283,media
288,tiktok,0.956491776848095,media
289,tiktok,0.871713427305764,media
29,tiktok,1.07793595181324,media
290,tiktok,0.763219924485477,media
291,tiktok,0.718676337939776,media
292,tiktok,0.752442849828675,media
293,tiktok,1.06129293184002,media
294,tiktok,0.897547327740458,media
295,tiktok,0.693809376849677,media
296,tiktok,1.0859570873301,media
297,tiktok,0.834873385988667,media
298,tiktok,0.95887084918687,media
299,tiktok,0.879004162622343,media
3,tiktok,0.801271463300633,media
30,tiktok,0.761579572116268,media
300,tiktok,0.78210551154493,media
301,tiktok,0.716562262242302,media
302,tiktok,0.600675078600764,media
303,tiktok,0.512335346654245,media
304,tiktok,0.977035148243409,media
305,tiktok,0.744491616005554,media
306,tiktok,1.07320637801747,media
307,tiktok,1.06310129182091,media
308,tiktok,0.887412584432545,media
309,tiktok,0.603725187553173,media
31,tiktok,1.0750965159512,media
310,tiktok,0.987016660452998,media
311,tiktok,0.792522069666043,media
312,tiktok,0.768498363392887,media
313,tiktok,1.10396499280524,media
314,tiktok,1.07262108479245,media
315,tiktok,0.891318689605921,media
316,tiktok,0.642136245203293,media
317,tiktok,0.835370155474533,media
318,tiktok,0.985339374867002,media
319,tiktok,0.794926524292338,media
32,tiktok,1.22792315848265,media
320,tiktok,0.943053896322045,media
321,tiktok,1.02346478746227,media
322,tiktok,0.623724642742954,media
323,tiktok,0.666809898162074,media
324,tiktok,0.801954799026755,media
325,tiktok,0.928595342756256,media
326,tiktok,0.831633918492456,media
327,tiktok,0.833895641733371,media
328,tiktok,0.860432713846593,media
329,tiktok,0.892497262900225,media
33,tiktok,0.980590301090389,media
330,tiktok,0.923704122463026,media
331,tiktok,1.00117075613704,media
332,tiktok,0.680869103287449,media
333,tiktok,0.928301548426735,media
334,tiktok,0.844759193373693,media
335,tiktok,1.04976658978986,media
336,tiktok,0.897668862743411,media
337,tiktok,0.742177301228763,media
338,tiktok,0.750500160479834,media
339,tiktok,1.08696530818316,media
34,tiktok,0.414124497869787,media
340,tiktok,0.932376185885428,media
341,tiktok,0.873533057570278,media
342,tiktok,1.14552394767196,media
343,tiktok,0.81148883504751,media
344,tiktok,0.737324463495796,media
345,tiktok,0.883779436770847,media
346,tiktok,0.952251376639002,media
347,tiktok,0.800777747150161,media
348,tiktok,0.669335070753253,media
349,tiktok,0.688920925402191,media
35,tiktok,0.776397141082059,media
350,tiktok,0.780777908272647,media
351,tiktok,1.03714064687609,media
352,tiktok,0.560869442934105,media
353,tiktok,0.930132516548764,media
354,tiktok,0.711060609077497,media
355,tiktok,0.730162375286792,media
356,tiktok,0.710580921068819,media
357,tiktok,0.617003449251425,media
358,tiktok,0.826419958965335,media
359,tiktok,0.467324326707373,media
36,tiktok,1.08929338260803,media
360,tiktok,0.751841848716696,media
361,tiktok,0.982242792741271,media
362,tiktok,1.02975414962419,media
363,tiktok,0.678037079282858,media
364,tiktok,0.793506881551253,media
365,tiktok,0.880142435041093,media
366,tiktok,1.00016129693897,media
367,tiktok,0.897257711025828,media
368,tiktok,0.875447408603624,media
369,tiktok,0.866834615103951,media
37,tiktok,0.762432542356639,media
370,tiktok,0.946530753445763,media
371,tiktok,0.629651935590566,media
372,tiktok,0.980758287982769,media
373,tiktok,1.00033196891786,media
374,tiktok,1.15183698641465,media
375,tiktok,0.75016585645509,media
376,tiktok,0.881404935892334,media
377,tiktok,0.926241884110922,media
378,tiktok,1.09327618818645,media
379,tiktok,1.25010945382095,media
38,tiktok,0.822168351446746,media
380,tiktok,0.958928841687201,media
381,tiktok,1.23520360727659,media
382,tiktok,0.76913111352447,media
383,tiktok,0.866992842893441,media
384,tiktok,1.04162597734932,media
385,tiktok,0.853879425340995,media
386,tiktok,0.803969758006492,media
387,tiktok,0.926964216409073,media
388,tiktok,0.823116075064283,media
389,tiktok,0.894559285002749,media
39,tiktok,0.790681363623541,media
390,tiktok,0.840176630155155,media
391,tiktok,1.00912790724589,media
392,tiktok,0.736313226457285,media
393,tiktok,0.889041490963019,media
394,tiktok,0.836285751516419,media
395,tiktok,1.10270921241569,media
396,tiktok,0.959452689929622,media
397,tiktok,0.737207829708206,media
398,tiktok,0.867382247213812,media
399,tiktok,0.855299136618745,media
4,tiktok,0.72416126212749,media
40,tiktok,0.898387540614252,media
400,tiktok,0.645660077534145,media
41,tiktok,0.81551880347281,media
42,tiktok,0.942728103078757,media
43,tiktok,0.998246155205709,media
44,tiktok,0.833810565017433,media
45,tiktok,0.693104716190369,media
46,tiktok,0.989010680909348,media
47,tiktok,0.70350522500788,media
48,tiktok,0.697175214339072,media
49,tiktok,1.07012058856927,media
5,tiktok,1.02072255356035,media
50,tiktok,0.732433286187598,media
51,tiktok,0.545708280857847,media
52,tiktok,1.03762911726189,media
53,tiktok,0.502535737540367,media
54,tiktok,0.607336155479871,media
55,tiktok,0.787060281999963,media
56,tiktok,0.911803563035748,media
57,tiktok,0.6726804832345,media
58,tiktok,1.12911754402224,media
59,tiktok,0.77470593608741,media
6,tiktok,0.812264009209187,media
60,tiktok,0.951580532457751,media
61,tiktok,0.881209713699587,media
62,tiktok,0.817846204663555,media
63,tiktok,0.963763214308854,media
64,tiktok,0.932468900693001,media
65,tiktok,0.880387166677155,media
66,tiktok,0.824703685635951,media
67,tiktok,1.01128340012442,media
68,tiktok,0.987227857495652,media
69,tiktok,0.846484818214719,media
7,tiktok,0.966004014378186,media
70,tiktok,0.534886363206679,media
71,tiktok,0.853471761151098,media
72,tiktok,0.756685093785286,media
73,tiktok,1.12732053577595,media
74,tiktok,1.00475715223651,media
75,tiktok,0.863718790045044,media
76,tiktok,0.802196050633598,media
77,tiktok,1.04350478679121,media
78,tiktok,0.681690188297236,media
79,tiktok,0.868439937246174,media
8,tiktok,0.745602739716846,media
80,tiktok,0.953593322276978,media
81,tiktok,1.09170021707278,media
82,tiktok,0.631319704571045,media
83,tiktok,0.904518921313639,media
84,tiktok,0.885721417898339,media
85,tiktok,1.17500173667388,media
86,tiktok,0.740550834025677,media
87,tiktok,0.672621846217807,media
88,tiktok,1.15965473434289,media
89,tiktok,1.00057788757675,media
9,tiktok,0.916008777475162,media
90,tiktok,0.991923672682198,media
91,tiktok,1.13899754410195,media
92,tiktok,0.99686056915835,media
93,tiktok,1.23911675534877,media
94,tiktok,1.13718788878365,media
95,tiktok,0.998967929585606,media
96,tiktok,0.775147221932742,media
97,tiktok,0.770985735674018,media
98,tiktok,0.963677931880584,media
99,tiktok,0.893484260490456,media
1,tv,1.06025260398718,media
10,tv,1.23742277932092,media
100,tv,0.87639263481223,media
101,tv,1.36671213165677,media
102,tv,1.1272446583737,media
103,tv,1.18047705098537,media
104,tv,1.46188948185911,media
105,tv,1.28945739397524,media
106,tv,1.39786740101731,media
107,tv,1.19822328467026,media
108,tv,1.25616076011775,media
109,tv,1.29840460012645,media
11,tv,1.30538238139931,media
110,tv,1.43832504552652,media
111,tv,1.21925405267313,media
112,tv,1.04238014497316,media
113,tv,1.19833946956887,media
114,tv,1.05537872598706,media
115,tv,1.25594537969963,media
116,tv,1.20018662239398,media
117,tv,1.44539566966465,media
118,tv,1.59965824769694,media
119,tv,1.14308722322362,media
12,tv,1.25275521677857,media
120,tv,1.33587360513873,media
121,tv,1.30433455997507,media
122,tv,1.26196098967559,media
123,tv,1.36528254011717,media
124,tv,1.21982822847783,media
125,tv,1.27343254510745,media
126,tv,1.10033186072662,media
127,tv,0.952402070082218,media
128,tv,1.25299831558821,media
129,tv,1.14469906154862,media
13,tv,1.05737325268654,media
130,tv,1.48626313267242,media
131,tv,1.29242521200741,media
132,tv,0.825652556920682,media
133,tv,1.53555264489304,media
134,tv,1.15309629666837,media
135,tv,0.872332319958196,media
136,tv,1.22156674182942,media
137,tv,1.19787409700748,media
138,tv,1.4714009510058,media
139,tv,1.42839892393366,media
14,tv,1.16932371760451,media
140,tv,1.28938026774884,media
141,tv,1.10298002541609,media
142,tv,1.33386161383318,media
143,tv,1.03284275554349,media
144,tv,1.45395648676019,media
145,tv,1.39733829641272,media
146,tv,0.982469501910992,media
147,tv,1.43899461176293,media
148,tv,1.26126635446648,media
149,tv,1.30413180717648,media
15,tv,1.29970247533251,media
150,tv,1.43649015846632,media
151,tv,1.29850938673643,media
152,tv,0.89008727482466,media
153,tv,1.30573435006208,media
154,tv,1.33547671222176,media
155,tv,0.993135611089738,media
156,tv,1.34124468627536,media
157,tv,1.40379468438906,media
158,tv,1.33727657547981,media
159,tv,1.09842463558752,media
16,tv,1.42906119283068,media
160,tv,1.14384964698423,media
161,tv,1.25034324844658,media
162,tv,1.15762446014513,media
163,tv,1.23794985741043,media
164,tv,1.33750444811899,media
165,tv,1.28775290265759,media
166,tv,1.51257572764576,media
167,tv,1.30227533396924,media
168,tv,1.3331159091867,media
169,tv,1.27565164920198,media
17,tv,1.12729121758293,media
170,tv,1.47321804562361,media
171,tv,1.51172704964043,media
172,tv,1.33458911054482,media
173,tv,1.35396202580129,media
174,tv,1.15701752226003,media
175,tv,0.955991110006722,media
176,tv,1.27365358551404,media
177,tv,0.956660034776727,media
178,tv,1.3937241708996,media
179,tv,1.53214251803425,media
18,tv,0.992741231277343,media
180,tv,1.46352138942597,media
181,tv,1.39885251903496,media
182,tv,1.06649398314197,media
183,tv,1.39807169053485,media
184,tv,1.40431095094966,media
185,tv,1.08739257544785,media
186,tv,1.03860551171927,media
187,tv,1.54976217176213,media
188,tv,0.789365553459166,media
189,tv,1.23098556952988,media
19,tv,1.09984766576759,media
190,tv,0.968095363384539,media
191,tv,1.36101152014242,media
192,tv,1.28762762135081,media
193,tv,1.34496249498456,media
194,tv,1.09212172586104,media
195,tv,1.13864042522137,media
196,tv,1.30365069610695,media
197,tv,1.42858428873223,media
198,tv,1.25546930681213,media
199,tv,1.20745644897977,media
2,tv,1.35179578776113,media
20,tv,1.34134402510993,media
200,tv,1.50419625677783,media
201,tv,1.51168968856426,media
202,tv,1.12458767407142,media
203,tv,1.28990240710028,media
204,tv,1.59211618769453,media
205,tv,1.35893265798406,media
206,tv,1.47883912725311,media
207,tv,1.24070044812221,media
208,tv,1.1801894410271,media
209,tv,1.16977613683377,media
21,tv,1.38424432671125,media
210,tv,1.07129296521494,media
211,tv,1.03677155534181,media
212,tv,1.38508426269956,media
213,tv,1.10866349102062,media
214,tv,1.40072084319564,media
215,tv,1.30792102747956,media
216,tv,1.28412184128401,media
217,tv,1.21098151937835,media
218,tv,1.35287676043709,media
219,tv,1.19435058839801,media
22,tv,1.03091573769674,media
220,tv,1.4350274969447,media
221,tv,1.13957343946966,media
222,tv,1.36219135368784,media
223,tv,1.16627673045318,media
224,tv,1.49642979206093,media
225,tv,1.03234826878692,media
226,tv,1.11280429002284,media
227,tv,0.962958479790673,media
228,tv,1.32119118106812,media
229,tv,1.5980558412149,media
23,tv,1.32728346103543,media
230,tv,1.13250618939709,media
231,tv,1.26546730379993,media
232,tv,1.32629918962712,media
233,tv,1.35273609673795,media
234,tv,1.02232041583114,media
235,tv,1.30523742260399,media
236,tv,1.31615297352357,media
237,tv,1.26740869257435,media
238,tv,1.31215719086032,media
239,tv,1.20408189483076,media
24,tv,1.35982694840163,media
240,tv,1.25911739589632,media
241,tv,1.21113483868033,media
242,tv,1.06440156743286,media
243,tv,1.4620381953239,media
244,tv,1.12451159762092,media
245,tv,1.25409590425547,media
246,tv,1.39275589273343,media
247,tv,1.12817942995606,media
248,tv,1.33849663672918,media
249,tv,1.40722041077733,media
25,tv,0.942104419155126,media
250,tv,1.44975748816609,media
251,tv,1.29270639890969,media
252,tv,1.08071829461999,media
253,tv,1.40142397397288,media
254,tv,1.24675652686067,media
255,tv,1.20095224492423,media
256,tv,1.09138353717064,media
257,tv,1.23298581968987,media
258,tv,1.29101607498717,media
259,tv,1.1772415375329,media
26,tv,1.42541770745087,media
260,tv,1.36645693384077,media
261,tv,1.2488325917448,media
262,tv,1.34469950005772,media
263,tv,1.04787675636552,media
264,tv,1.36391371295133,media
265,tv,1.37638660108271,media
266,tv,1.23666000869782,media
267,tv,1.17459551103268,media
268,tv,1.42061288442171,media
269,tv,1.17823810405997,media
27,tv,1.33850738101171,media
270,tv,1.44242167408515,media
271,tv,1.28843062683573,media
272,tv,1.03979066714901,media
273,tv,1.22684500371792,media
274,tv,1.25160942530002,media
275,tv,1.44630332853516,media
276,tv,1.26449914635866,media
277,tv,1.60245312205038,media
278,tv,1.2856336856924,media
279,tv,1.14856611736317,media
28,tv,1.13900986900386,media
280,tv,1.2869229840439,media
281,tv,1.13995437459324,media
282,tv,1.24678490576258,media
283,tv,1.01505014525751,media
284,tv,1.22937645827012,media
285,tv,1.53096230805047,media
286,tv,1.50520801015579,media
287,tv,1.38883908365318,media
288,tv,1.39392883136973,media
289,tv,1.47148897373621,media
29,tv,1.15114272218147,media
290,tv,1.0954715288831,media
291,tv,1.28816154124532,media
292,tv,1.14038900355281,media
293,tv,1.2145724953042,media
294,tv,1.46527857567519,media
295,tv,1.41014227676143,media
296,tv,1.01871713650566,media
297,tv,1.24962144418941,media
298,tv,0.926667384019267,media
299,tv,1.58985819554157,media
3,tv,1.28565780959802,media
30,tv,1.17293299148871,media
300,tv,1.46095738928202,media
301,tv,1.0830573491719,media
302,tv,1.09869328766914,media
303,tv,1.29710146686222,media
304,tv,1.22020269249612,media
305,tv,1.48532289799471,media
306,tv,1.43339645996,media
307,tv,1.12259525797249,media
308,tv,1.18826510594455,media
309,tv,1.1834938659809,media
31,tv,1.10333062617786,media
310,tv,1.29853945550689,media
311,tv,1.36875047477754,media
312,tv,1.41600658477147,media
313,tv,1.29266884005727,media
314,tv,1.44141892949803,media
315,tv,1.41041325631955,media
316,tv,1.45008946489248,media
317,tv,1.09322874996236,media
318,tv,1.28468952695272,media
319,tv,1.20488185039267,media
32,tv,1.42623022066816,media
320,tv,1.36373399433459,media
321,tv,1.37700218735412,media
322,tv,0.978943680148062,media
323,tv,0.921652016131565,media
324,tv,1.2932357034444,media
325,tv,1.20318615008619,media
326,tv,1.18273448459642,media
327,tv,1.31827253932007,media
328,tv,1.26309446563347,media
329,tv,1.18845952651226,media
33,tv,1.39766720953081,media
330,tv,1.20571057274358,media
331,tv,1.32849149146736,media
332,tv,1.62318974950215,media
333,tv,1.25027565012678,media
334,tv,1.41475575064663,media
335,tv,1.27115294980473,media
336,tv,1.4149011443621,media
337,tv,1.32516092369443,media
338,tv,1.11683112853912,media
339,tv,1.3250665389639,media
34,tv,1.36664075006238,media
340,tv,1.47658462453009,media
341,tv,1.26158431160516,media
342,tv,1.59811198546917,media
343,tv,1.20376309554397,media
344,tv,1.32248202567313,media
345,tv,1.05659218507272,media
346,tv,1.12621704874534,media
347,tv,1.12909001702596,media
348,tv,1.16840567494475,media
349,tv,1.02176464191746,media
35,tv,1.29324266629671,media
350,tv,1.3300997282372,media
351,tv,1.22105510396303,media
352,tv,1.2886998159068,media
353,tv,1.35757184949119,media
354,tv,1.18285916987182,media
355,tv,1.13560134291092,media
356,tv,1.04705235045133,media
357,tv,1.19203270864436,media
358,tv,1.21249591873856,media
359,tv,1.20525464640949,media
36,tv,1.05386599190187,media
360,tv,1.34303422337017,media
361,tv,1.39557773246852,media
362,tv,1.12284902701784,media
363,tv,1.37299646523138,media
364,tv,1.196856601521,media
365,tv,1.20258557175479,media
366,tv,1.36832193971714,media
367,tv,1.28038810538345,media
368,tv,1.49713706296865,media
369,tv,1.13264400262508,media
37,tv,1.22217449776769,media
370,tv,1.42857573940466,media
371,tv,1.07941072075866,media
372,tv,1.25048306578161,media
373,tv,1.02340307511017,media
374,tv,1.04133753246498,media
375,tv,1.48156255892573,media
376,tv,1.33637115123574,media
377,tv,0.913766534880224,media
378,tv,1.26969100297675,media
379,tv,1.23019777520702,media
38,tv,1.42002300230399,media
380,tv,1.25032049497741,media
381,tv,1.11904107115293,media
382,tv,1.36470194272878,media
383,tv,1.12438586443908,media
384,tv,1.17661653651956,media
385,tv,1.11474735802233,media
386,tv,1.32679846496383,media
387,tv,1.2400350252995,media
388,tv,1.36438291614072,media
389,tv,1.32892321756772,media
39,tv,1.23952107951229,media
390,tv,1.44472158122024,media
391,tv,1.1021132239408,media
392,tv,1.05713711471554,media
393,tv,1.37637344755623,media
394,tv,1.09377367715494,media
395,tv,1.13845878037941,media
396,tv,1.1135785642771,media
397,tv,1.28856971283421,media
398,tv,1.7144545487135,media
399,tv,1.51458943089028,media
4,tv,1.32275627908086,media
40,tv,1.3488550872328,media
400,tv,1.2397269214696,media
41,tv,1.29579090982362,media
42,tv,1.14769724965829,media
43,tv,1.44960400798912,media
44,tv,1.28497193891579,media
45,tv,1.30764573309466,media
46,tv,1.31006928200873,media
47,tv,1.48488669426697,media
48,tv,1.26774835710735,media
49,tv,1.21671664061326,media
5,tv,1.06071353616617,media
50,tv,1.13767114096315,media
51,tv,1.14876040572224,media
52,tv,1.36881930900154,media
53,tv,1.28023205205598,media
54,tv,0.95017292995557,media
55,tv,1.29402283834632,media
56,tv,1.08219602318921,media
57,tv,1.32581024856229,media
58,tv,1.00970806514144,media
59,tv,1.12800736583748,media
6,tv,1.23744854186712,media
60,tv,1.51371978565992,media
61,tv,1.55902427713649,media
62,tv,1.0913794686945,media
63,tv,1.34730037301023,media
64,tv,0.95951074573709,media
65,tv,1.13910731790516,media
66,tv,1.26775785863888,media
67,tv,1.12746739977237,media
68,tv,1.22948536780376,media
69,tv,1.34748471345372,media
7,tv,1.15400101782837,media
70,tv,1.14674285677139,media
71,tv,0.993165043087972,media
72,tv,1.20328981821406,media
73,tv,1.43965276425792,media
74,tv,1.32518665627151,media
75,tv,1.46583115327084,media
76,tv,1.30806085439479,media
77,tv,1.35756873781751,media
78,tv,1.36245326349976,media
79,tv,1.00195689597529,media
8,tv,1.31094611027461,media
80,tv,1.05476155174971,media
81,tv,1.45131719822487,media
82,tv,1.59974860749832,media
83,tv,1.14690154429279,media
84,tv,1.21327830735802,media
85,tv,1.12582413878029,media
86,tv,1.30910239522089,media
87,tv,1.45548603521357,media
88,tv,1.25231552686394,media
89,tv,1.37352501409252,media
9,tv,1.17031202485587,media
90,tv,1.35275470938622,media
91,tv,1.52745778075444,media
92,tv,1.25639255835759,media
93,tv,1.19337316696168,media
94,tv,1.19184788620541,media
95,tv,1.33075214019687,media
96,tv,1.19082570997549,media
97,tv,1.63477456547067,media
98,tv,1.19836495777139,media
99,tv,1.1598892121977,media
