period_granularity,period_start,period_label,period_sort,channel,role,contribution,n_variables,n_rows,period_model_contribution,share_of_period_model_contribution
week,2024-01-07,2024-01-07,1,Baseline,baseline_control,2491.09147424083,1,4,3572.13048720357,0.697368554470408
week,2024-01-07,2024-01-07,1,Display,media,81.1027509767464,1,4,3572.13048720357,0.0227043080501344
week,2024-01-07,2024-01-07,1,Paid Search,media,296.311261390836,1,4,3572.13048720357,0.0829508503265239
week,2024-01-07,2024-01-07,1,Paid Social,media,248.532402638759,1,4,3572.13048720357,0.0695753986392927
week,2024-01-07,2024-01-07,1,Promo,baseline_control,0,1,4,3572.13048720357,0
week,2024-01-07,2024-01-07,1,Retail Media,media,158.058339455019,1,4,3572.13048720357,0.0442476387750199
week,2024-01-07,2024-01-07,1,TV,media,297.03425850138,1,4,3572.13048720357,0.0831532497386208
week,2024-01-14,2024-01-14,2,Baseline,baseline_control,2514.2665631615,1,4,3632.73346116553,0.692114241256451
week,2024-01-14,2024-01-14,2,Display,media,74.8146326520275,1,4,3632.73346116553,0.0205945835145372
week,2024-01-14,2024-01-14,2,Paid Search,media,286.390727743563,1,4,3632.73346116553,0.0788361521166149
week,2024-01-14,2024-01-14,2,Paid Social,media,257.330464968434,1,4,3632.73346116553,0.0708365939090591
week,2024-01-14,2024-01-14,2,Promo,baseline_control,0,1,4,3632.73346116553,0
week,2024-01-14,2024-01-14,2,Retail Media,media,159.352787346018,1,4,3632.73346116553,0.0438658076760995
week,2024-01-14,2024-01-14,2,TV,media,340.578285293986,1,4,3632.73346116553,0.0937526215272381
week,2024-01-21,2024-01-21,3,Baseline,baseline_control,2536.81349505227,1,4,3640.77833254255,0.696777794016556
week,2024-01-21,2024-01-21,3,Display,media,95.4692228607369,1,4,3640.77833254255,0.0262222014472564
week,2024-01-21,2024-01-21,3,Paid Search,media,283.507581517515,1,4,3640.77833254255,0.0778700474520584
week,2024-01-21,2024-01-21,3,Paid Social,media,243.155289632309,1,4,3640.77833254255,0.0667866229204075
week,2024-01-21,2024-01-21,3,Promo,baseline_control,0,1,4,3640.77833254255,0
week,2024-01-21,2024-01-21,3,Retail Media,media,152.733694673341,1,4,3640.77833254255,0.0419508359814586
week,2024-01-21,2024-01-21,3,TV,media,329.099048806377,1,4,3640.77833254255,0.0903924981822636
week,2024-01-28,2024-01-28,4,Baseline,baseline_control,2558.42965814737,1,4,3695.16202202334,0.692372795265541
week,2024-01-28,2024-01-28,4,Display,media,99.5169111814218,1,4,3695.16202202334,0.0269316773089506
week,2024-01-28,2024-01-28,4,Paid Search,media,279.049416813766,1,4,3695.16202202334,0.0755175050919605
week,2024-01-28,2024-01-28,4,Paid Social,media,253.844523299321,1,4,3695.16202202334,0.0686964527634772
week,2024-01-28,2024-01-28,4,Promo,baseline_control,0,1,4,3695.16202202334,0
week,2024-01-28,2024-01-28,4,Retail Media,media,161.062938067483,1,4,3695.16202202334,0.043587517166376
week,2024-01-28,2024-01-28,4,TV,media,343.258574513979,1,4,3695.16202202334,0.092894052403695
week,2024-02-04,2024-02-04,5,Baseline,baseline_control,2578.82601338597,1,4,3715.09671096906,0.694147747425207
week,2024-02-04,2024-02-04,5,Display,media,102.769726447985,1,4,3715.09671096906,0.0276627324786864
week,2024-02-04,2024-02-04,5,Paid Search,media,294.812086865719,1,4,3715.09671096906,0.0793551581026862
week,2024-02-04,2024-02-04,5,Paid Social,media,246.608219627581,1,4,3715.09671096906,0.066380026904671
week,2024-02-04,2024-02-04,5,Promo,baseline_control,0,1,4,3715.09671096906,0
week,2024-02-04,2024-02-04,5,Retail Media,media,148.307189131874,1,4,3715.09671096906,0.0399201422385554
week,2024-02-04,2024-02-04,5,TV,media,343.773475509931,1,4,3715.09671096906,0.0925341928501938
week,2024-02-11,2024-02-11,6,Baseline,baseline_control,2597.73130925257,1,4,3657.71629491862,0.710205795037029
week,2024-02-11,2024-02-11,6,Display,media,93.1090914949118,1,4,3657.71629491862,0.0254555257946771
week,2024-02-11,2024-02-11,6,Paid Search,media,292.400882807695,1,4,3657.71629491862,0.0799408317189346
week,2024-02-11,2024-02-11,6,Paid Social,media,166.169306491591,1,4,3657.71629491862,0.0454297963793522
week,2024-02-11,2024-02-11,6,Promo,baseline_control,0,1,4,3657.71629491862,0
week,2024-02-11,2024-02-11,6,Retail Media,media,148.400356768695,1,4,3657.71629491862,0.0405718609108246
week,2024-02-11,2024-02-11,6,TV,media,359.905348103153,1,4,3657.71629491862,0.0983961901591826
week,2024-02-18,2024-02-18,7,Baseline,baseline_control,2614.8960372349,1,4,3702.591303467,0.706234046081832
week,2024-02-18,2024-02-18,7,Display,media,73.0018071870199,1,4,3702.591303467,0.0197164097259838
week,2024-02-18,2024-02-18,7,Paid Search,media,297.607489012349,1,4,3702.591303467,0.0803781634591099
week,2024-02-18,2024-02-18,7,Paid Social,media,181.861749016138,1,4,3702.591303467,0.0491174245577275
week,2024-02-18,2024-02-18,7,Promo,baseline_control,0,1,4,3702.591303467,0
week,2024-02-18,2024-02-18,7,Retail Media,media,156.621264001221,1,4,3702.591303467,0.0423004461374295
week,2024-02-18,2024-02-18,7,TV,media,378.602957015369,1,4,3702.591303467,0.102253510037918
week,2024-02-25,2024-02-25,8,Baseline,baseline_control,2630.09607021983,1,4,3717.61235268866,0.707469155119868
week,2024-02-25,2024-02-25,8,Display,media,82.1534656513088,1,4,3717.61235268866,0.0220984486432249
week,2024-02-25,2024-02-25,8,Paid Search,media,277.813664945979,1,4,3717.61235268866,0.0747290568757277
week,2024-02-25,2024-02-25,8,Paid Social,media,196.852463428189,1,4,3717.61235268866,0.0529513151864316
week,2024-02-25,2024-02-25,8,Promo,baseline_control,0,1,4,3717.61235268866,0
week,2024-02-25,2024-02-25,8,Retail Media,media,153.615219499533,1,4,3717.61235268866,0.0413209353009696
week,2024-02-25,2024-02-25,8,TV,media,377.081468943818,1,4,3717.61235268866,0.101431088873778
week,2024-03-03,2024-03-03,9,Baseline,baseline_control,2643.13593077142,1,4,3776.09147414835,0.699966075733785
week,2024-03-03,2024-03-03,9,Display,media,80.1086555437201,1,4,3776.09147414835,0.0212147020516201
week,2024-03-03,2024-03-03,9,Paid Search,media,303.972685383546,1,4,3776.09147414835,0.0804992907254991
week,2024-03-03,2024-03-03,9,Paid Social,media,203.748985422718,1,4,3776.09147414835,0.053957640279006
week,2024-03-03,2024-03-03,9,Promo,baseline_control,0,1,4,3776.09147414835,0
week,2024-03-03,2024-03-03,9,Retail Media,media,159.766974824982,1,4,3776.09147414835,0.0423101442109571
week,2024-03-03,2024-03-03,9,TV,media,385.358242201958,1,4,3776.09147414835,0.102052146999133
week,2024-03-10,2024-03-10,10,Baseline,baseline_control,2653.85164163209,1,4,3852.95049182828,0.68878425696376
week,2024-03-10,2024-03-10,10,Display,media,73.9934245725966,1,4,3852.95049182828,0.0192043538398765
week,2024-03-10,2024-03-10,10,Paid Search,media,286.09656949121,1,4,3852.95049182828,0.0742538919454045
week,2024-03-10,2024-03-10,10,Paid Social,media,192.346561755708,1,4,3852.95049182828,0.0499218876971442
week,2024-03-10,2024-03-10,10,Promo,baseline_control,100,1,4,3852.95049182828,0.0259541357232827
week,2024-03-10,2024-03-10,10,Retail Media,media,149.182535374393,1,4,3852.95049182828,0.0387190377065043
week,2024-03-10,2024-03-10,10,TV,media,397.479759002278,1,4,3852.95049182828,0.103162436124028
week,2024-03-17,2024-03-17,11,Baseline,baseline_control,2662.11311688028,1,4,3871.61238160632,0.687598048174382
week,2024-03-17,2024-03-17,11,Display,media,77.525110902345,1,4,3871.61238160632,0.0200239856837579
week,2024-03-17,2024-03-17,11,Paid Search,media,283.206831445524,1,4,3871.61238160632,0.0731495830499494
week,2024-03-17,2024-03-17,11,Paid Social,media,204.321200111326,1,4,3871.61238160632,0.0527741881088194
week,2024-03-17,2024-03-17,11,Promo,baseline_control,100,1,4,3871.61238160632,0.0258290319751768
week,2024-03-17,2024-03-17,11,Retail Media,media,152.351195214883,1,4,3871.61238160632,0.0393508389266161
week,2024-03-17,2024-03-17,11,TV,media,392.094927051967,1,4,3871.61238160632,0.101274324081298
week,2024-03-24,2024-03-24,12,Baseline,baseline_control,2667.82605887611,1,4,3893.96960339956,0.685117330280908
week,2024-03-24,2024-03-24,12,Display,media,73.3362777690381,1,4,3893.96960339956,0.0188332948734405
week,2024-03-24,2024-03-24,12,Paid Search,media,310.827212049163,1,4,3893.96960339956,0.0798227114504953
week,2024-03-24,2024-03-24,12,Paid Social,media,204.612438522662,1,4,3893.96960339956,0.0525459773348072
week,2024-03-24,2024-03-24,12,Promo,baseline_control,100,1,4,3893.96960339956,0.0256807346191652
week,2024-03-24,2024-03-24,12,Retail Media,media,160.381119917996,1,4,3893.96960339956,0.0411870497853856
week,2024-03-24,2024-03-24,12,TV,media,376.98649626459,1,4,3893.96960339956,0.0968129016557985
week,2024-03-31,2024-03-31,13,Baseline,baseline_control,2670.93333333333,1,4,3791.66582350179,0.70442213466655
week,2024-03-31,2024-03-31,13,Display,media,99.8384335169304,1,4,3791.66582350179,0.0263310212883488
week,2024-03-31,2024-03-31,13,Paid Search,media,276.175581608256,1,4,3791.66582350179,0.0728375322256627
week,2024-03-31,2024-03-31,13,Paid Social,media,200.079764431396,1,4,3791.66582350179,0.0527683012546218
week,2024-03-31,2024-03-31,13,Promo,baseline_control,0,1,4,3791.66582350179,0
week,2024-03-31,2024-03-31,13,Retail Media,media,152.141505744664,1,4,3791.66582350179,0.0401252412070834
week,2024-03-31,2024-03-31,13,TV,media,392.497204867214,1,4,3791.66582350179,0.103515769357734
week,2024-04-07,2024-04-07,14,Baseline,baseline_control,2671.41580246585,1,4,3894.49910894763,0.68594592725115
week,2024-04-07,2024-04-07,14,Display,media,98.6084240059063,1,4,3894.49910894763,0.025319924654586
week,2024-04-07,2024-04-07,14,Paid Search,media,297.896860547409,1,4,3894.49910894763,0.0764917007845734
week,2024-04-07,2024-04-07,14,Paid Social,media,254.783784399265,1,4,3894.49910894763,0.0654214514554384
week,2024-04-07,2024-04-07,14,Promo,baseline_control,0,1,4,3894.49910894763,0
week,2024-04-07,2024-04-07,14,Retail Media,media,190.396380925288,1,4,3894.49910894763,0.0488885414013452
week,2024-04-07,2024-04-07,14,TV,media,381.397856603903,1,4,3894.49910894763,0.0979324544529076
week,2024-04-14,2024-04-14,15,Baseline,baseline_control,2669.29260405977,1,4,3911.85036558559,0.682360610605867
week,2024-04-14,2024-04-14,15,Display,media,102.184676907367,1,4,3911.85036558559,0.026121826592943
week,2024-04-14,2024-04-14,15,Paid Search,media,298.311820709257,1,4,3911.85036558559,0.0762584947864183
week,2024-04-14,2024-04-14,15,Paid Social,media,251.768730386982,1,4,3911.85036558559,0.064360521711646
week,2024-04-14,2024-04-14,15,Promo,baseline_control,0,1,4,3911.85036558559,0
week,2024-04-14,2024-04-14,15,Retail Media,media,197.443782427562,1,4,3911.85036558559,0.050473245133446
week,2024-04-14,2024-04-14,15,TV,media,392.848751094653,1,4,3911.85036558559,0.100425301169679
week,2024-04-21,2024-04-21,16,Baseline,baseline_control,2664.62087240132,1,4,3878.23944219281,0.687069716070627
week,2024-04-21,2024-04-21,16,Display,media,98.2348553045752,1,4,3878.23944219281,0.0253297551037828
week,2024-04-21,2024-04-21,16,Paid Search,media,288.229524241668,1,4,3878.23944219281,0.0743196825616054
week,2024-04-21,2024-04-21,16,Paid Social,media,247.294948850092,1,4,3878.23944219281,0.0637647449406238
week,2024-04-21,2024-04-21,16,Promo,baseline_control,0,1,4,3878.23944219281,0
week,2024-04-21,2024-04-21,16,Retail Media,media,198.428916137358,1,4,3878.23944219281,0.0511646893120049
week,2024-04-21,2024-04-21,16,TV,media,381.430325257798,1,4,3878.23944219281,0.0983514120113561
week,2024-04-28,2024-04-28,17,Baseline,baseline_control,2657.4949051304,1,4,3866.80140718919,0.687259216413224
week,2024-04-28,2024-04-28,17,Display,media,79.1419497531549,1,4,3866.80140718919,0.0204670324175463
week,2024-04-28,2024-04-28,17,Paid Search,media,294.40281404965,1,4,3866.80140718919,0.0761360057183938
week,2024-04-28,2024-04-28,17,Paid Social,media,245.756333374273,1,4,3866.80140718919,0.0635554577272471
week,2024-04-28,2024-04-28,17,Promo,baseline_control,0,1,4,3866.80140718919,0
week,2024-04-28,2024-04-28,17,Retail Media,media,196.092532999191,1,4,3866.80140718919,0.0507118189816043
week,2024-04-28,2024-04-28,17,TV,media,393.912871882528,1,4,3866.80140718919,0.101870468741984
week,2024-05-05,2024-05-05,18,Baseline,baseline_control,2648.04478816855,1,4,3844.0117843554,0.688875304426935
week,2024-05-05,2024-05-05,18,Display,media,72.0497297662475,1,4,3844.0117843554,0.0187433685972244
week,2024-05-05,2024-05-05,18,Paid Search,media,292.988284118235,1,4,3844.0117843554,0.0762194032054368
week,2024-05-05,2024-05-05,18,Paid Social,media,251.165098722686,1,4,3844.0117843554,0.0653393154893265
week,2024-05-05,2024-05-05,18,Promo,baseline_control,0,1,4,3844.0117843554,0
week,2024-05-05,2024-05-05,18,Retail Media,media,199.430566290259,1,4,3844.0117843554,0.0518808415473423
week,2024-05-05,2024-05-05,18,TV,media,380.333317289422,1,4,3844.0117843554,0.0989417667337353
week,2024-05-12,2024-05-12,19,Baseline,baseline_control,2636.43449877336,1,4,3773.70292831273,0.698633291718102
week,2024-05-12,2024-05-12,19,Display,media,79.8476714407662,1,4,3773.70292831273,0.0211589711637601
week,2024-05-12,2024-05-12,19,Paid Search,media,294.295824058718,1,4,3773.70292831273,0.07798595428663
week,2024-05-12,2024-05-12,19,Paid Social,media,185.522403965639,1,4,3773.70292831273,0.0491618994631854
week,2024-05-12,2024-05-12,19,Promo,baseline_control,0,1,4,3773.70292831273,0
week,2024-05-12,2024-05-12,19,Retail Media,media,196.016821825158,1,4,3773.70292831273,0.0519428332194658
week,2024-05-12,2024-05-12,19,TV,media,381.585708249087,1,4,3773.70292831273,0.101117050148857
week,2024-05-19,2024-05-19,20,Baseline,baseline_control,2622.85951438078,1,4,3759.9268111709,0.697582598307008
week,2024-05-19,2024-05-19,20,Display,media,79.7862366551541,1,4,3759.9268111709,0.0212201568440391
week,2024-05-19,2024-05-19,20,Paid Search,media,296.926547922996,1,4,3759.9268111709,0.0789713637618728
week,2024-05-19,2024-05-19,20,Paid Social,media,200.469191098278,1,4,3759.9268111709,0.0533173120558294
week,2024-05-19,2024-05-19,20,Promo,baseline_control,0,1,4,3759.9268111709,0
week,2024-05-19,2024-05-19,20,Retail Media,media,193.239627056334,1,4,3759.9268111709,0.051394518234294
week,2024-05-19,2024-05-19,20,TV,media,366.645694057358,1,4,3759.9268111709,0.0975140507969565
week,2024-05-26,2024-05-26,21,Baseline,baseline_control,2607.54396210392,1,4,3707.80997620326,0.703257173058798
week,2024-05-26,2024-05-26,21,Display,media,76.3857023594179,1,4,3707.80997620326,0.0206012991090864
week,2024-05-26,2024-05-26,21,Paid Search,media,293.083179426364,1,4,3707.80997620326,0.0790448219588849
week,2024-05-26,2024-05-26,21,Paid Social,media,205.360741964043,1,4,3707.80997620326,0.0553859942343456
week,2024-05-26,2024-05-26,21,Promo,baseline_control,0,1,4,3707.80997620326,0
week,2024-05-26,2024-05-26,21,Retail Media,media,150.755636997373,1,4,3707.80997620326,0.0406589436796715
week,2024-05-26,2024-05-26,21,TV,media,374.680753352149,1,4,3707.80997620326,0.101051767959213
week,2024-06-02,2024-06-02,22,Baseline,baseline_control,2590.73735045506,1,4,3676.38990052833,0.704696025327113
week,2024-06-02,2024-06-02,22,Display,media,72.4346863125804,1,4,3676.38990052833,0.0197026670925657
week,2024-06-02,2024-06-02,22,Paid Search,media,314.089540747496,1,4,3676.38990052833,0.0854342301131765
week,2024-06-02,2024-06-02,22,Paid Social,media,200.72030570083,1,4,3676.38990052833,0.0545971213967224
week,2024-06-02,2024-06-02,22,Promo,baseline_control,0,1,4,3676.38990052833,0
week,2024-06-02,2024-06-02,22,Retail Media,media,151.042128932423,1,4,3676.38990052833,0.0410843607503973
week,2024-06-02,2024-06-02,22,TV,media,347.365888379947,1,4,3676.38990052833,0.0944855953200251
week,2024-06-09,2024-06-09,23,Baseline,baseline_control,2572.71093094971,1,4,3744.34717163688,0.687091985069595
week,2024-06-09,2024-06-09,23,Display,media,98.4309072586265,1,4,3744.34717163688,0.0262878688184238
week,2024-06-09,2024-06-09,23,Paid Search,media,287.688249135725,1,4,3744.34717163688,0.0768326856320747
week,2024-06-09,2024-06-09,23,Paid Social,media,188.652307100114,1,4,3744.34717163688,0.0503832306280625
week,2024-06-09,2024-06-09,23,Promo,baseline_control,100,1,4,3744.34717163688,0.0267069252438694
week,2024-06-09,2024-06-09,23,Retail Media,media,157.320351588608,1,4,3744.34717163688,0.042015428692162
week,2024-06-09,2024-06-09,23,TV,media,339.544425604101,1,4,3744.34717163688,0.0906818759158129
week,2024-06-16,2024-06-16,24,Baseline,baseline_control,2553.75374264868,1,4,3737.66445455278,0.683248529583227
week,2024-06-16,2024-06-16,24,Display,media,100.616073299841,1,4,3737.66445455278,0.0269195040173502
week,2024-06-16,2024-06-16,24,Paid Search,media,296.926363046431,1,4,3737.66445455278,0.0794416852172887
week,2024-06-16,2024-06-16,24,Paid Social,media,197.941217114907,1,4,3737.66445455278,0.0529585305266766
week,2024-06-16,2024-06-16,24,Promo,baseline_control,100,1,4,3737.66445455278,0.026754675604492
week,2024-06-16,2024-06-16,24,Retail Media,media,155.555280049455,1,4,3737.66445455278,0.0416183105628906
week,2024-06-16,2024-06-16,24,TV,media,332.871778393464,1,4,3737.66445455278,0.0890587644880746
week,2024-06-23,2024-06-23,25,Baseline,baseline_control,2534.16839731775,1,4,3720.00701859143,0.681226778512185
week,2024-06-23,2024-06-23,25,Display,media,95.5895473269473,1,4,3720.00701859143,0.0256960663916011
week,2024-06-23,2024-06-23,25,Paid Search,media,295.788828070182,1,4,3720.00701859143,0.0795129758067451
week,2024-06-23,2024-06-23,25,Paid Social,media,208.614263005923,1,4,3720.00701859143,0.0560789971533212
week,2024-06-23,2024-06-23,25,Promo,baseline_control,100,1,4,3720.00701859143,0.026881669711974
week,2024-06-23,2024-06-23,25,Retail Media,media,155.826875353998,1,4,3720.00701859143,0.0418888659551513
week,2024-06-23,2024-06-23,25,TV,media,330.019107516621,1,4,3720.00701859143,0.0887146464690226
week,2024-06-30,2024-06-30,26,Baseline,baseline_control,2514.26666666667,1,4,3581.47312170506,0.702020252903553
week,2024-06-30,2024-06-30,26,Display,media,100.125623299439,1,4,3581.47312170506,0.0279565474588209
week,2024-06-30,2024-06-30,26,Paid Search,media,307.222229422651,1,4,3581.47312170506,0.0857809674909383
week,2024-06-30,2024-06-30,26,Paid Social,media,197.862825052149,1,4,3581.47312170506,0.0552462124741425
week,2024-06-30,2024-06-30,26,Promo,baseline_control,0,1,4,3581.47312170506,0
week,2024-06-30,2024-06-30,26,Retail Media,media,149.605369912436,1,4,3581.47312170506,0.0417720208496811
week,2024-06-30,2024-06-30,26,TV,media,312.390407351722,1,4,3581.47312170506,0.0872239988228641
week,2024-07-07,2024-07-07,27,Baseline,baseline_control,2494.36493601558,1,4,3583.0358340998,0.696159639899963
week,2024-07-07,2024-07-07,27,Display,media,80.8891717345088,1,4,3583.0358340998,0.0225755966392202
week,2024-07-07,2024-07-07,27,Paid Search,media,305.756160989313,1,4,3583.0358340998,0.0853343854614645
week,2024-07-07,2024-07-07,27,Paid Social,media,247.747856270496,1,4,3583.0358340998,0.069144677235063
week,2024-07-07,2024-07-07,27,Promo,baseline_control,0,1,4,3583.0358340998,0
week,2024-07-07,2024-07-07,27,Retail Media,media,158.34709275169,1,4,3583.0358340998,0.0441935554327141
week,2024-07-07,2024-07-07,27,TV,media,295.930616338213,1,4,3583.0358340998,0.0825921453315754
week,2024-07-14,2024-07-14,28,Baseline,baseline_control,2474.77959068465,1,4,3537.60479474107,0.699563612748267
week,2024-07-14,2024-07-14,28,Display,media,82.8102675416498,1,4,3537.60479474107,0.0234085694548905
week,2024-07-14,2024-07-14,28,Paid Search,media,291.311134208804,1,4,3537.60479474107,0.082346997788408
week,2024-07-14,2024-07-14,28,Paid Social,media,239.880861339553,1,4,3537.60479474107,0.0678088354290325
week,2024-07-14,2024-07-14,28,Promo,baseline_control,0,1,4,3537.60479474107,0
week,2024-07-14,2024-07-14,28,Retail Media,media,164.549973249543,1,4,3537.60479474107,0.046514515554185
week,2024-07-14,2024-07-14,28,TV,media,284.272967716866,1,4,3537.60479474107,0.0803574690252176
week,2024-07-21,2024-07-21,29,Baseline,baseline_control,2455.82240238363,1,4,3523.67582185802,0.696949017599661
week,2024-07-21,2024-07-21,29,Display,media,71.7248005499775,1,4,3523.67582185802,0.0203551076137751
week,2024-07-21,2024-07-21,29,Paid Search,media,296.077979088105,1,4,3523.67582185802,0.0840253173267182
week,2024-07-21,2024-07-21,29,Paid Social,media,255.691617880745,1,4,3523.67582185802,0.0725638880553773
week,2024-07-21,2024-07-21,29,Promo,baseline_control,0,1,4,3523.67582185802,0
week,2024-07-21,2024-07-21,29,Retail Media,media,152.517760449607,1,4,3523.67582185802,0.0432837094444132
week,2024-07-21,2024-07-21,29,TV,media,291.841261505962,1,4,3523.67582185802,0.0828229599600554
week,2024-07-28,2024-07-28,30,Baseline,baseline_control,2437.79598287828,1,4,3512.28096648601,0.694077725028148
week,2024-07-28,2024-07-28,30,Display,media,82.7898262947499,1,4,3512.28096648601,0.0235715271883787
week,2024-07-28,2024-07-28,30,Paid Search,media,317.017627964,1,4,3512.28096648601,0.0902597574023732
week,2024-07-28,2024-07-28,30,Paid Social,media,246.919322571563,1,4,3512.28096648601,0.070301699928808
week,2024-07-28,2024-07-28,30,Promo,baseline_control,0,1,4,3512.28096648601,0
week,2024-07-28,2024-07-28,30,Retail Media,media,160.089127228263,1,4,3512.28096648601,0.0455798180031225
week,2024-07-28,2024-07-28,30,TV,media,267.669079549157,1,4,3512.28096648601,0.0762094724491693
week,2024-08-04,2024-08-04,31,Baseline,baseline_control,2420.98937122942,1,4,3393.12915598699,0.713497559312683
week,2024-08-04,2024-08-04,31,Display,media,69.0617806612404,1,4,3393.12915598699,0.0203534193620024
week,2024-08-04,2024-08-04,31,Paid Search,media,287.348242861483,1,4,3393.12915598699,0.0846853242690372
week,2024-08-04,2024-08-04,31,Paid Social,media,240.482518803259,1,4,3393.12915598699,0.0708733760926668
week,2024-08-04,2024-08-04,31,Promo,baseline_control,0,1,4,3393.12915598699,0
week,2024-08-04,2024-08-04,31,Retail Media,media,144.411110718799,1,4,3393.12915598699,0.0425598626164859
week,2024-08-04,2024-08-04,31,TV,media,230.836131712788,1,4,3393.12915598699,0.068030458347125
week,2024-08-11,2024-08-11,32,Baseline,baseline_control,2405.67381895255,1,4,3366.32112306415,0.714629927154074
week,2024-08-11,2024-08-11,32,Display,media,81.0210967402153,1,4,3366.32112306415,0.0240681425741306
week,2024-08-11,2024-08-11,32,Paid Search,media,299.830523949209,1,4,3366.32112306415,0.0890677130874229
week,2024-08-11,2024-08-11,32,Paid Social,media,195.178316294961,1,4,3366.32112306415,0.0579797081620373
week,2024-08-11,2024-08-11,32,Promo,baseline_control,0,1,4,3366.32112306415,0
week,2024-08-11,2024-08-11,32,Retail Media,media,152.549058767606,1,4,3366.32112306415,0.0453162527253937
week,2024-08-11,2024-08-11,32,TV,media,232.068308359605,1,4,3366.32112306415,0.0689382562969416
week,2024-08-18,2024-08-18,33,Baseline,baseline_control,2392.09883455997,1,4,3364.47979859475,0.710986237919777
week,2024-08-18,2024-08-18,33,Display,media,99.3601783510622,1,4,3364.47979859475,0.0295321072792775
week,2024-08-18,2024-08-18,33,Paid Search,media,301.074013904895,1,4,3364.47979859475,0.0894860519093161
week,2024-08-18,2024-08-18,33,Paid Social,media,214.904703921442,1,4,3364.47979859475,0.0638745710439996
week,2024-08-18,2024-08-18,33,Promo,baseline_control,0,1,4,3364.47979859475,0
week,2024-08-18,2024-08-18,33,Retail Media,media,136.441079438639,1,4,3364.47979859475,0.0405533953556881
week,2024-08-18,2024-08-18,33,TV,media,220.600988418742,1,4,3364.47979859475,0.0655676364919417
week,2024-08-25,2024-08-25,34,Baseline,baseline_control,2380.48854516478,1,4,3356.91431882896,0.709129968498929
week,2024-08-25,2024-08-25,34,Display,media,95.7258372164194,1,4,3356.91431882896,0.0285160204058508
week,2024-08-25,2024-08-25,34,Paid Search,media,293.357493105972,1,4,3356.91431882896,0.0873890320823882
week,2024-08-25,2024-08-25,34,Paid Social,media,196.159442106217,1,4,3356.91431882896,0.0584344500560996
week,2024-08-25,2024-08-25,34,Promo,baseline_control,0,1,4,3356.91431882896,0
week,2024-08-25,2024-08-25,34,Retail Media,media,160.23522436611,1,4,3356.91431882896,0.0477328907286519
week,2024-08-25,2024-08-25,34,TV,media,230.94777686946,1,4,3356.91431882896,0.068797638228081
week,2024-09-01,2024-09-01,35,Baseline,baseline_control,2371.03842820294,1,4,3336.45420225609,0.710646178388917
week,2024-09-01,2024-09-01,35,Display,media,102.242110884076,1,4,3336.45420225609,0.0306439425468332
week,2024-09-01,2024-09-01,35,Paid Search,media,304.486623303012,1,4,3336.45420225609,0.091260543332835
week,2024-09-01,2024-09-01,35,Paid Social,media,196.260345649677,1,4,3336.45420225609,0.0588230300050174
week,2024-09-01,2024-09-01,35,Promo,baseline_control,0,1,4,3336.45420225609,0
week,2024-09-01,2024-09-01,35,Retail Media,media,160.978265084451,1,4,3336.45420225609,0.0482483065332048
week,2024-09-01,2024-09-01,35,TV,media,201.448429131941,1,4,3336.45420225609,0.0603779991931921
week,2024-09-08,2024-09-08,36,Baseline,baseline_control,2363.91246093201,1,4,3437.05608843188,0.687772442494682
week,2024-09-08,2024-09-08,36,Display,media,103.369119722603,1,4,3437.05608843188,0.0300749004563856
week,2024-09-08,2024-09-08,36,Paid Search,media,305.536856218296,1,4,3437.05608843188,0.0888949287870638
week,2024-09-08,2024-09-08,36,Paid Social,media,185.787970171929,1,4,3437.05608843188,0.0540543899755482
week,2024-09-08,2024-09-08,36,Promo,baseline_control,100,1,4,3437.05608843188,0.0290946663153304
week,2024-09-08,2024-09-08,36,Retail Media,media,165.535168350854,1,4,3437.05608843188,0.0481619048662015
week,2024-09-08,2024-09-08,36,TV,media,212.914513036184,1,4,3437.05608843188,0.0619467671047882
week,2024-09-15,2024-09-15,37,Baseline,baseline_control,2359.24072927357,1,4,3398.12306360984,0.694277601225936
week,2024-09-15,2024-09-15,37,Display,media,80.8397481799974,1,4,3398.12306360984,0.0237895292980123
week,2024-09-15,2024-09-15,37,Paid Search,media,303.095859992486,1,4,3398.12306360984,0.0891950804367003
week,2024-09-15,2024-09-15,37,Paid Social,media,181.501799506614,1,4,3398.12306360984,0.0534123679775754
week,2024-09-15,2024-09-15,37,Promo,baseline_control,100,1,4,3398.12306360984,0.0294280101479814
week,2024-09-15,2024-09-15,37,Retail Media,media,157.06407847509,1,4,3398.12306360984,0.0462208329524828
week,2024-09-15,2024-09-15,37,TV,media,216.380848182084,1,4,3398.12306360984,0.0636765779613118
week,2024-09-22,2024-09-22,38,Baseline,baseline_control,2357.11753086748,1,4,3399.36491711648,0.69339938145473
week,2024-09-22,2024-09-22,38,Display,media,76.3176953712166,1,4,3399.36491711648,0.0224505745137692
week,2024-09-22,2024-09-22,38,Paid Search,media,295.803264991886,1,4,3399.36491711648,0.0870172141574026
week,2024-09-22,2024-09-22,38,Paid Social,media,192.360057493125,1,4,3399.36491711648,0.0565870573425506
week,2024-09-22,2024-09-22,38,Promo,baseline_control,100,1,4,3399.36491711648,0.0294172595288255
week,2024-09-22,2024-09-22,38,Retail Media,media,158.694682101279,1,4,3399.36491711648,0.0466836264921779
week,2024-09-22,2024-09-22,38,TV,media,219.071686291497,1,4,3399.36491711648,0.0644448865105441
week,2024-09-29,2024-09-29,39,Baseline,baseline_control,2357.6,1,4,3304.6517016984,0.713418602870713
week,2024-09-29,2024-09-29,39,Display,media,74.8525999743552,1,4,3304.6517016984,0.022650677508884
week,2024-09-29,2024-09-29,39,Paid Search,media,290.838204881538,1,4,3304.6517016984,0.0880087316711965
week,2024-09-29,2024-09-29,39,Paid Social,media,202.323597032869,1,4,3304.6517016984,0.0612238793361753
week,2024-09-29,2024-09-29,39,Promo,baseline_control,0,1,4,3304.6517016984,0
week,2024-09-29,2024-09-29,39,Retail Media,media,155.730722042593,1,4,3304.6517016984,0.0471247006038659
week,2024-09-29,2024-09-29,39,TV,media,223.306577767047,1,4,3304.6517016984,0.0675734080091648
week,2024-10-06,2024-10-06,40,Baseline,baseline_control,2360.70727445722,1,4,3381.40280626985,0.698144353012296
week,2024-10-06,2024-10-06,40,Display,media,66.3398973130087,1,4,3381.40280626985,0.0196190460332026
week,2024-10-06,2024-10-06,40,Paid Search,media,299.638358685496,1,4,3381.40280626985,0.0886136245376927
week,2024-10-06,2024-10-06,40,Paid Social,media,249.671929652732,1,4,3381.40280626985,0.0738367902190731
week,2024-10-06,2024-10-06,40,Promo,baseline_control,0,1,4,3381.40280626985,0
week,2024-10-06,2024-10-06,40,Retail Media,media,196.978182379502,1,4,3381.40280626985,0.0582533917622185
week,2024-10-06,2024-10-06,40,TV,media,208.067163781883,1,4,3381.40280626985,0.0615327944355172
week,2024-10-13,2024-10-13,41,Baseline,baseline_control,2366.42021645305,1,4,3397.16829483069,0.696586100857564
week,2024-10-13,2024-10-13,41,Display,media,76.0750477840408,1,4,3397.16829483069,0.0223936647177005
week,2024-10-13,2024-10-13,41,Paid Search,media,303.92705321043,1,4,3397.16829483069,0.0894648209430485
week,2024-10-13,2024-10-13,41,Paid Social,media,255.641521738937,1,4,3397.16829483069,0.0752513562922196
week,2024-10-13,2024-10-13,41,Promo,baseline_control,0,1,4,3397.16829483069,0
week,2024-10-13,2024-10-13,41,Retail Media,media,194.268037416168,1,4,3397.16829483069,0.0571852850833962
week,2024-10-13,2024-10-13,41,TV,media,200.836418228065,1,4,3397.16829483069,0.0591187721060709
week,2024-10-20,2024-10-20,42,Baseline,baseline_control,2374.68169170124,1,4,3406.28361737704,0.697147377742383
week,2024-10-20,2024-10-20,42,Display,media,72.2226050660756,1,4,3406.28361737704,0.0212027573680696
week,2024-10-20,2024-10-20,42,Paid Search,media,305.069403742136,1,4,3406.28361737704,0.089560775910096
week,2024-10-20,2024-10-20,42,Paid Social,media,251.658354064905,1,4,3406.28361737704,0.0738806225004516
week,2024-10-20,2024-10-20,42,Promo,baseline_control,0,1,4,3406.28361737704,0
week,2024-10-20,2024-10-20,42,Retail Media,media,192.396926326,1,4,3406.28361737704,0.0564829438583722
week,2024-10-20,2024-10-20,42,TV,media,210.254636476678,1,4,3406.28361737704,0.0617255226206273
week,2024-10-27,2024-10-27,43,Baseline,baseline_control,2385.39740256191,1,4,3449.50097165192,0.691519562442557
week,2024-10-27,2024-10-27,43,Display,media,101.515841657154,1,4,3449.50097165192,0.0294291384439122
week,2024-10-27,2024-10-27,43,Paid Search,media,306.622154019271,1,4,3449.50097165192,0.0888888440789258
week,2024-10-27,2024-10-27,43,Paid Social,media,246.35360589362,1,4,3449.50097165192,0.0714171724890526
week,2024-10-27,2024-10-27,43,Promo,baseline_control,0,1,4,3449.50097165192,0
week,2024-10-27,2024-10-27,43,Retail Media,media,198.34557247457,1,4,3449.50097165192,0.0574997873908658
week,2024-10-27,2024-10-27,43,TV,media,211.266395045396,1,4,3449.50097165192,0.0612454951546871
week,2024-11-03,2024-11-03,44,Baseline,baseline_control,2398.4372631135,1,4,3473.37047582309,0.690521578336713
week,2024-11-03,2024-11-03,44,Display,media,93.8669927854034,1,4,3473.37047582309,0.0270247569151573
week,2024-11-03,2024-11-03,44,Paid Search,media,307.999552463562,1,4,3473.37047582309,0.0886745466996504
week,2024-11-03,2024-11-03,44,Paid Social,media,244.184304463863,1,4,3473.37047582309,0.0703018310783557
week,2024-11-03,2024-11-03,44,Promo,baseline_control,0,1,4,3473.37047582309,0
week,2024-11-03,2024-11-03,44,Retail Media,media,201.898944027764,1,4,3473.37047582309,0.058127673230688
week,2024-11-03,2024-11-03,44,TV,media,226.983418968998,1,4,3473.37047582309,0.0653496137394355
week,2024-11-10,2024-11-10,45,Baseline,baseline_control,2413.63729609843,1,4,3428.09541484092,0.704075296635359
week,2024-11-10,2024-11-10,45,Display,media,105.512306731929,1,4,3428.09541484092,0.0307786960290385
week,2024-11-10,2024-11-10,45,Paid Search,media,315.001650280522,1,4,3428.09541484092,0.0918882388503006
week,2024-11-10,2024-11-10,45,Paid Social,media,178.229023481371,1,4,3428.09541484092,0.0519906834301582
week,2024-11-10,2024-11-10,45,Promo,baseline_control,0,1,4,3428.09541484092,0
week,2024-11-10,2024-11-10,45,Retail Media,media,189.205459692658,1,4,3428.09541484092,0.0551925885357653
week,2024-11-10,2024-11-10,45,TV,media,226.509678556003,1,4,3428.09541484092,0.0660744965193783
week,2024-11-17,2024-11-17,46,Baseline,baseline_control,2430.80202408076,1,4,3471.93185161533,0.700129532481987
week,2024-11-17,2024-11-17,46,Display,media,102.477426159079,1,4,3471.93185161533,0.0295159670577637
week,2024-11-17,2024-11-17,46,Paid Search,media,311.233853559609,1,4,3471.93185161533,0.0896428463637058
week,2024-11-17,2024-11-17,46,Paid Social,media,206.583237969078,1,4,3471.93185161533,0.0595009484051262
week,2024-11-17,2024-11-17,46,Promo,baseline_control,0,1,4,3471.93185161533,0
week,2024-11-17,2024-11-17,46,Retail Media,media,195.192106301593,1,4,3471.93185161533,0.0562200281122394
week,2024-11-17,2024-11-17,46,TV,media,225.643203545211,1,4,3471.93185161533,0.0649906775791783
week,2024-11-24,2024-11-24,47,Baseline,baseline_control,2449.70731994737,1,4,3433.77615466368,0.713414972207849
week,2024-11-24,2024-11-24,47,Display,media,84.4988156596884,1,4,3433.77615466368,0.0246081316468238
week,2024-11-24,2024-11-24,47,Paid Search,media,294.509573562103,1,4,3433.77615466368,0.0857684252836652
week,2024-11-24,2024-11-24,47,Paid Social,media,198.37296049723,1,4,3433.77615466368,0.0577710810379424
week,2024-11-24,2024-11-24,47,Promo,baseline_control,0,1,4,3433.77615466368,0
week,2024-11-24,2024-11-24,47,Retail Media,media,155.268252516599,1,4,3433.77615466368,0.0452179307919409
week,2024-11-24,2024-11-24,47,TV,media,251.419232480695,1,4,3433.77615466368,0.0732194590317783
week,2024-12-01,2024-12-01,48,Baseline,baseline_control,2470.10367518597,1,4,3502.86093268954,0.705167496698017
week,2024-12-01,2024-12-01,48,Display,media,71.7796885695212,1,4,3502.86093268954,0.0204917323150502
week,2024-12-01,2024-12-01,48,Paid Search,media,317.78660388319,1,4,3502.86093268954,0.0907220155152403
week,2024-12-01,2024-12-01,48,Paid Social,media,195.324885699073,1,4,3502.86093268954,0.0557615302041408
week,2024-12-01,2024-12-01,48,Promo,baseline_control,0,1,4,3502.86093268954,0
week,2024-12-01,2024-12-01,48,Retail Media,media,167.075432828465,1,4,3502.86093268954,0.0476968501002356
week,2024-12-01,2024-12-01,48,TV,media,280.790646523327,1,4,3502.86093268954,0.0801603751673156
week,2024-12-08,2024-12-08,49,Baseline,baseline_control,2491.71983828106,1,4,3587.19473402437,0.694615158370752
week,2024-12-08,2024-12-08,49,Display,media,76.1988436595559,1,4,3587.19473402437,0.0212419033003181
week,2024-12-08,2024-12-08,49,Paid Search,media,296.821844061586,1,4,3587.19473402437,0.0827448371414704
week,2024-12-08,2024-12-08,49,Paid Social,media,192.330812206854,1,4,3587.19473402437,0.0536159384888157
week,2024-12-08,2024-12-08,49,Promo,baseline_control,100,1,4,3587.19473402437,0.0278769365519817
week,2024-12-08,2024-12-08,49,Retail Media,media,168.48331367172,1,4,3587.19473402437,0.0469679864529418
week,2024-12-08,2024-12-08,49,TV,media,261.640082143588,1,4,3587.19473402437,0.0729372396937207
week,2024-12-15,2024-12-15,50,Baseline,baseline_control,2514.26677017183,1,4,3668.14529128416,0.685432710679687
week,2024-12-15,2024-12-15,50,Display,media,80.3078851416978,1,4,3668.14529128416,0.0218933217646849
week,2024-12-15,2024-12-15,50,Paid Search,media,320.700483889631,1,4,3668.14529128416,0.0874285118017664
week,2024-12-15,2024-12-15,50,Paid Social,media,193.097965203654,1,4,3668.14529128416,0.0526418529992452
week,2024-12-15,2024-12-15,50,Promo,baseline_control,100,1,4,3668.14529128416,0.0272617336716757
week,2024-12-15,2024-12-15,50,Retail Media,media,150.04709433683,1,4,3668.14529128416,0.0409054392401947
week,2024-12-15,2024-12-15,50,TV,media,309.725092540515,1,4,3668.14529128416,0.0844364298427463
week,2024-12-22,2024-12-22,51,Baseline,baseline_control,2537.4418590925,1,4,3686.01821521575,0.688396451384325
week,2024-12-22,2024-12-22,51,Display,media,77.1021920688249,1,4,3686.01821521575,0.0209174745123478
week,2024-12-22,2024-12-22,51,Paid Search,media,308.384051887683,1,4,3686.01821521575,0.0836631926056918
week,2024-12-22,2024-12-22,51,Paid Social,media,206.128077237443,1,4,3686.01821521575,0.0559216111267584
week,2024-12-22,2024-12-22,51,Promo,baseline_control,100,1,4,3686.01821521575,0.0271295458028948
week,2024-12-22,2024-12-22,51,Retail Media,media,147.92297586177,1,4,3686.01821521575,0.0401308314894237
week,2024-12-22,2024-12-22,51,TV,media,309.039059067523,1,4,3686.01821521575,0.0838408930785586
week,2024-12-29,2024-12-29,52,Baseline,baseline_control,2560.93333333333,1,4,3602.59194047272,0.71085856395862
week,2024-12-29,2024-12-29,52,Display,media,75.5228167651239,1,4,3602.59194047272,0.0209634668630314
week,2024-12-29,2024-12-29,52,Paid Search,media,300.2294608887,1,4,3602.59194047272,0.0833370711558593
week,2024-12-29,2024-12-29,52,Paid Social,media,199.225011906018,1,4,3602.59194047272,0.0553004656641397
week,2024-12-29,2024-12-29,52,Promo,baseline_control,0,1,4,3602.59194047272,0
week,2024-12-29,2024-12-29,52,Retail Media,media,160.45450130953,1,4,3602.59194047272,0.0445386277326973
week,2024-12-29,2024-12-29,52,TV,media,306.22681627001,1,4,3602.59194047272,0.0850018046256519
week,2025-01-05,2025-01-05,53,Baseline,baseline_control,2584.42480757416,1,4,3712.65846946138,0.696111648521526
week,2025-01-05,2025-01-05,53,Display,media,96.5452883358847,1,4,3712.65846946138,0.0260043548659328
week,2025-01-05,2025-01-05,53,Paid Search,media,315.175761184385,1,4,3712.65846946138,0.0848922042727268
week,2025-01-05,2025-01-05,53,Paid Social,media,247.501234495932,1,4,3712.65846946138,0.0666641536063075
week,2025-01-05,2025-01-05,53,Promo,baseline_control,0,1,4,3712.65846946138,0
week,2025-01-05,2025-01-05,53,Retail Media,media,157.329506080316,1,4,3712.65846946138,0.0423765092788459
week,2025-01-05,2025-01-05,53,TV,media,311.681871790696,1,4,3712.65846946138,0.0839511294546611
week,2025-01-12,2025-01-12,54,Baseline,baseline_control,2607.59989649484,1,4,3737.22638101067,0.697736671705088
week,2025-01-12,2025-01-12,54,Display,media,98.7426016834565,1,4,3737.22638101067,0.0264213594833806
week,2025-01-12,2025-01-12,54,Paid Search,media,296.536843994514,1,4,3737.22638101067,0.0793467705090747
week,2025-01-12,2025-01-12,54,Paid Social,media,245.108272794163,1,4,3737.22638101067,0.0655856102374718
week,2025-01-12,2025-01-12,54,Promo,baseline_control,0,1,4,3737.22638101067,0
week,2025-01-12,2025-01-12,54,Retail Media,media,156.527999927411,1,4,3737.22638101067,0.0418834675690908
week,2025-01-12,2025-01-12,54,TV,media,332.710766116291,1,4,3737.22638101067,0.0890261204958942
week,2025-01-19,2025-01-19,55,Baseline,baseline_control,2630.14682838561,1,4,3788.75344286895,0.694198466077536
week,2025-01-19,2025-01-19,55,Display,media,101.441523637086,1,4,3788.75344286895,0.0267743797971375
week,2025-01-19,2025-01-19,55,Paid Search,media,304.557470759073,1,4,3788.75344286895,0.0803846107569495
week,2025-01-19,2025-01-19,55,Paid Social,media,262.06607164914,1,4,3788.75344286895,0.0691694710676914
week,2025-01-19,2025-01-19,55,Promo,baseline_control,0,1,4,3788.75344286895,0
week,2025-01-19,2025-01-19,55,Retail Media,media,152.085717415585,1,4,3788.75344286895,0.0401413603996414
week,2025-01-19,2025-01-19,55,TV,media,338.455831022459,1,4,3788.75344286895,0.0893317119010445
week,2025-01-26,2025-01-26,56,Baseline,baseline_control,2651.7629914807,1,4,3827.43893344137,0.692829601619906
week,2025-01-26,2025-01-26,56,Display,media,103.285884516873,1,4,3827.43893344137,0.0269856387817024
week,2025-01-26,2025-01-26,56,Paid Search,media,310.552121926657,1,4,3827.43893344137,0.0811383610103559
week,2025-01-26,2025-01-26,56,Paid Social,media,255.763807695636,1,4,3827.43893344137,0.0668237461507115
week,2025-01-26,2025-01-26,56,Promo,baseline_control,0,1,4,3827.43893344137,0
week,2025-01-26,2025-01-26,56,Retail Media,media,164.775116368197,1,4,3827.43893344137,0.0430510111940683
week,2025-01-26,2025-01-26,56,TV,media,341.299011453306,1,4,3827.43893344137,0.0891716412432565
week,2025-02-02,2025-02-02,57,Baseline,baseline_control,2672.1593467193,1,4,3815.36992260232,0.700367041971313
week,2025-02-02,2025-02-02,57,Display,media,74.4197483253395,1,4,3815.36992260232,0.0195052510857403
week,2025-02-02,2025-02-02,57,Paid Search,media,301.291575717106,1,4,3815.36992260232,0.0789678541868903
week,2025-02-02,2025-02-02,57,Paid Social,media,241.271979995312,1,4,3815.36992260232,0.0632368511808024
week,2025-02-02,2025-02-02,57,Promo,baseline_control,0,1,4,3815.36992260232,0
week,2025-02-02,2025-02-02,57,Retail Media,media,160.982512324885,1,4,3815.36992260232,0.0421931596648656
week,2025-02-02,2025-02-02,57,TV,media,365.244759520372,1,4,3815.36992260232,0.0957298419103887
week,2025-02-09,2025-02-09,58,Baseline,baseline_control,2691.06464258591,1,4,3806.18465551776,0.707024195130606
week,2025-02-09,2025-02-09,58,Display,media,75.4919722749615,1,4,3806.18465551776,0.0198340278014421
week,2025-02-09,2025-02-09,58,Paid Search,media,307.228156089051,1,4,3806.18465551776,0.080718142679617
week,2025-02-09,2025-02-09,58,Paid Social,media,201.339402018898,1,4,3806.18465551776,0.0528979595687822
week,2025-02-09,2025-02-09,58,Promo,baseline_control,0,1,4,3806.18465551776,0
week,2025-02-09,2025-02-09,58,Retail Media,media,155.448296651987,1,4,3806.18465551776,0.0408409761272711
week,2025-02-09,2025-02-09,58,TV,media,375.612185896955,1,4,3806.18465551776,0.0986846986922815
week,2025-02-16,2025-02-16,59,Baseline,baseline_control,2708.22937056823,1,4,3812.43596989503,0.710367175200795
week,2025-02-16,2025-02-16,59,Display,media,73.5905442542881,1,4,3812.43596989503,0.0193027620228634
week,2025-02-16,2025-02-16,59,Paid Search,media,309.741609476153,1,4,3812.43596989503,0.081245065339335
week,2025-02-16,2025-02-16,59,Paid Social,media,191.077695010149,1,4,3812.43596989503,0.0501195814222185
week,2025-02-16,2025-02-16,59,Promo,baseline_control,0,1,4,3812.43596989503,0
week,2025-02-16,2025-02-16,59,Retail Media,media,156.842994793948,1,4,3812.43596989503,0.0411398371100423
week,2025-02-16,2025-02-16,59,TV,media,372.95375579226,1,4,3812.43596989503,0.0978255789047464
week,2025-02-23,2025-02-23,60,Baseline,baseline_control,2723.42940355317,1,4,3831.57037942035,0.710786735950594
week,2025-02-23,2025-02-23,60,Display,media,71.4515340476752,1,4,3831.57037942035,0.0186481069045337
week,2025-02-23,2025-02-23,60,Paid Search,media,293.348575254374,1,4,3831.57037942035,0.0765609257316456
week,2025-02-23,2025-02-23,60,Paid Social,media,202.862204171771,1,4,3831.57037942035,0.0529449244261202
week,2025-02-23,2025-02-23,60,Promo,baseline_control,0,1,4,3831.57037942035,0
week,2025-02-23,2025-02-23,60,Retail Media,media,165.36802225669,1,4,3831.57037942035,0.0431593330883062
week,2025-02-23,2025-02-23,60,TV,media,375.11064013667,1,4,3831.57037942035,0.0978999738988008
week,2025-03-02,2025-03-02,61,Baseline,baseline_control,2736.46926410476,1,4,3835.31649244802,0.713492424808498
week,2025-03-02,2025-03-02,61,Display,media,73.6138033713599,1,4,3835.31649244802,0.0191936711132732
week,2025-03-02,2025-03-02,61,Paid Search,media,302.083883320712,1,4,3835.31649244802,0.0787637432049048
week,2025-03-02,2025-03-02,61,Paid Social,media,186.939444790882,1,4,3835.31649244802,0.0487415954221713
week,2025-03-02,2025-03-02,61,Promo,baseline_control,0,1,4,3835.31649244802,0
week,2025-03-02,2025-03-02,61,Retail Media,media,150.117160959733,1,4,3835.31649244802,0.0391407492068316
week,2025-03-02,2025-03-02,61,TV,media,386.092935900573,1,4,3835.31649244802,0.100667816244322
week,2025-03-09,2025-03-09,62,Baseline,baseline_control,2747.18497496543,1,4,4009.48978698835,0.685170712712782
week,2025-03-09,2025-03-09,62,Display,media,81.1508744439954,1,4,4009.48978698835,0.0202397009982036
week,2025-03-09,2025-03-09,62,Paid Search,media,300.924772759904,1,4,4009.48978698835,0.0750531336272433
week,2025-03-09,2025-03-09,62,Paid Social,media,215.574802779379,1,4,4009.48978698835,0.0537661433828725
week,2025-03-09,2025-03-09,62,Promo,baseline_control,100,1,4,4009.48978698835,0.024940829210869
week,2025-03-09,2025-03-09,62,Retail Media,media,160.69895803071,1,4,4009.48978698835,0.0400796526660855
week,2025-03-09,2025-03-09,62,TV,media,403.955404008936,1,4,4009.48978698835,0.100749827401945
week,2025-03-16,2025-03-16,63,Baseline,baseline_control,2755.44645021361,1,4,3989.83758093212,0.69061619535146
week,2025-03-16,2025-03-16,63,Display,media,97.9653684611625,1,4,3989.83758093212,0.0245537234220636
week,2025-03-16,2025-03-16,63,Paid Search,media,302.29917936641,1,4,3989.83758093212,0.0757672895786867
week,2025-03-16,2025-03-16,63,Paid Social,media,194.842660507906,1,4,3989.83758093212,0.0488347348872247
week,2025-03-16,2025-03-16,63,Promo,baseline_control,100,1,4,3989.83758093212,0.0250636768970023
week,2025-03-16,2025-03-16,63,Retail Media,media,151.759110816265,1,4,3989.83758093212,0.0380364131967523
week,2025-03-16,2025-03-16,63,TV,media,387.524811566763,1,4,3989.83758093212,0.0971279666668105
week,2025-03-23,2025-03-23,64,Baseline,baseline_control,2761.15939220944,1,4,4029.01830976851,0.685318154428564
week,2025-03-23,2025-03-23,64,Display,media,108.805142897855,1,4,4029.01830976851,0.0270053731535676
week,2025-03-23,2025-03-23,64,Paid Search,media,305.0535217003,1,4,4029.01830976851,0.0757141065754619
week,2025-03-23,2025-03-23,64,Paid Social,media,202.916796566492,1,4,4029.01830976851,0.0503638308305803
week,2025-03-23,2025-03-23,64,Promo,baseline_control,100,1,4,4029.01830976851,0.0248199418100301
week,2025-03-23,2025-03-23,64,Retail Media,media,162.850070497791,1,4,4029.01830976851,0.0404192927351446
week,2025-03-23,2025-03-23,64,TV,media,388.233385896625,1,4,4029.01830976851,0.0963593004666518
week,2025-03-30,2025-03-30,65,Baseline,baseline_control,2764.26666666667,1,4,3927.99444035953,0.703734872499884
week,2025-03-30,2025-03-30,65,Display,media,102.647634000485,1,4,3927.99444035953,0.0261323267023487
week,2025-03-30,2025-03-30,65,Paid Search,media,317.78169466425,1,4,3927.99444035953,0.0809017679350798
week,2025-03-30,2025-03-30,65,Paid Social,media,202.218028594293,1,4,3927.99444035953,0.0514812410416201
week,2025-03-30,2025-03-30,65,Promo,baseline_control,0,1,4,3927.99444035953,0
week,2025-03-30,2025-03-30,65,Retail Media,media,148.820104585981,1,4,3927.99444035953,0.0378870456273761
week,2025-03-30,2025-03-30,65,TV,media,392.260311847856,1,4,3927.99444035953,0.0998627461936917
week,2025-04-06,2025-04-06,66,Baseline,baseline_control,2764.74913579919,1,4,4000.9449439398,0.691024039205272
week,2025-04-06,2025-04-06,66,Display,media,103.571458101655,1,4,4000.9449439398,0.0258867491437327
week,2025-04-06,2025-04-06,66,Paid Search,media,312.20760554991,1,4,4000.9449439398,0.0780334670745242
week,2025-04-06,2025-04-06,66,Paid Social,media,254.166358683875,1,4,4000.9449439398,0.0635265824062037
week,2025-04-06,2025-04-06,66,Promo,baseline_control,0,1,4,4000.9449439398,0
week,2025-04-06,2025-04-06,66,Retail Media,media,191.643179716983,1,4,4000.9449439398,0.0478994793485633
week,2025-04-06,2025-04-06,66,TV,media,374.607206088185,1,4,4000.9449439398,0.0936296828217044
week,2025-04-13,2025-04-13,67,Baseline,baseline_control,2762.6259373931,1,4,3978.60953087269,0.694369707797671
week,2025-04-13,2025-04-13,67,Display,media,79.8234434907517,1,4,3978.60953087269,0.020063150925304
week,2025-04-13,2025-04-13,67,Paid Search,media,303.268940938065,1,4,3978.60953087269,0.0762248565949483
week,2025-04-13,2025-04-13,67,Paid Social,media,243.984328186202,1,4,3978.60953087269,0.0613240194326598
week,2025-04-13,2025-04-13,67,Promo,baseline_control,0,1,4,3978.60953087269,0
week,2025-04-13,2025-04-13,67,Retail Media,media,204.633465136736,1,4,3978.60953087269,0.0514334124896771
week,2025-04-13,2025-04-13,67,TV,media,384.273415727838,1,4,3978.60953087269,0.0965848527597402
week,2025-04-20,2025-04-20,68,Baseline,baseline_control,2757.95420573466,1,4,3959.64984758608,0.696514669703936
week,2025-04-20,2025-04-20,68,Display,media,77.6939092232634,1,4,3959.64984758608,0.019621409016918
week,2025-04-20,2025-04-20,68,Paid Search,media,305.895774539992,1,4,3959.64984758608,0.077253238623227
week,2025-04-20,2025-04-20,68,Paid Social,media,240.357338027695,1,4,3959.64984758608,0.0607016648641859
week,2025-04-20,2025-04-20,68,Promo,baseline_control,0,1,4,3959.64984758608,0
week,2025-04-20,2025-04-20,68,Retail Media,media,197.089768726707,1,4,3959.64984758608,0.0497745447989191
week,2025-04-20,2025-04-20,68,TV,media,380.658851333766,1,4,3959.64984758608,0.0961344729928145
week,2025-04-27,2025-04-27,69,Baseline,baseline_control,2750.82823846373,1,4,3946.47958643571,0.6970334390981
week,2025-04-27,2025-04-27,69,Display,media,72.9993810494196,1,4,3946.47958643571,0.0184973416054964
week,2025-04-27,2025-04-27,69,Paid Search,media,305.83574152459,1,4,3946.47958643571,0.0774958377019776
week,2025-04-27,2025-04-27,69,Paid Social,media,244.982125937119,1,4,3946.47958643571,0.062076116339012
week,2025-04-27,2025-04-27,69,Promo,baseline_control,0,1,4,3946.47958643571,0
week,2025-04-27,2025-04-27,69,Retail Media,media,199.118452875103,1,4,3946.47958643571,0.0504547023528222
week,2025-04-27,2025-04-27,69,TV,media,372.715646585751,1,4,3946.47958643571,0.0944425629025921
week,2025-05-04,2025-05-04,70,Baseline,baseline_control,2741.37812150188,1,4,3952.58095803433,0.693566596258969
week,2025-05-04,2025-05-04,70,Display,media,80.2234826950397,1,4,3952.58095803433,0.0202964805899728
week,2025-05-04,2025-05-04,70,Paid Search,media,301.050983623021,1,4,3952.58095803433,0.0761656717014437
week,2025-05-04,2025-05-04,70,Paid Social,media,257.208317344569,1,4,3952.58095803433,0.0650735102140658
week,2025-05-04,2025-05-04,70,Promo,baseline_control,0,1,4,3952.58095803433,0
week,2025-05-04,2025-05-04,70,Retail Media,media,198.991659087091,1,4,3952.58095803433,0.0503447396017542
week,2025-05-04,2025-05-04,70,TV,media,373.728393782727,1,4,3952.58095803433,0.0945530016337949
week,2025-05-11,2025-05-11,71,Baseline,baseline_control,2729.7678321067,1,4,3883.91518251607,0.702839198032719
week,2025-05-11,2025-05-11,71,Display,media,77.8934657075393,1,4,3883.91518251607,0.020055398237888
week,2025-05-11,2025-05-11,71,Paid Search,media,310.527132731579,1,4,3883.91518251607,0.0799520891005693
week,2025-05-11,2025-05-11,71,Paid Social,media,201.202422578725,1,4,3883.91518251607,0.0518040207171523
week,2025-05-11,2025-05-11,71,Promo,baseline_control,0,1,4,3883.91518251607,0
week,2025-05-11,2025-05-11,71,Retail Media,media,186.403381228966,1,4,3883.91518251607,0.0479936796941613
week,2025-05-11,2025-05-11,71,TV,media,378.120948162566,1,4,3883.91518251607,0.0973556142175103
week,2025-05-18,2025-05-18,72,Baseline,baseline_control,2716.19284771411,1,4,3810.06734409545,0.712898907659326
week,2025-05-18,2025-05-18,72,Display,media,75.2963404854483,1,4,3810.06734409545,0.0197624697112341
week,2025-05-18,2025-05-18,72,Paid Search,media,291.043065306944,1,4,3810.06734409545,0.0763879057828152
week,2025-05-18,2025-05-18,72,Paid Social,media,178.545656567811,1,4,3810.06734409545,0.0468615487451968
week,2025-05-18,2025-05-18,72,Promo,baseline_control,0,1,4,3810.06734409545,0
week,2025-05-18,2025-05-18,72,Retail Media,media,186.735879886532,1,4,3810.06734409545,0.0490111756622677
week,2025-05-18,2025-05-18,72,TV,media,362.253554134599,1,4,3810.06734409545,0.0950779924391604
week,2025-05-25,2025-05-25,73,Baseline,baseline_control,2700.87729543725,1,4,3813.93513537387,0.708160259566787
week,2025-05-25,2025-05-25,73,Display,media,104.169281575409,1,4,3813.93513537387,0.0273128089172911
week,2025-05-25,2025-05-25,73,Paid Search,media,301.996166519039,1,4,3813.93513537387,0.0791823027397749
week,2025-05-25,2025-05-25,73,Paid Social,media,215.105842731514,1,4,3813.93513537387,0.0563999740678409
week,2025-05-25,2025-05-25,73,Promo,baseline_control,0,1,4,3813.93513537387,0
week,2025-05-25,2025-05-25,73,Retail Media,media,139.560579918324,1,4,3813.93513537387,0.0365922793557535
week,2025-05-25,2025-05-25,73,TV,media,352.225969192337,1,4,3813.93513537387,0.0923523753525527
week,2025-06-01,2025-06-01,74,Baseline,baseline_control,2684.07068378839,1,4,3756.032402944,0.714602643386303
week,2025-06-01,2025-06-01,74,Display,media,96.0196423070583,1,4,3756.032402944,0.0255641144713761
week,2025-06-01,2025-06-01,74,Paid Search,media,305.253829500288,1,4,3756.032402944,0.0812702865025944
week,2025-06-01,2025-06-01,74,Paid Social,media,163.620766220185,1,4,3756.032402944,0.043562128508779
week,2025-06-01,2025-06-01,74,Promo,baseline_control,0,1,4,3756.032402944,0
week,2025-06-01,2025-06-01,74,Retail Media,media,147.961757161181,1,4,3756.032402944,0.0393930992302428
week,2025-06-01,2025-06-01,74,TV,media,359.105723966903,1,4,3756.032402944,0.0956077279007053
week,2025-06-08,2025-06-08,75,Baseline,baseline_control,2666.04426428304,1,4,3906.73033475753,0.682423416984706
week,2025-06-08,2025-06-08,75,Display,media,98.8240515514149,1,4,3906.73033475753,0.025295846675721
week,2025-06-08,2025-06-08,75,Paid Search,media,323.515815567304,1,4,3906.73033475753,0.0828098660122603
week,2025-06-08,2025-06-08,75,Paid Social,media,203.54529355137,1,4,3906.73033475753,0.0521011884901451
week,2025-06-08,2025-06-08,75,Promo,baseline_control,100,1,4,3906.73033475753,0.0255968524651718
week,2025-06-08,2025-06-08,75,Retail Media,media,168.459268774224,1,4,3906.73033475753,0.0431202704920455
week,2025-06-08,2025-06-08,75,TV,media,346.341641030179,1,4,3906.73033475753,0.0886525588799501
week,2025-06-15,2025-06-15,76,Baseline,baseline_control,2647.08707598202,1,4,3857.75186454436,0.686173494026595
week,2025-06-15,2025-06-15,76,Display,media,97.9165266347091,1,4,3857.75186454436,0.0253817586181827
week,2025-06-15,2025-06-15,76,Paid Search,media,324.300643350158,1,4,3857.75186454436,0.0840646715333674
week,2025-06-15,2025-06-15,76,Paid Social,media,194.966579888842,1,4,3857.75186454436,0.050538911452738
week,2025-06-15,2025-06-15,76,Promo,baseline_control,100,1,4,3857.75186454436,0.0259218331067571
week,2025-06-15,2025-06-15,76,Retail Media,media,156.620007084607,1,4,3857.75186454436,0.0405987768482631
week,2025-06-15,2025-06-15,76,TV,media,336.86103160403,1,4,3857.75186454436,0.0873205544140969
week,2025-06-22,2025-06-22,77,Baseline,baseline_control,2627.50173065109,1,4,3779.9639271664,0.695112911466528
week,2025-06-22,2025-06-22,77,Display,media,67.7214041592102,1,4,3779.9639271664,0.0179158863587295
week,2025-06-22,2025-06-22,77,Paid Search,media,309.914851452753,1,4,3779.9639271664,0.0819888383657345
week,2025-06-22,2025-06-22,77,Paid Social,media,189.186860469761,1,4,3779.9639271664,0.0500499116169033
week,2025-06-22,2025-06-22,77,Promo,baseline_control,100,1,4,3779.9639271664,0.026455278919808
week,2025-06-22,2025-06-22,77,Retail Media,media,153.2061873907,1,4,3779.9639271664,0.0405311241966134
week,2025-06-22,2025-06-22,77,TV,media,332.432893042888,1,4,3779.9639271664,0.0879460490756832
week,2025-06-29,2025-06-29,78,Baseline,baseline_control,2607.6,1,4,3672.65767965869,0.710003552588744
week,2025-06-29,2025-06-29,78,Display,media,72.2222694871653,1,4,3672.65767965869,0.0196648519373788
week,2025-06-29,2025-06-29,78,Paid Search,media,328.31510446248,1,4,3672.65767965869,0.089394420362366
week,2025-06-29,2025-06-29,78,Paid Social,media,193.75851523169,1,4,3672.65767965869,0.0527570310472542
week,2025-06-29,2025-06-29,78,Promo,baseline_control,0,1,4,3672.65767965869,0
week,2025-06-29,2025-06-29,78,Retail Media,media,156.211463129646,1,4,3672.65767965869,0.0425336300725319
week,2025-06-29,2025-06-29,78,TV,media,314.550327347703,1,4,3672.65767965869,0.0856465139917248
