period_granularity,period_start,period_label,period_sort,variable,role,contribution,n_rows,period_model_contribution,share_of_period_model_contribution,contribution_draw_n,contribution_q05,contribution_q50,contribution_q95
week,2024-01-07,2024-01-07,1,baseline,baseline_control,2491.09147424083,4,3572.13048720357,0.697368554470408,80,2388.79010045139,2505.90386331948,2641.70359033126
week,2024-01-07,2024-01-07,1,tv,media,297.03425850138,4,3572.13048720357,0.0831532497386208,80,259.179718910538,300.324189300111,341.728650687271
week,2024-01-07,2024-01-07,1,paid_search,media,296.311261390836,4,3572.13048720357,0.0829508503265239,80,259.381478545256,299.978591596171,347.850777851756
week,2024-01-07,2024-01-07,1,paid_social,media,248.532402638759,4,3572.13048720357,0.0695753986392927,80,218.875338919746,251.704758652874,282.400548108059
week,2024-01-07,2024-01-07,1,retail_media,media,158.058339455019,4,3572.13048720357,0.0442476387750199,80,133.141715509891,160.376685830085,182.247356199907
week,2024-01-07,2024-01-07,1,display,media,81.1027509767464,4,3572.13048720357,0.0227043080501344,80,71.2776414777431,83.488982043128,93.9174540940637
week,2024-01-07,2024-01-07,1,promo,baseline_control,0,4,3572.13048720357,0,80,0,0,0
week,2024-01-14,2024-01-14,2,baseline,baseline_control,2514.2665631615,4,3632.73346116553,0.692114241256451,80,2402.86325579839,2505.30103237846,2659.45773251735
week,2024-01-14,2024-01-14,2,tv,media,340.578285293986,4,3632.73346116553,0.0937526215272381,80,300.948592066998,348.737365867694,408.802209960759
week,2024-01-14,2024-01-14,2,paid_search,media,286.390727743563,4,3632.73346116553,0.0788361521166149,80,253.78066850476,291.255540961242,337.031997203004
week,2024-01-14,2024-01-14,2,paid_social,media,257.330464968434,4,3632.73346116553,0.0708365939090591,80,230.03284131316,259.312529669353,298.379752233807
week,2024-01-14,2024-01-14,2,retail_media,media,159.352787346018,4,3632.73346116553,0.0438658076760995,80,136.796470871928,160.199656223263,183.097595748091
week,2024-01-14,2024-01-14,2,display,media,74.8146326520275,4,3632.73346116553,0.0205945835145372,80,67.3043358950187,75.1493791683961,87.7797142062821
week,2024-01-14,2024-01-14,2,promo,baseline_control,0,4,3632.73346116553,0,80,0,0,0
week,2024-01-21,2024-01-21,3,baseline,baseline_control,2536.81349505227,4,3640.77833254255,0.696777794016556,80,2418.05250809295,2568.52825180909,2662.24032071953
week,2024-01-21,2024-01-21,3,tv,media,329.099048806377,4,3640.77833254255,0.0903924981822636,80,283.759047989163,328.845685907418,378.013471505781
week,2024-01-21,2024-01-21,3,paid_search,media,283.507581517515,4,3640.77833254255,0.0778700474520584,80,249.999802321098,291.838630790447,339.693089439034
week,2024-01-21,2024-01-21,3,paid_social,media,243.155289632309,4,3640.77833254255,0.0667866229204075,80,221.413946685411,245.838788826552,294.32872446459
week,2024-01-21,2024-01-21,3,retail_media,media,152.733694673341,4,3640.77833254255,0.0419508359814586,80,134.824490393866,155.320197326714,185.504783783677
week,2024-01-21,2024-01-21,3,display,media,95.4692228607369,4,3640.77833254255,0.0262222014472564,80,85.1585064382774,94.7740799783365,111.709900958191
week,2024-01-21,2024-01-21,3,promo,baseline_control,0,4,3640.77833254255,0,80,0,0,0
week,2024-01-28,2024-01-28,4,baseline,baseline_control,2558.42965814737,4,3695.16202202334,0.692372795265541,80,2468.39578710087,2578.59094891654,2720.14178872343
week,2024-01-28,2024-01-28,4,tv,media,343.258574513979,4,3695.16202202334,0.092894052403695,80,299.721659941183,347.656694662757,404.831767408979
week,2024-01-28,2024-01-28,4,paid_search,media,279.049416813766,4,3695.16202202334,0.0755175050919605,80,247.599551942131,283.533862487775,328.099774451863
week,2024-01-28,2024-01-28,4,paid_social,media,253.844523299321,4,3695.16202202334,0.0686964527634772,80,215.831528281282,259.98117523131,297.302158286836
week,2024-01-28,2024-01-28,4,retail_media,media,161.062938067483,4,3695.16202202334,0.043587517166376,80,146.526133585952,163.93575012371,189.269452936068
week,2024-01-28,2024-01-28,4,display,media,99.5169111814218,4,3695.16202202334,0.0269316773089506,80,89.2085869043385,101.849926211874,115.943578824778
week,2024-01-28,2024-01-28,4,promo,baseline_control,0,4,3695.16202202334,0,80,0,0,0
week,2024-02-04,2024-02-04,5,baseline,baseline_control,2578.82601338597,4,3715.09671096906,0.694147747425207,80,2470.3430808879,2589.015603047,2708.56228543326
week,2024-02-04,2024-02-04,5,tv,media,343.773475509931,4,3715.09671096906,0.0925341928501938,80,298.772367146216,348.963838104345,399.743868924043
week,2024-02-04,2024-02-04,5,paid_search,media,294.812086865719,4,3715.09671096906,0.0793551581026862,80,253.57138117184,298.480710595598,350.390565445156
week,2024-02-04,2024-02-04,5,paid_social,media,246.608219627581,4,3715.09671096906,0.066380026904671,80,214.912041817978,249.597486427143,287.444794147995
week,2024-02-04,2024-02-04,5,retail_media,media,148.307189131874,4,3715.09671096906,0.0399201422385554,80,131.768316140378,146.502470369047,173.259129136756
week,2024-02-04,2024-02-04,5,display,media,102.769726447985,4,3715.09671096906,0.0276627324786864,80,90.1780645288899,105.28098196666,120.914682688401
week,2024-02-04,2024-02-04,5,promo,baseline_control,0,4,3715.09671096906,0,80,0,0,0
week,2024-02-11,2024-02-11,6,baseline,baseline_control,2597.73130925257,4,3657.71629491862,0.710205795037029,80,2468.81207046342,2596.16532187182,2715.31729645274
week,2024-02-11,2024-02-11,6,tv,media,359.905348103153,4,3657.71629491862,0.0983961901591826,80,303.728946523748,363.753925982777,422.84966884602
week,2024-02-11,2024-02-11,6,paid_search,media,292.400882807695,4,3657.71629491862,0.0799408317189346,80,252.373578045762,293.594167500989,337.121270180075
week,2024-02-11,2024-02-11,6,paid_social,media,166.169306491591,4,3657.71629491862,0.0454297963793522,80,144.877301261638,168.805255909924,197.020567934556
week,2024-02-11,2024-02-11,6,retail_media,media,148.400356768695,4,3657.71629491862,0.0405718609108246,80,128.357051002766,152.393203332045,173.002905251753
week,2024-02-11,2024-02-11,6,display,media,93.1090914949118,4,3657.71629491862,0.0254555257946771,80,83.4158977090262,93.7610811307988,109.492724771461
week,2024-02-11,2024-02-11,6,promo,baseline_control,0,4,3657.71629491862,0,80,0,0,0
week,2024-02-18,2024-02-18,7,baseline,baseline_control,2614.8960372349,4,3702.591303467,0.706234046081832,80,2472.91980456289,2601.45523155096,2765.18493209699
week,2024-02-18,2024-02-18,7,tv,media,378.602957015369,4,3702.591303467,0.102253510037918,80,329.181800869353,375.65339317132,440.017325917726
week,2024-02-18,2024-02-18,7,paid_search,media,297.607489012349,4,3702.591303467,0.0803781634591099,80,256.412484579032,299.219112482308,345.875028270231
week,2024-02-18,2024-02-18,7,paid_social,media,181.861749016138,4,3702.591303467,0.0491174245577275,80,162.440634342141,188.281699032793,220.249592720028
week,2024-02-18,2024-02-18,7,retail_media,media,156.621264001221,4,3702.591303467,0.0423004461374295,80,136.365317071341,155.629895603786,178.039977475674
week,2024-02-18,2024-02-18,7,display,media,73.0018071870199,4,3702.591303467,0.0197164097259838,80,64.8031896874347,73.6977831843784,85.0451857108297
week,2024-02-18,2024-02-18,7,promo,baseline_control,0,4,3702.591303467,0,80,0,0,0
week,2024-02-25,2024-02-25,8,baseline,baseline_control,2630.09607021983,4,3717.61235268866,0.707469155119869,80,2480.10412622239,2621.81608299372,2757.08580461505
week,2024-02-25,2024-02-25,8,tv,media,377.081468943818,4,3717.61235268866,0.101431088873778,80,316.193209819281,381.217034156315,431.577307472563
week,2024-02-25,2024-02-25,8,paid_search,media,277.813664945979,4,3717.61235268866,0.0747290568757277,80,243.860767229753,280.235551159082,326.654601975582
week,2024-02-25,2024-02-25,8,paid_social,media,196.852463428189,4,3717.61235268866,0.0529513151864316,80,173.380149616339,201.067230100684,237.659645786833
week,2024-02-25,2024-02-25,8,retail_media,media,153.615219499533,4,3717.61235268866,0.0413209353009696,80,130.479069211084,153.95617525878,178.927089377749
week,2024-02-25,2024-02-25,8,display,media,82.1534656513088,4,3717.61235268866,0.0220984486432249,80,70.0068904300739,81.7848021993668,95.9306621132744
week,2024-02-25,2024-02-25,8,promo,baseline_control,0,4,3717.61235268866,0,80,0,0,0
week,2024-03-03,2024-03-03,9,baseline,baseline_control,2643.13593077142,4,3776.09147414835,0.699966075733785,80,2535.20656930969,2634.65539684751,2763.46851506895
week,2024-03-03,2024-03-03,9,tv,media,385.358242201958,4,3776.09147414835,0.102052146999133,80,333.263656432715,394.565088987663,453.75301453279
week,2024-03-03,2024-03-03,9,paid_search,media,303.972685383546,4,3776.09147414835,0.0804992907254991,80,262.97363551572,310.319513029504,339.149709222267
week,2024-03-03,2024-03-03,9,paid_social,media,203.748985422718,4,3776.09147414835,0.053957640279006,80,175.301627551762,201.445293139371,239.617692922128
week,2024-03-03,2024-03-03,9,retail_media,media,159.766974824982,4,3776.09147414835,0.0423101442109571,80,142.047164177367,163.212820007283,186.767560075735
week,2024-03-03,2024-03-03,9,display,media,80.1086555437201,4,3776.09147414835,0.0212147020516201,80,72.1816113223311,81.2475440993186,93.4250886903047
week,2024-03-03,2024-03-03,9,promo,baseline_control,0,4,3776.09147414835,0,80,0,0,0
week,2024-03-10,2024-03-10,10,baseline,baseline_control,2653.85164163209,4,3852.95049182828,0.68878425696376,80,2520.37443597237,2653.243904716,2792.10520746666
week,2024-03-10,2024-03-10,10,tv,media,397.479759002278,4,3852.95049182828,0.103162436124028,80,354.124843535664,401.990707411204,476.342963406723
week,2024-03-10,2024-03-10,10,paid_search,media,286.09656949121,4,3852.95049182828,0.0742538919454045,80,247.426846886549,289.536032331827,342.990793817349
week,2024-03-10,2024-03-10,10,paid_social,media,192.346561755708,4,3852.95049182828,0.0499218876971442,80,170.346717078388,197.065077477142,227.040182594885
week,2024-03-10,2024-03-10,10,retail_media,media,149.182535374393,4,3852.95049182828,0.0387190377065043,80,129.926241706266,149.699281366159,176.2336127173
week,2024-03-10,2024-03-10,10,promo,baseline_control,100,4,3852.95049182828,0.0259541357232827,80,95.2711076187306,101.045010440617,105.129402785529
week,2024-03-10,2024-03-10,10,display,media,73.9934245725966,4,3852.95049182828,0.0192043538398765,80,64.4098040778486,75.3870456639827,86.3619719918058
week,2024-03-17,2024-03-17,11,baseline,baseline_control,2662.11311688028,4,3871.61238160632,0.687598048174382,80,2542.92216843526,2667.0881539395,2813.32293087989
week,2024-03-17,2024-03-17,11,tv,media,392.094927051967,4,3871.61238160632,0.101274324081298,80,348.411459752435,395.666792688105,460.911522438035
week,2024-03-17,2024-03-17,11,paid_search,media,283.206831445524,4,3871.61238160632,0.0731495830499494,80,241.643550028331,285.252674196557,318.983361165777
week,2024-03-17,2024-03-17,11,paid_social,media,204.321200111326,4,3871.61238160632,0.0527741881088194,80,182.021983209481,211.006555309382,237.407780699563
week,2024-03-17,2024-03-17,11,retail_media,media,152.351195214883,4,3871.61238160632,0.0393508389266161,80,130.23880265895,153.685871413518,175.822967348931
week,2024-03-17,2024-03-17,11,promo,baseline_control,100,4,3871.61238160632,0.0258290319751768,80,95.6827861513267,100.40651295227,105.107562148959
week,2024-03-17,2024-03-17,11,display,media,77.525110902345,4,3871.61238160632,0.0200239856837579,80,68.3434374028236,78.3851710680521,90.9982106829163
week,2024-03-24,2024-03-24,12,baseline,baseline_control,2667.82605887611,4,3893.96960339956,0.685117330280908,80,2554.38346991945,2640.60126023686,2798.07653690524
week,2024-03-24,2024-03-24,12,tv,media,376.98649626459,4,3893.96960339956,0.0968129016557984,80,329.367517871253,378.528026699316,433.511275855978
week,2024-03-24,2024-03-24,12,paid_search,media,310.827212049163,4,3893.96960339956,0.0798227114504953,80,269.167914864417,314.631609016505,356.791755736604
week,2024-03-24,2024-03-24,12,paid_social,media,204.612438522662,4,3893.96960339956,0.0525459773348072,80,174.218146868432,206.531757526016,242.945034420757
week,2024-03-24,2024-03-24,12,retail_media,media,160.381119917996,4,3893.96960339956,0.0411870497853856,80,138.774651625359,159.219527830738,182.758817079411
week,2024-03-24,2024-03-24,12,promo,baseline_control,100,4,3893.96960339956,0.0256807346191652,80,95.9552941607386,99.4458020999597,104.973009426042
week,2024-03-24,2024-03-24,12,display,media,73.3362777690381,4,3893.96960339956,0.0188332948734405,80,65.8912776842462,75.0360824401182,86.2704843569086
week,2024-03-31,2024-03-31,13,baseline,baseline_control,2670.93333333333,4,3791.66582350179,0.70442213466655,80,2556.18825284822,2678.81767768853,2835.53885089551
week,2024-03-31,2024-03-31,13,tv,media,392.497204867214,4,3791.66582350179,0.103515769357734,80,345.550150784886,398.984696186028,474.723436413103
week,2024-03-31,2024-03-31,13,paid_search,media,276.175581608256,4,3791.66582350179,0.0728375322256627,80,246.646960250137,280.001997066214,317.906341810698
week,2024-03-31,2024-03-31,13,paid_social,media,200.079764431396,4,3791.66582350179,0.0527683012546218,80,175.495681444943,200.670421471221,231.106797657032
week,2024-03-31,2024-03-31,13,retail_media,media,152.141505744664,4,3791.66582350179,0.0401252412070834,80,129.305349088577,152.715049439675,175.002119469916
week,2024-03-31,2024-03-31,13,display,media,99.8384335169304,4,3791.66582350179,0.0263310212883488,80,87.2287976078602,101.508514150872,116.729141383331
week,2024-03-31,2024-03-31,13,promo,baseline_control,0,4,3791.66582350179,0,80,0,0,0
week,2024-04-07,2024-04-07,14,baseline,baseline_control,2671.41580246585,4,3894.49910894763,0.68594592725115,80,2537.17714790654,2687.65849923839,2818.58587268591
week,2024-04-07,2024-04-07,14,tv,media,381.397856603903,4,3894.49910894763,0.0979324544529076,80,327.305316618399,385.465122601371,439.55388253353
week,2024-04-07,2024-04-07,14,paid_search,media,297.896860547409,4,3894.49910894763,0.0764917007845734,80,267.037281253236,307.1198344118,349.236717894584
week,2024-04-07,2024-04-07,14,paid_social,media,254.783784399265,4,3894.49910894763,0.0654214514554384,80,228.898344035354,260.353523708618,306.419225275077
week,2024-04-07,2024-04-07,14,retail_media,media,190.396380925288,4,3894.49910894763,0.0488885414013452,80,165.003980943972,194.69259904363,224.904360924881
week,2024-04-07,2024-04-07,14,display,media,98.6084240059063,4,3894.49910894763,0.025319924654586,80,84.4784747220344,101.18638096811,115.701142531072
week,2024-04-07,2024-04-07,14,promo,baseline_control,0,4,3894.49910894763,0,80,0,0,0
week,2024-04-14,2024-04-14,15,baseline,baseline_control,2669.29260405977,4,3911.85036558559,0.682360610605867,80,2535.7638678475,2696.86429751458,2806.67415279638
week,2024-04-14,2024-04-14,15,tv,media,392.848751094653,4,3911.85036558559,0.100425301169679,80,347.639616493175,395.691559586343,444.396582792738
week,2024-04-14,2024-04-14,15,paid_search,media,298.311820709257,4,3911.85036558559,0.0762584947864183,80,254.809494094121,309.219810252763,350.705078987574
week,2024-04-14,2024-04-14,15,paid_social,media,251.768730386982,4,3911.85036558559,0.064360521711646,80,213.607539932967,252.940291962394,286.872315586262
week,2024-04-14,2024-04-14,15,retail_media,media,197.443782427562,4,3911.85036558559,0.050473245133446,80,172.342801720203,202.10977318325,229.984937144884
week,2024-04-14,2024-04-14,15,display,media,102.184676907367,4,3911.85036558559,0.026121826592943,80,91.2297866758768,103.799191588642,116.109152459374
week,2024-04-14,2024-04-14,15,promo,baseline_control,0,4,3911.85036558559,0,80,0,0,0
week,2024-04-21,2024-04-21,16,baseline,baseline_control,2664.62087240132,4,3878.23944219281,0.687069716070627,80,2550.27299087472,2677.80698426941,2805.87777964127
week,2024-04-21,2024-04-21,16,tv,media,381.430325257798,4,3878.23944219281,0.0983514120113561,80,333.070368641976,382.158002916209,445.53167807376
week,2024-04-21,2024-04-21,16,paid_search,media,288.229524241668,4,3878.23944219281,0.0743196825616054,80,255.27308447987,290.916641143912,337.858070973902
week,2024-04-21,2024-04-21,16,paid_social,media,247.294948850092,4,3878.23944219281,0.0637647449406238,80,215.271799481604,253.719913656742,289.010447363967
week,2024-04-21,2024-04-21,16,retail_media,media,198.428916137358,4,3878.23944219281,0.0511646893120049,80,164.455506179667,200.750192560041,228.760667282468
week,2024-04-21,2024-04-21,16,display,media,98.2348553045752,4,3878.23944219281,0.0253297551037828,80,85.5041100976006,98.1987848389004,119.270851116092
week,2024-04-21,2024-04-21,16,promo,baseline_control,0,4,3878.23944219281,0,80,0,0,0
week,2024-04-28,2024-04-28,17,baseline,baseline_control,2657.4949051304,4,3866.80140718919,0.687259216413224,80,2513.16316732706,2653.46315321706,2793.09755549707
week,2024-04-28,2024-04-28,17,tv,media,393.912871882528,4,3866.80140718919,0.101870468741984,80,354.322329944553,399.716994129387,474.925759888778
week,2024-04-28,2024-04-28,17,paid_search,media,294.40281404965,4,3866.80140718919,0.0761360057183938,80,261.517279996267,307.301538991968,345.260838800202
week,2024-04-28,2024-04-28,17,paid_social,media,245.756333374273,4,3866.80140718919,0.0635554577272471,80,217.32184668762,244.140317912875,277.370430400031
week,2024-04-28,2024-04-28,17,retail_media,media,196.092532999191,4,3866.80140718919,0.0507118189816043,80,172.429822340586,201.581529947495,228.623068842549
week,2024-04-28,2024-04-28,17,display,media,79.1419497531549,4,3866.80140718919,0.0204670324175463,80,68.0193720953639,77.1272408164865,94.6749018885576
week,2024-04-28,2024-04-28,17,promo,baseline_control,0,4,3866.80140718919,0,80,0,0,0
week,2024-05-05,2024-05-05,18,baseline,baseline_control,2648.04478816855,4,3844.0117843554,0.688875304426935,80,2514.16315296204,2642.27674524484,2751.45810532606
week,2024-05-05,2024-05-05,18,tv,media,380.333317289422,4,3844.0117843554,0.0989417667337353,80,348.034373406989,388.122891775264,446.624876364975
week,2024-05-05,2024-05-05,18,paid_search,media,292.988284118235,4,3844.0117843554,0.0762194032054368,80,251.880009310973,296.757385061178,338.37791019861
week,2024-05-05,2024-05-05,18,paid_social,media,251.165098722686,4,3844.0117843554,0.0653393154893265,80,219.929596980242,255.154434515253,309.044194570322
week,2024-05-05,2024-05-05,18,retail_media,media,199.430566290259,4,3844.0117843554,0.0518808415473423,80,167.443515484017,205.795094281536,235.959812859351
week,2024-05-05,2024-05-05,18,display,media,72.0497297662475,4,3844.0117843554,0.0187433685972244,80,66.1070022707326,74.1963561199688,87.0132457810328
week,2024-05-05,2024-05-05,18,promo,baseline_control,0,4,3844.0117843554,0,80,0,0,0
week,2024-05-12,2024-05-12,19,baseline,baseline_control,2636.43449877336,4,3773.70292831273,0.698633291718102,80,2512.86343022078,2633.79728040068,2775.81697158163
week,2024-05-12,2024-05-12,19,tv,media,381.585708249087,4,3773.70292831273,0.101117050148857,80,330.237621191708,392.903560272576,445.68790269099
week,2024-05-12,2024-05-12,19,paid_search,media,294.295824058718,4,3773.70292831273,0.07798595428663,80,253.858803301372,300.17793980094,347.116880953314
week,2024-05-12,2024-05-12,19,retail_media,media,196.016821825158,4,3773.70292831273,0.0519428332194658,80,178.682699410753,202.822313910978,239.793228930231
week,2024-05-12,2024-05-12,19,paid_social,media,185.522403965639,4,3773.70292831273,0.0491618994631854,80,168.902822757167,189.06232649488,217.904462362939
week,2024-05-12,2024-05-12,19,display,media,79.8476714407662,4,3773.70292831273,0.0211589711637601,80,68.3776178563566,80.3355487113072,93.3595383402969
week,2024-05-12,2024-05-12,19,promo,baseline_control,0,4,3773.70292831273,0,80,0,0,0
week,2024-05-19,2024-05-19,20,baseline,baseline_control,2622.85951438078,4,3759.9268111709,0.697582598307008,80,2513.35088827344,2620.52661130318,2771.94624486225
week,2024-05-19,2024-05-19,20,tv,media,366.645694057358,4,3759.9268111709,0.0975140507969565,80,322.471635328973,369.829702518445,421.116240050533
week,2024-05-19,2024-05-19,20,paid_search,media,296.926547922996,4,3759.9268111709,0.0789713637618728,80,263.147201386579,302.190837287142,339.191626779068
week,2024-05-19,2024-05-19,20,paid_social,media,200.469191098278,4,3759.9268111709,0.0533173120558294,80,174.929713750319,207.300415416064,235.701563426873
week,2024-05-19,2024-05-19,20,retail_media,media,193.239627056334,4,3759.9268111709,0.051394518234294,80,172.341685762018,191.705177184149,222.251115982276
week,2024-05-19,2024-05-19,20,display,media,79.7862366551542,4,3759.9268111709,0.0212201568440391,80,69.0610860596672,80.2733151019813,93.1502473965369
week,2024-05-19,2024-05-19,20,promo,baseline_control,0,4,3759.9268111709,0,80,0,0,0
week,2024-05-26,2024-05-26,21,baseline,baseline_control,2607.54396210392,4,3707.80997620326,0.703257173058798,80,2489.40591280035,2606.99906648767,2743.75442650053
week,2024-05-26,2024-05-26,21,tv,media,374.680753352149,4,3707.80997620326,0.101051767959213,80,331.185032029647,383.541782843485,449.15034347355
week,2024-05-26,2024-05-26,21,paid_search,media,293.083179426364,4,3707.80997620326,0.0790448219588849,80,261.856215927256,299.832540215144,342.637153748077
week,2024-05-26,2024-05-26,21,paid_social,media,205.360741964043,4,3707.80997620326,0.0553859942343456,80,184.914690743023,210.952699948219,244.904739390655
week,2024-05-26,2024-05-26,21,retail_media,media,150.755636997373,4,3707.80997620326,0.0406589436796715,80,136.749259231023,151.762376283919,176.979090424683
week,2024-05-26,2024-05-26,21,display,media,76.3857023594179,4,3707.80997620326,0.0206012991090864,80,63.8536183413262,77.0591775062273,90.7036155933934
week,2024-05-26,2024-05-26,21,promo,baseline_control,0,4,3707.80997620326,0,80,0,0,0
week,2024-06-02,2024-06-02,22,baseline,baseline_control,2590.73735045506,4,3676.38990052833,0.704696025327113,80,2455.63043408715,2579.62642005293,2748.64151039095
week,2024-06-02,2024-06-02,22,tv,media,347.365888379947,4,3676.38990052833,0.0944855953200251,80,305.743846438428,348.944662262325,403.533859117084
week,2024-06-02,2024-06-02,22,paid_search,media,314.089540747496,4,3676.38990052833,0.0854342301131765,80,271.333979545905,319.192753120703,367.767185284119
week,2024-06-02,2024-06-02,22,paid_social,media,200.72030570083,4,3676.38990052833,0.0545971213967224,80,181.499074103986,203.522189876009,229.576353286644
week,2024-06-02,2024-06-02,22,retail_media,media,151.042128932423,4,3676.38990052833,0.0410843607503973,80,131.351024433717,153.893955477879,176.231304805182
week,2024-06-02,2024-06-02,22,display,media,72.4346863125804,4,3676.38990052833,0.0197026670925657,80,64.3287795808706,73.4345940797728,83.5272865551526
week,2024-06-02,2024-06-02,22,promo,baseline_control,0,4,3676.38990052833,0,80,0,0,0
week,2024-06-09,2024-06-09,23,baseline,baseline_control,2572.71093094971,4,3744.34717163688,0.687091985069595,80,2486.22529167918,2573.20381955631,2725.98924458856
week,2024-06-09,2024-06-09,23,tv,media,339.544425604101,4,3744.34717163688,0.0906818759158129,80,289.63523663182,332.375459725952,394.817298414284
week,2024-06-09,2024-06-09,23,paid_search,media,287.688249135725,4,3744.34717163688,0.0768326856320747,80,252.644619029448,289.865195688604,329.856184267746
week,2024-06-09,2024-06-09,23,paid_social,media,188.652307100114,4,3744.34717163688,0.0503832306280625,80,166.233840472974,191.503806727196,227.353828845729
week,2024-06-09,2024-06-09,23,retail_media,media,157.320351588608,4,3744.34717163688,0.042015428692162,80,135.090570811781,157.693489451128,183.636511559376
week,2024-06-09,2024-06-09,23,promo,baseline_control,100,4,3744.34717163688,0.0267069252438694,80,95.2935808756685,99.160356885815,105.409404092128
week,2024-06-09,2024-06-09,23,display,media,98.4309072586265,4,3744.34717163688,0.0262878688184238,80,85.5344231046331,99.1386582931957,114.639943237245
week,2024-06-16,2024-06-16,24,baseline,baseline_control,2553.75374264868,4,3737.66445455278,0.683248529583227,80,2427.54703408247,2545.22670096869,2663.32779044527
week,2024-06-16,2024-06-16,24,tv,media,332.871778393464,4,3737.66445455278,0.0890587644880746,80,295.551028365191,339.947409675619,386.836332652694
week,2024-06-16,2024-06-16,24,paid_search,media,296.926363046431,4,3737.66445455278,0.0794416852172887,80,257.248242249477,297.605821607026,345.304378108333
week,2024-06-16,2024-06-16,24,paid_social,media,197.941217114907,4,3737.66445455278,0.0529585305266766,80,166.949075759946,201.693746980531,229.707089636773
week,2024-06-16,2024-06-16,24,retail_media,media,155.555280049455,4,3737.66445455278,0.0416183105628906,80,133.275527274523,158.012051107361,185.156985031557
week,2024-06-16,2024-06-16,24,display,media,100.616073299841,4,3737.66445455278,0.0269195040173502,80,87.1061549244957,100.646471969636,116.197418173756
week,2024-06-16,2024-06-16,24,promo,baseline_control,100,4,3737.66445455278,0.026754675604492,80,95.0911168607997,99.8129900015307,103.702502996194
week,2024-06-23,2024-06-23,25,baseline,baseline_control,2534.16839731775,4,3720.00701859143,0.681226778512185,80,2425.79403001738,2541.65320549023,2650.81193243566
week,2024-06-23,2024-06-23,25,tv,media,330.019107516621,4,3720.00701859143,0.0887146464690226,80,294.249536375936,336.065895204353,384.413412238066
week,2024-06-23,2024-06-23,25,paid_search,media,295.788828070182,4,3720.00701859143,0.0795129758067451,80,253.184263445206,304.167105095688,350.390010673182
week,2024-06-23,2024-06-23,25,paid_social,media,208.614263005923,4,3720.00701859143,0.0560789971533212,80,187.65441084926,210.322078380995,240.642285829075
week,2024-06-23,2024-06-23,25,retail_media,media,155.826875353998,4,3720.00701859143,0.0418888659551513,80,133.817942958787,156.962855133599,174.914899558815
week,2024-06-23,2024-06-23,25,promo,baseline_control,100,4,3720.00701859143,0.026881669711974,80,95.4853191982855,99.9537823348322,104.074773253783
week,2024-06-23,2024-06-23,25,display,media,95.5895473269472,4,3720.00701859143,0.0256960663916011,80,85.2238211884627,96.3152248264779,111.103743132614
week,2024-06-30,2024-06-30,26,baseline,baseline_control,2514.26666666667,4,3581.47312170506,0.702020252903553,80,2405.727354875,2511.85269416045,2635.1134803425
week,2024-06-30,2024-06-30,26,tv,media,312.390407351722,4,3581.47312170506,0.0872239988228641,80,273.16645265465,315.057163016991,359.631643711945
week,2024-06-30,2024-06-30,26,paid_search,media,307.222229422651,4,3581.47312170506,0.0857809674909383,80,259.485232275223,310.540463752085,354.802238955347
week,2024-06-30,2024-06-30,26,paid_social,media,197.862825052149,4,3581.47312170506,0.0552462124741425,80,174.919878030767,199.780979581137,235.374349191356
week,2024-06-30,2024-06-30,26,retail_media,media,149.605369912436,4,3581.47312170506,0.0417720208496811,80,135.616479938537,151.794604374482,170.998790951877
week,2024-06-30,2024-06-30,26,display,media,100.125623299439,4,3581.47312170506,0.0279565474588209,80,86.7782817091385,102.514940055957,116.140901465593
week,2024-06-30,2024-06-30,26,promo,baseline_control,0,4,3581.47312170506,0,80,0,0,0
week,2024-07-07,2024-07-07,27,baseline,baseline_control,2494.36493601558,4,3583.0358340998,0.696159639899963,80,2370.70792273921,2502.51562798839,2631.26470360974
week,2024-07-07,2024-07-07,27,paid_search,media,305.756160989313,4,3583.0358340998,0.0853343854614645,80,264.812403952908,304.69306367829,362.896281406615
week,2024-07-07,2024-07-07,27,tv,media,295.930616338213,4,3583.0358340998,0.0825921453315754,80,254.02268289728,297.33999748476,345.332517722599
week,2024-07-07,2024-07-07,27,paid_social,media,247.747856270496,4,3583.0358340998,0.069144677235063,80,218.401175066636,250.865795178475,286.267812117613
week,2024-07-07,2024-07-07,27,retail_media,media,158.34709275169,4,3583.0358340998,0.0441935554327141,80,137.406496939727,160.816447471609,181.150199675045
week,2024-07-07,2024-07-07,27,display,media,80.8891717345089,4,3583.0358340998,0.0225755966392202,80,70.3168550384942,82.1236152509273,93.0156391914548
week,2024-07-07,2024-07-07,27,promo,baseline_control,0,4,3583.0358340998,0,80,0,0,0
week,2024-07-14,2024-07-14,28,baseline,baseline_control,2474.77959068465,4,3537.60479474107,0.699563612748267,80,2385.86666389231,2495.33943980361,2604.60535432026
week,2024-07-14,2024-07-14,28,paid_search,media,291.311134208804,4,3537.60479474107,0.082346997788408,80,262.06706571901,299.689078641363,339.105750033512
week,2024-07-14,2024-07-14,28,tv,media,284.272967716866,4,3537.60479474107,0.0803574690252176,80,259.665278459536,288.19028335862,340.582751944004
week,2024-07-14,2024-07-14,28,paid_social,media,239.880861339553,4,3537.60479474107,0.0678088354290325,80,211.462032560419,239.395686194962,285.736304829899
week,2024-07-14,2024-07-14,28,retail_media,media,164.549973249543,4,3537.60479474107,0.046514515554185,80,144.507886569803,167.112940829424,194.167536699317
week,2024-07-14,2024-07-14,28,display,media,82.8102675416498,4,3537.60479474107,0.0234085694548905,80,74.2961892730675,83.3365086777088,94.7458100039756
week,2024-07-14,2024-07-14,28,promo,baseline_control,0,4,3537.60479474107,0,80,0,0,0
week,2024-07-21,2024-07-21,29,baseline,baseline_control,2455.82240238363,4,3523.67582185802,0.696949017599661,80,2351.82162443205,2460.56459865111,2580.52920241127
week,2024-07-21,2024-07-21,29,paid_search,media,296.077979088105,4,3523.67582185802,0.0840253173267182,80,264.155385618965,301.016321442991,343.82545309136
week,2024-07-21,2024-07-21,29,tv,media,291.841261505962,4,3523.67582185802,0.0828229599600554,80,256.478089690095,298.477810727729,345.599220869421
week,2024-07-21,2024-07-21,29,paid_social,media,255.691617880745,4,3523.67582185802,0.0725638880553773,80,221.375163211415,260.061191793508,293.949885412287
week,2024-07-21,2024-07-21,29,retail_media,media,152.517760449607,4,3523.67582185802,0.0432837094444132,80,136.400821353927,156.846136529859,183.739994238475
week,2024-07-21,2024-07-21,29,display,media,71.7248005499775,4,3523.67582185802,0.0203551076137751,80,62.9888269813865,73.4976921427585,80.2618611181644
week,2024-07-21,2024-07-21,29,promo,baseline_control,0,4,3523.67582185802,0,80,0,0,0
week,2024-07-28,2024-07-28,30,baseline,baseline_control,2437.79598287828,4,3512.28096648601,0.694077725028148,80,2318.8379393901,2443.64332195119,2530.97193197588
week,2024-07-28,2024-07-28,30,paid_search,media,317.017627964,4,3512.28096648601,0.0902597574023732,80,281.879083057914,322.391773101429,371.071387770187
week,2024-07-28,2024-07-28,30,tv,media,267.669079549157,4,3512.28096648601,0.0762094724491693,80,232.967170844611,268.024990081236,306.35715598975
week,2024-07-28,2024-07-28,30,paid_social,media,246.919322571563,4,3512.28096648601,0.070301699928808,80,206.077228530644,248.178626117766,286.904304709633
week,2024-07-28,2024-07-28,30,retail_media,media,160.089127228263,4,3512.28096648601,0.0455798180031225,80,136.968171515219,161.191749038259,185.233351563509
week,2024-07-28,2024-07-28,30,display,media,82.7898262947499,4,3512.28096648601,0.0235715271883787,80,72.1408984938454,83.4077069557953,98.953890528395
week,2024-07-28,2024-07-28,30,promo,baseline_control,0,4,3512.28096648601,0,80,0,0,0
week,2024-08-04,2024-08-04,31,baseline,baseline_control,2420.98937122942,4,3393.12915598699,0.713497559312683,80,2317.4389125277,2443.30235353063,2545.24907784641
week,2024-08-04,2024-08-04,31,paid_search,media,287.348242861483,4,3393.12915598699,0.0846853242690372,80,259.291011844076,290.039871290274,333.94516429728
week,2024-08-04,2024-08-04,31,paid_social,media,240.482518803259,4,3393.12915598699,0.0708733760926668,80,211.805806531267,246.515056962532,288.793768020102
week,2024-08-04,2024-08-04,31,tv,media,230.836131712788,4,3393.12915598699,0.068030458347125,80,206.746364427278,231.240359138867,275.01661774228
week,2024-08-04,2024-08-04,31,retail_media,media,144.411110718799,4,3393.12915598699,0.0425598626164859,80,125.324313379181,146.542877785027,166.930578649333
week,2024-08-04,2024-08-04,31,display,media,69.0617806612404,4,3393.12915598699,0.0203534193620024,80,59.7952830278564,70.174987314994,81.3899966106514
week,2024-08-04,2024-08-04,31,promo,baseline_control,0,4,3393.12915598699,0,80,0,0,0
week,2024-08-11,2024-08-11,32,baseline,baseline_control,2405.67381895255,4,3366.32112306415,0.714629927154074,80,2302.74320936287,2410.53988359194,2525.34317893697
week,2024-08-11,2024-08-11,32,paid_search,media,299.830523949209,4,3366.32112306415,0.0890677130874229,80,260.498241325828,296.660927811704,346.127248314059
week,2024-08-11,2024-08-11,32,tv,media,232.068308359605,4,3366.32112306415,0.0689382562969417,80,195.448115015601,237.722491473533,274.284343090199
week,2024-08-11,2024-08-11,32,paid_social,media,195.178316294961,4,3366.32112306415,0.0579797081620373,80,172.085891821455,199.875439387411,231.217088291429
week,2024-08-11,2024-08-11,32,retail_media,media,152.549058767606,4,3366.32112306415,0.0453162527253937,80,131.892062206076,154.954503857483,177.428816021145
week,2024-08-11,2024-08-11,32,display,media,81.0210967402153,4,3366.32112306415,0.0240681425741306,80,70.2285379078496,80.8989912707296,96.0478952259002
week,2024-08-11,2024-08-11,32,promo,baseline_control,0,4,3366.32112306415,0,80,0,0,0
week,2024-08-18,2024-08-18,33,baseline,baseline_control,2392.09883455997,4,3364.47979859475,0.710986237919777,80,2277.16970361047,2404.42775524286,2536.44416557449
week,2024-08-18,2024-08-18,33,paid_search,media,301.074013904895,4,3364.47979859475,0.0894860519093161,80,261.050614066427,303.177911669676,351.041316050666
week,2024-08-18,2024-08-18,33,tv,media,220.600988418742,4,3364.47979859475,0.0655676364919417,80,196.582206103982,226.67957852164,256.557807682293
week,2024-08-18,2024-08-18,33,paid_social,media,214.904703921442,4,3364.47979859475,0.0638745710439996,80,192.32624655617,220.029536430507,248.828889264062
week,2024-08-18,2024-08-18,33,retail_media,media,136.441079438639,4,3364.47979859475,0.0405533953556881,80,118.931532057328,135.743326074547,152.880468005513
week,2024-08-18,2024-08-18,33,display,media,99.3601783510622,4,3364.47979859475,0.0295321072792775,80,88.6951103787679,100.896471659582,116.27638824884
week,2024-08-18,2024-08-18,33,promo,baseline_control,0,4,3364.47979859475,0,80,0,0,0
week,2024-08-25,2024-08-25,34,baseline,baseline_control,2380.48854516478,4,3356.91431882896,0.709129968498929,80,2285.8453889602,2385.47733904974,2488.17772868206
week,2024-08-25,2024-08-25,34,paid_search,media,293.357493105972,4,3356.91431882896,0.0873890320823882,80,256.989808020491,293.200437515091,344.264162515176
week,2024-08-25,2024-08-25,34,tv,media,230.94777686946,4,3356.91431882896,0.068797638228081,80,193.819209346284,229.722017499844,269.245370169477
week,2024-08-25,2024-08-25,34,paid_social,media,196.159442106217,4,3356.91431882896,0.0584344500560996,80,167.387349585697,201.532069874711,236.340091145612
week,2024-08-25,2024-08-25,34,retail_media,media,160.23522436611,4,3356.91431882896,0.0477328907286519,80,137.372958243169,164.677420511265,187.371621529123
week,2024-08-25,2024-08-25,34,display,media,95.7258372164194,4,3356.91431882896,0.0285160204058508,80,84.0832605771428,98.5828437187028,114.559044056992
week,2024-08-25,2024-08-25,34,promo,baseline_control,0,4,3356.91431882896,0,80,0,0,0
week,2024-09-01,2024-09-01,35,baseline,baseline_control,2371.03842820294,4,3336.45420225609,0.710646178388917,80,2278.22550655687,2377.48373381923,2490.39707317263
week,2024-09-01,2024-09-01,35,paid_search,media,304.486623303012,4,3336.45420225609,0.091260543332835,80,271.031695483921,308.142117587345,343.033925948307
week,2024-09-01,2024-09-01,35,tv,media,201.448429131941,4,3336.45420225609,0.0603779991931921,80,176.812531183322,201.049210559915,236.459262110703
week,2024-09-01,2024-09-01,35,paid_social,media,196.260345649677,4,3336.45420225609,0.0588230300050174,80,175.276964982854,201.625777901838,226.442794687957
week,2024-09-01,2024-09-01,35,retail_media,media,160.978265084451,4,3336.45420225609,0.0482483065332048,80,142.455823341689,161.945594853077,183.718233258814
week,2024-09-01,2024-09-01,35,display,media,102.242110884076,4,3336.45420225609,0.0306439425468332,80,87.5354842593369,101.245335176469,117.81609922548
week,2024-09-01,2024-09-01,35,promo,baseline_control,0,4,3336.45420225609,0,80,0,0,0
week,2024-09-08,2024-09-08,36,baseline,baseline_control,2363.91246093201,4,3437.05608843188,0.687772442494682,80,2276.23197934512,2364.47397313678,2462.12847705014
week,2024-09-08,2024-09-08,36,paid_search,media,305.536856218296,4,3437.05608843188,0.0888949287870638,80,267.326582573677,311.919595437078,366.949335647136
week,2024-09-08,2024-09-08,36,tv,media,212.914513036184,4,3437.05608843188,0.0619467671047882,80,171.196545216232,216.368837175763,253.827671590625
week,2024-09-08,2024-09-08,36,paid_social,media,185.787970171929,4,3437.05608843188,0.0540543899755482,80,164.024568057586,188.000025909375,218.691162313031
week,2024-09-08,2024-09-08,36,retail_media,media,165.535168350854,4,3437.05608843188,0.0481619048662014,80,147.193396548601,169.875858474205,202.471085502104
week,2024-09-08,2024-09-08,36,display,media,103.369119722603,4,3437.05608843188,0.0300749004563856,80,90.1582576302725,104.517865954304,119.201074974608
week,2024-09-08,2024-09-08,36,promo,baseline_control,100,4,3437.05608843188,0.0290946663153304,80,95.0089573822048,99.6851429605875,104.822608389429
week,2024-09-15,2024-09-15,37,baseline,baseline_control,2359.24072927357,4,3398.12306360984,0.694277601225936,80,2240.87564972857,2353.30068148359,2487.19434901543
week,2024-09-15,2024-09-15,37,paid_search,media,303.095859992486,4,3398.12306360984,0.0891950804367003,80,267.301020547746,308.393065359939,372.530676975378
week,2024-09-15,2024-09-15,37,tv,media,216.380848182084,4,3398.12306360984,0.0636765779613118,80,190.977539247997,221.824778107414,257.084699318752
week,2024-09-15,2024-09-15,37,paid_social,media,181.501799506614,4,3398.12306360984,0.0534123679775754,80,162.18194034184,177.885272923825,209.446736937119
week,2024-09-15,2024-09-15,37,retail_media,media,157.06407847509,4,3398.12306360984,0.0462208329524828,80,140.363050304467,156.148090139009,174.267042002708
week,2024-09-15,2024-09-15,37,promo,baseline_control,100,4,3398.12306360984,0.0294280101479814,80,95.2969508405066,100.273724378734,105.103066757742
week,2024-09-15,2024-09-15,37,display,media,80.8397481799974,4,3398.12306360984,0.0237895292980123,80,70.7215072661028,82.0508529411483,94.6238930009334
week,2024-09-22,2024-09-22,38,baseline,baseline_control,2357.11753086748,4,3399.36491711648,0.69339938145473,80,2246.87444494574,2349.66522057072,2467.19466729354
week,2024-09-22,2024-09-22,38,paid_search,media,295.803264991886,4,3399.36491711648,0.0870172141574026,80,261.542916941279,297.264364407753,336.779007403984
week,2024-09-22,2024-09-22,38,tv,media,219.071686291497,4,3399.36491711648,0.0644448865105441,80,195.913347661813,216.45620003216,251.243298829695
week,2024-09-22,2024-09-22,38,paid_social,media,192.360057493125,4,3399.36491711648,0.0565870573425506,80,173.015916364661,198.120373513345,227.105449670868
week,2024-09-22,2024-09-22,38,retail_media,media,158.694682101279,4,3399.36491711648,0.0466836264921779,80,142.785226909352,162.889354608756,187.040210010152
week,2024-09-22,2024-09-22,38,promo,baseline_control,100,4,3399.36491711648,0.0294172595288255,80,95.1385825675487,99.9497849046364,104.444713901163
week,2024-09-22,2024-09-22,38,display,media,76.3176953712166,4,3399.36491711648,0.0224505745137692,80,64.1401761553326,77.6210356915685,90.6604641329347
week,2024-09-29,2024-09-29,39,baseline,baseline_control,2357.6,4,3304.6517016984,0.713418602870713,80,2255.76372008711,2347.14488830545,2465.97224099951
week,2024-09-29,2024-09-29,39,paid_search,media,290.838204881538,4,3304.6517016984,0.0880087316711965,80,250.305703880886,287.580206273211,334.111424168182
week,2024-09-29,2024-09-29,39,tv,media,223.306577767047,4,3304.6517016984,0.0675734080091648,80,198.375099376687,231.013176033134,259.59330337124
week,2024-09-29,2024-09-29,39,paid_social,media,202.323597032869,4,3304.6517016984,0.0612238793361753,80,173.139715942874,204.957704357122,235.162435465132
week,2024-09-29,2024-09-29,39,retail_media,media,155.730722042593,4,3304.6517016984,0.0471247006038659,80,138.26782986253,162.67466956165,187.302226269661
week,2024-09-29,2024-09-29,39,display,media,74.8525999743552,4,3304.6517016984,0.022650677508884,80,66.5903215019864,76.3548487572972,88.724877040292
week,2024-09-29,2024-09-29,39,promo,baseline_control,0,4,3304.6517016984,0,80,0,0,0
week,2024-10-06,2024-10-06,40,baseline,baseline_control,2360.70727445722,4,3381.40280626985,0.698144353012296,80,2249.28945822118,2355.08903379902,2493.70791839357
week,2024-10-06,2024-10-06,40,paid_search,media,299.638358685497,4,3381.40280626985,0.0886136245376927,80,268.594031341878,300.757400031409,333.187990020019
week,2024-10-06,2024-10-06,40,paid_social,media,249.671929652732,4,3381.40280626985,0.0738367902190731,80,208.358087927288,249.23276587798,290.074139193734
week,2024-10-06,2024-10-06,40,tv,media,208.067163781883,4,3381.40280626985,0.0615327944355172,80,183.90599636785,213.636167877446,256.118869958093
week,2024-10-06,2024-10-06,40,retail_media,media,196.978182379502,4,3381.40280626985,0.0582533917622185,80,171.237452387358,196.06853668281,232.811837532136
week,2024-10-06,2024-10-06,40,display,media,66.3398973130087,4,3381.40280626985,0.0196190460332026,80,57.5832281406099,67.1613129544287,76.7967487307525
week,2024-10-06,2024-10-06,40,promo,baseline_control,0,4,3381.40280626985,0,80,0,0,0
week,2024-10-13,2024-10-13,41,baseline,baseline_control,2366.42021645305,4,3397.16829483069,0.696586100857564,80,2248.07420776179,2360.95257308502,2509.87892837327
week,2024-10-13,2024-10-13,41,paid_search,media,303.92705321043,4,3397.16829483069,0.0894648209430486,80,267.883079799991,308.207128483386,364.232687169618
week,2024-10-13,2024-10-13,41,paid_social,media,255.641521738937,4,3397.16829483069,0.0752513562922196,80,226.324295837151,257.137541418651,302.055720104795
week,2024-10-13,2024-10-13,41,tv,media,200.836418228065,4,3397.16829483069,0.0591187721060709,80,180.687007266638,205.621378332924,234.674045451626
week,2024-10-13,2024-10-13,41,retail_media,media,194.268037416168,4,3397.16829483069,0.0571852850833962,80,169.599253068409,194.49942824358,223.234687124774
week,2024-10-13,2024-10-13,41,display,media,76.0750477840408,4,3397.16829483069,0.0223936647177005,80,65.2737908055028,79.1400240324397,90.4655687232111
week,2024-10-13,2024-10-13,41,promo,baseline_control,0,4,3397.16829483069,0,80,0,0,0
week,2024-10-20,2024-10-20,42,baseline,baseline_control,2374.68169170124,4,3406.28361737704,0.697147377742383,80,2270.55157501414,2380.86064803392,2494.16554726607
week,2024-10-20,2024-10-20,42,paid_search,media,305.069403742136,4,3406.28361737704,0.089560775910096,80,269.935593273552,311.725228353711,355.955015125874
week,2024-10-20,2024-10-20,42,paid_social,media,251.658354064905,4,3406.28361737704,0.0738806225004516,80,231.510359982565,261.19133252925,287.782152918528
week,2024-10-20,2024-10-20,42,tv,media,210.254636476678,4,3406.28361737704,0.0617255226206273,80,187.929677602822,212.320025626452,260.041493834474
week,2024-10-20,2024-10-20,42,retail_media,media,192.396926326,4,3406.28361737704,0.0564829438583722,80,172.881893052994,194.887693787725,219.322579351305
week,2024-10-20,2024-10-20,42,display,media,72.2226050660757,4,3406.28361737704,0.0212027573680696,80,62.4486374884413,72.3880241007608,81.8809332105236
week,2024-10-20,2024-10-20,42,promo,baseline_control,0,4,3406.28361737704,0,80,0,0,0
week,2024-10-27,2024-10-27,43,baseline,baseline_control,2385.39740256191,4,3449.50097165192,0.691519562442557,80,2276.85692496439,2398.75792977377,2511.43850247939
week,2024-10-27,2024-10-27,43,paid_search,media,306.622154019271,4,3449.50097165192,0.0888888440789258,80,263.371388268065,301.540156601304,350.096193435179
week,2024-10-27,2024-10-27,43,paid_social,media,246.35360589362,4,3449.50097165192,0.0714171724890526,80,214.873190341082,249.623249766471,285.108768314977
week,2024-10-27,2024-10-27,43,tv,media,211.266395045396,4,3449.50097165192,0.0612454951546871,80,179.642649717838,217.530005101308,248.368906947108
week,2024-10-27,2024-10-27,43,retail_media,media,198.34557247457,4,3449.50097165192,0.0574997873908658,80,174.049241157974,203.968249468708,230.010164940354
week,2024-10-27,2024-10-27,43,display,media,101.515841657154,4,3449.50097165192,0.0294291384439122,80,89.8096413597241,101.752661894382,115.643806008727
week,2024-10-27,2024-10-27,43,promo,baseline_control,0,4,3449.50097165192,0,80,0,0,0
week,2024-11-03,2024-11-03,44,baseline,baseline_control,2398.4372631135,4,3473.37047582309,0.690521578336713,80,2284.68269217679,2389.12625434231,2505.54336672358
week,2024-11-03,2024-11-03,44,paid_search,media,307.999552463562,4,3473.37047582309,0.0886745466996504,80,275.658036612481,313.434257993483,364.541145261522
week,2024-11-03,2024-11-03,44,paid_social,media,244.184304463863,4,3473.37047582309,0.0703018310783557,80,213.241292135268,241.842999905491,287.523749887607
week,2024-11-03,2024-11-03,44,tv,media,226.983418968998,4,3473.37047582309,0.0653496137394355,80,205.154249369498,234.220807429492,271.93936963212
week,2024-11-03,2024-11-03,44,retail_media,media,201.898944027764,4,3473.37047582309,0.058127673230688,80,174.390754386438,202.090227928472,231.709855330361
week,2024-11-03,2024-11-03,44,display,media,93.8669927854034,4,3473.37047582309,0.0270247569151573,80,83.601183553546,95.4771066031717,112.025321046108
week,2024-11-03,2024-11-03,44,promo,baseline_control,0,4,3473.37047582309,0,80,0,0,0
week,2024-11-10,2024-11-10,45,baseline,baseline_control,2413.63729609843,4,3428.09541484092,0.704075296635359,80,2291.15506681301,2413.81700909682,2535.14725696784
week,2024-11-10,2024-11-10,45,paid_search,media,315.001650280522,4,3428.09541484092,0.0918882388503006,80,277.840099891858,317.872653060906,370.48586723567
week,2024-11-10,2024-11-10,45,tv,media,226.509678556003,4,3428.09541484092,0.0660744965193783,80,198.584719860199,230.938169411714,259.890858238459
week,2024-11-10,2024-11-10,45,retail_media,media,189.205459692658,4,3428.09541484092,0.0551925885357653,80,164.559940755418,190.748717588804,220.11578226126
week,2024-11-10,2024-11-10,45,paid_social,media,178.229023481371,4,3428.09541484092,0.0519906834301582,80,153.016769987241,181.399929073971,206.463625129208
week,2024-11-10,2024-11-10,45,display,media,105.512306731929,4,3428.09541484092,0.0307786960290385,80,92.8414519511919,105.716242300484,125.064659115814
week,2024-11-10,2024-11-10,45,promo,baseline_control,0,4,3428.09541484092,0,80,0,0,0
week,2024-11-17,2024-11-17,46,baseline,baseline_control,2430.80202408076,4,3471.93185161533,0.700129532481987,80,2319.53142199116,2427.24314517656,2534.87006247035
week,2024-11-17,2024-11-17,46,paid_search,media,311.233853559609,4,3471.93185161533,0.0896428463637058,80,266.437151345484,316.359560543231,375.05002368874
week,2024-11-17,2024-11-17,46,tv,media,225.643203545211,4,3471.93185161533,0.0649906775791783,80,192.663857962524,229.228117625254,253.299224042988
week,2024-11-17,2024-11-17,46,paid_social,media,206.583237969078,4,3471.93185161533,0.0595009484051262,80,180.828156030233,210.518072077794,244.813698548103
week,2024-11-17,2024-11-17,46,retail_media,media,195.192106301593,4,3471.93185161533,0.0562200281122394,80,163.758948602459,199.752360462782,232.314628924712
week,2024-11-17,2024-11-17,46,display,media,102.477426159079,4,3471.93185161533,0.0295159670577637,80,89.8931067224185,104.831517389075,122.18013090146
week,2024-11-17,2024-11-17,46,promo,baseline_control,0,4,3471.93185161533,0,80,0,0,0
week,2024-11-24,2024-11-24,47,baseline,baseline_control,2449.70731994737,4,3433.77615466368,0.713414972207849,80,2345.29991732611,2449.6066794739,2543.07609986873
week,2024-11-24,2024-11-24,47,paid_search,media,294.509573562103,4,3433.77615466368,0.0857684252836652,80,240.528880580635,291.754431439326,345.189062291311
week,2024-11-24,2024-11-24,47,tv,media,251.419232480695,4,3433.77615466368,0.0732194590317783,80,217.409832267841,255.61458209621,305.735675277844
week,2024-11-24,2024-11-24,47,paid_social,media,198.37296049723,4,3433.77615466368,0.0577710810379424,80,176.019929138322,200.268746007749,226.229706009858
week,2024-11-24,2024-11-24,47,retail_media,media,155.268252516599,4,3433.77615466368,0.0452179307919409,80,131.004872239429,154.705341870371,184.001730545161
week,2024-11-24,2024-11-24,47,display,media,84.4988156596884,4,3433.77615466368,0.0246081316468238,80,74.1720649541814,85.7342920167886,100.498184810551
week,2024-11-24,2024-11-24,47,promo,baseline_control,0,4,3433.77615466368,0,80,0,0,0
week,2024-12-01,2024-12-01,48,baseline,baseline_control,2470.10367518597,4,3502.86093268954,0.705167496698017,80,2363.87847735812,2486.99871223146,2599.48632204133
week,2024-12-01,2024-12-01,48,paid_search,media,317.78660388319,4,3502.86093268954,0.0907220155152403,80,278.184509308803,323.465718115088,367.079996685236
week,2024-12-01,2024-12-01,48,tv,media,280.790646523327,4,3502.86093268954,0.0801603751673156,80,246.877453762522,287.059427397257,327.920290725514
week,2024-12-01,2024-12-01,48,paid_social,media,195.324885699073,4,3502.86093268954,0.0557615302041408,80,175.976541860735,199.603525917823,234.35386959975
week,2024-12-01,2024-12-01,48,retail_media,media,167.075432828465,4,3502.86093268954,0.0476968501002356,80,145.631970368693,167.012128267448,190.932502395792
week,2024-12-01,2024-12-01,48,display,media,71.7796885695212,4,3502.86093268954,0.0204917323150502,80,63.1093506791485,73.234530606956,82.7948903161106
week,2024-12-01,2024-12-01,48,promo,baseline_control,0,4,3502.86093268954,0,80,0,0,0
week,2024-12-08,2024-12-08,49,baseline,baseline_control,2491.71983828106,4,3587.19473402437,0.694615158370752,80,2381.90876367711,2500.46891991183,2633.22306594205
week,2024-12-08,2024-12-08,49,paid_search,media,296.821844061586,4,3587.19473402437,0.0827448371414704,80,258.970301202961,298.137213892323,348.463113891211
week,2024-12-08,2024-12-08,49,tv,media,261.640082143588,4,3587.19473402437,0.0729372396937207,80,232.938482105057,266.831886768786,312.024992905082
week,2024-12-08,2024-12-08,49,paid_social,media,192.330812206854,4,3587.19473402437,0.0536159384888157,80,164.654498239987,193.55693546534,222.296523272702
week,2024-12-08,2024-12-08,49,retail_media,media,168.48331367172,4,3587.19473402437,0.0469679864529418,80,146.52363777719,171.215560776093,195.498920903849
week,2024-12-08,2024-12-08,49,promo,baseline_control,100,4,3587.19473402437,0.0278769365519817,80,96.1825536830518,100.338257922811,104.275141701392
week,2024-12-08,2024-12-08,49,display,media,76.1988436595559,4,3587.19473402437,0.0212419033003181,80,67.4514818990232,77.4798971344599,89.9752690051964
week,2024-12-15,2024-12-15,50,baseline,baseline_control,2514.26677017183,4,3668.14529128416,0.685432710679687,80,2390.67910637748,2535.32503894073,2665.6701086685
week,2024-12-15,2024-12-15,50,paid_search,media,320.700483889631,4,3668.14529128416,0.0874285118017663,80,281.232732050173,326.595975419528,370.33937173968
week,2024-12-15,2024-12-15,50,tv,media,309.725092540515,4,3668.14529128416,0.0844364298427463,80,278.568836434613,310.036804587611,351.895808083098
week,2024-12-15,2024-12-15,50,paid_social,media,193.097965203654,4,3668.14529128416,0.0526418529992452,80,166.127002630142,198.917205748803,220.276606569225
week,2024-12-15,2024-12-15,50,retail_media,media,150.04709433683,4,3668.14529128416,0.0409054392401947,80,134.31456077126,152.51188479181,175.975356508574
week,2024-12-15,2024-12-15,50,promo,baseline_control,100,4,3668.14529128416,0.0272617336716757,80,95.4986589008236,99.7239660274137,103.921210628776
week,2024-12-15,2024-12-15,50,display,media,80.3078851416978,4,3668.14529128416,0.0218933217646849,80,70.5813627687691,81.5164689133606,92.3925369486628
week,2024-12-22,2024-12-22,51,baseline,baseline_control,2537.4418590925,4,3686.01821521575,0.688396451384325,80,2437.95259862389,2554.14194037267,2657.84168570748
week,2024-12-22,2024-12-22,51,tv,media,309.039059067523,4,3686.01821521575,0.0838408930785586,80,267.869327106065,309.628771367353,350.75655791081
week,2024-12-22,2024-12-22,51,paid_search,media,308.384051887683,4,3686.01821521575,0.0836631926056918,80,260.992212366322,311.783825198703,355.121054112389
week,2024-12-22,2024-12-22,51,paid_social,media,206.128077237443,4,3686.01821521575,0.0559216111267584,80,179.254443465672,208.268111322304,246.039189301164
week,2024-12-22,2024-12-22,51,retail_media,media,147.92297586177,4,3686.01821521575,0.0401308314894237,80,125.518329810484,150.807324765795,173.749990852848
week,2024-12-22,2024-12-22,51,promo,baseline_control,100,4,3686.01821521575,0.0271295458028948,80,95.6891335035683,99.5612871725476,103.815860032404
week,2024-12-22,2024-12-22,51,display,media,77.1021920688249,4,3686.01821521575,0.0209174745123478,80,67.1780614022215,77.394277921879,91.8768580170988
week,2024-12-29,2024-12-29,52,baseline,baseline_control,2560.93333333333,4,3602.59194047272,0.71085856395862,80,2451.48611487495,2566.12959079441,2683.56100725446
week,2024-12-29,2024-12-29,52,tv,media,306.22681627001,4,3602.59194047272,0.0850018046256519,80,263.834197245104,307.144618260201,354.41888384993
week,2024-12-29,2024-12-29,52,paid_search,media,300.2294608887,4,3602.59194047272,0.0833370711558593,80,257.142822453262,299.614213899436,336.3611919181
week,2024-12-29,2024-12-29,52,paid_social,media,199.225011906018,4,3602.59194047272,0.0553004656641397,80,171.171106003351,196.895318121369,226.093703199015
week,2024-12-29,2024-12-29,52,retail_media,media,160.45450130953,4,3602.59194047272,0.0445386277326973,80,140.871046491251,162.123644880143,188.75871386134
week,2024-12-29,2024-12-29,52,display,media,75.5228167651239,4,3602.59194047272,0.0209634668630314,80,67.1266360396664,77.5219353512122,89.58576430866
week,2024-12-29,2024-12-29,52,promo,baseline_control,0,4,3602.59194047272,0,80,0,0,0
week,2025-01-05,2025-01-05,53,baseline,baseline_control,2584.42480757416,4,3712.65846946138,0.696111648521526,80,2477.64630852095,2577.34686265862,2693.30941544487
week,2025-01-05,2025-01-05,53,paid_search,media,315.175761184385,4,3712.65846946138,0.0848922042727268,80,275.846891659952,317.018681586359,369.546750554056
week,2025-01-05,2025-01-05,53,tv,media,311.681871790696,4,3712.65846946138,0.0839511294546611,80,271.085057568863,312.26410938589,359.375352407478
week,2025-01-05,2025-01-05,53,paid_social,media,247.501234495932,4,3712.65846946138,0.0666641536063075,80,218.221088563993,253.397909201472,284.729996319974
week,2025-01-05,2025-01-05,53,retail_media,media,157.329506080316,4,3712.65846946138,0.0423765092788459,80,135.673258029239,157.696717766822,189.240771207949
week,2025-01-05,2025-01-05,53,display,media,96.5452883358847,4,3712.65846946138,0.0260043548659328,80,86.172496997691,98.4586732994067,114.811432102674
week,2025-01-05,2025-01-05,53,promo,baseline_control,0,4,3712.65846946138,0,80,0,0,0
week,2025-01-12,2025-01-12,54,baseline,baseline_control,2607.59989649484,4,3737.22638101067,0.697736671705088,80,2513.62963377803,2622.4731874608,2728.943115972
week,2025-01-12,2025-01-12,54,tv,media,332.710766116291,4,3737.22638101067,0.0890261204958942,80,287.480548334643,340.490374927199,380.62023706405
week,2025-01-12,2025-01-12,54,paid_search,media,296.536843994514,4,3737.22638101067,0.0793467705090747,80,262.921518030096,299.712292889788,346.25695531262
week,2025-01-12,2025-01-12,54,paid_social,media,245.108272794163,4,3737.22638101067,0.0655856102374718,80,214.908982986129,244.527257014578,285.745966778121
week,2025-01-12,2025-01-12,54,retail_media,media,156.527999927411,4,3737.22638101067,0.0418834675690908,80,135.820988630114,160.241009332701,183.600129012007
week,2025-01-12,2025-01-12,54,display,media,98.7426016834565,4,3737.22638101067,0.0264213594833806,80,88.8117616441071,101.299782646932,115.94275653574
week,2025-01-12,2025-01-12,54,promo,baseline_control,0,4,3737.22638101067,0,80,0,0,0
week,2025-01-19,2025-01-19,55,baseline,baseline_control,2630.14682838561,4,3788.75344286895,0.694198466077536,80,2490.8826710757,2637.60960856703,2740.49120023441
week,2025-01-19,2025-01-19,55,tv,media,338.455831022459,4,3788.75344286895,0.0893317119010445,80,296.887360403476,341.780378634102,396.015562703861
week,2025-01-19,2025-01-19,55,paid_search,media,304.557470759073,4,3788.75344286895,0.0803846107569495,80,267.593971436865,301.297986005515,365.15834615728
week,2025-01-19,2025-01-19,55,paid_social,media,262.06607164914,4,3788.75344286895,0.0691694710676914,80,218.276650660503,268.225850088063,307.070179309737
week,2025-01-19,2025-01-19,55,retail_media,media,152.085717415585,4,3788.75344286895,0.0401413603996414,80,136.563173884889,151.369600345887,179.333076436654
week,2025-01-19,2025-01-19,55,display,media,101.441523637086,4,3788.75344286895,0.0267743797971375,80,89.8004414674288,104.342609567465,119.208434893298
week,2025-01-19,2025-01-19,55,promo,baseline_control,0,4,3788.75344286895,0,80,0,0,0
week,2025-01-26,2025-01-26,56,baseline,baseline_control,2651.7629914807,4,3827.43893344137,0.692829601619906,80,2507.525655758,2639.69688005795,2769.74347782505
week,2025-01-26,2025-01-26,56,tv,media,341.299011453306,4,3827.43893344137,0.0891716412432565,80,295.542427648438,345.359402831855,389.188491930499
week,2025-01-26,2025-01-26,56,paid_search,media,310.552121926657,4,3827.43893344137,0.0811383610103559,80,272.93808027848,312.63109317066,378.245073464422
week,2025-01-26,2025-01-26,56,paid_social,media,255.763807695636,4,3827.43893344137,0.0668237461507115,80,224.028914393294,259.755874988857,310.950285994512
week,2025-01-26,2025-01-26,56,retail_media,media,164.775116368197,4,3827.43893344137,0.0430510111940683,80,141.817492967932,163.176560557891,191.382359860369
week,2025-01-26,2025-01-26,56,display,media,103.285884516873,4,3827.43893344137,0.0269856387817024,80,90.3318053160362,105.237320211612,122.176379664901
week,2025-01-26,2025-01-26,56,promo,baseline_control,0,4,3827.43893344137,0,80,0,0,0
week,2025-02-02,2025-02-02,57,baseline,baseline_control,2672.1593467193,4,3815.36992260232,0.700367041971313,80,2534.72426527181,2674.6507995613,2786.71593541805
week,2025-02-02,2025-02-02,57,tv,media,365.244759520372,4,3815.36992260232,0.0957298419103887,80,314.697503663772,368.454283758252,426.341175270854
week,2025-02-02,2025-02-02,57,paid_search,media,301.291575717106,4,3815.36992260232,0.0789678541868903,80,266.739775179105,300.612029052021,346.723606062879
week,2025-02-02,2025-02-02,57,paid_social,media,241.271979995312,4,3815.36992260232,0.0632368511808024,80,213.115259564341,243.939317571352,281.135299873433
week,2025-02-02,2025-02-02,57,retail_media,media,160.982512324885,4,3815.36992260232,0.0421931596648656,80,135.791055041884,160.550208132083,186.907276235239
week,2025-02-02,2025-02-02,57,display,media,74.4197483253395,4,3815.36992260232,0.0195052510857403,80,66.4849361203102,75.4731883973696,89.5863305725192
week,2025-02-02,2025-02-02,57,promo,baseline_control,0,4,3815.36992260232,0,80,0,0,0
week,2025-02-09,2025-02-09,58,baseline,baseline_control,2691.06464258591,4,3806.18465551776,0.707024195130606,80,2574.76589638872,2694.51862984224,2843.83814082443
week,2025-02-09,2025-02-09,58,tv,media,375.612185896955,4,3806.18465551776,0.0986846986922815,80,334.29479351123,384.34166156749,450.773411942881
week,2025-02-09,2025-02-09,58,paid_search,media,307.228156089051,4,3806.18465551776,0.080718142679617,80,266.564160174648,309.78453099647,345.359205292481
week,2025-02-09,2025-02-09,58,paid_social,media,201.339402018898,4,3806.18465551776,0.0528979595687822,80,179.060669432091,203.074441171071,248.973958231048
week,2025-02-09,2025-02-09,58,retail_media,media,155.448296651987,4,3806.18465551776,0.0408409761272711,80,134.125224197443,160.014236673821,189.709937877889
week,2025-02-09,2025-02-09,58,display,media,75.4919722749615,4,3806.18465551776,0.0198340278014421,80,66.5099752862464,77.5080116547767,90.5053438373131
week,2025-02-09,2025-02-09,58,promo,baseline_control,0,4,3806.18465551776,0,80,0,0,0
week,2025-02-16,2025-02-16,59,baseline,baseline_control,2708.22937056823,4,3812.43596989503,0.710367175200795,80,2595.23497428886,2722.24502467661,2858.87038260762
week,2025-02-16,2025-02-16,59,tv,media,372.95375579226,4,3812.43596989503,0.0978255789047464,80,335.07651304216,377.54437199339,441.98750050848
week,2025-02-16,2025-02-16,59,paid_search,media,309.741609476153,4,3812.43596989503,0.081245065339335,80,266.669439677419,307.512947513145,372.120828539375
week,2025-02-16,2025-02-16,59,paid_social,media,191.077695010149,4,3812.43596989503,0.0501195814222185,80,169.584303971639,189.799142640044,217.781517189309
week,2025-02-16,2025-02-16,59,retail_media,media,156.842994793948,4,3812.43596989503,0.0411398371100423,80,138.270830588903,157.47241115283,182.448613379809
week,2025-02-16,2025-02-16,59,display,media,73.5905442542881,4,3812.43596989503,0.0193027620228634,80,64.7558270635686,73.9629230442291,86.8164934746895
week,2025-02-16,2025-02-16,59,promo,baseline_control,0,4,3812.43596989503,0,80,0,0,0
week,2025-02-23,2025-02-23,60,baseline,baseline_control,2723.42940355317,4,3831.57037942035,0.710786735950594,80,2567.26073224949,2736.22963978734,2849.12235828692
week,2025-02-23,2025-02-23,60,tv,media,375.11064013667,4,3831.57037942035,0.0978999738988008,80,324.944456214825,377.546146454293,435.362785240816
week,2025-02-23,2025-02-23,60,paid_search,media,293.348575254374,4,3831.57037942035,0.0765609257316456,80,267.419242628401,296.405207042172,337.777198313135
week,2025-02-23,2025-02-23,60,paid_social,media,202.862204171771,4,3831.57037942035,0.0529449244261202,80,175.78107939779,211.060211229105,237.903148661261
week,2025-02-23,2025-02-23,60,retail_media,media,165.36802225669,4,3831.57037942035,0.0431593330883062,80,141.829936652926,166.449228744662,189.207234539301
week,2025-02-23,2025-02-23,60,display,media,71.4515340476752,4,3831.57037942035,0.0186481069045337,80,63.2810697688426,73.050309022658,82.2329171447688
week,2025-02-23,2025-02-23,60,promo,baseline_control,0,4,3831.57037942035,0,80,0,0,0
week,2025-03-02,2025-03-02,61,baseline,baseline_control,2736.46926410476,4,3835.31649244802,0.713492424808498,80,2608.24209932008,2724.6783012762,2861.87460310929
week,2025-03-02,2025-03-02,61,tv,media,386.092935900573,4,3835.31649244802,0.100667816244322,80,339.963899303814,395.773900914238,442.502098880017
week,2025-03-02,2025-03-02,61,paid_search,media,302.083883320712,4,3835.31649244802,0.0787637432049048,80,261.652543875227,310.95882618754,366.521852927402
week,2025-03-02,2025-03-02,61,paid_social,media,186.939444790882,4,3835.31649244802,0.0487415954221713,80,165.195922013214,189.499584954036,220.549336002689
week,2025-03-02,2025-03-02,61,retail_media,media,150.117160959733,4,3835.31649244802,0.0391407492068316,80,133.29145778382,153.700335079856,174.289025133078
week,2025-03-02,2025-03-02,61,display,media,73.6138033713599,4,3835.31649244802,0.0191936711132732,80,64.7682779781298,74.9419490199319,84.6033997258457
week,2025-03-02,2025-03-02,61,promo,baseline_control,0,4,3835.31649244802,0,80,0,0,0
week,2025-03-09,2025-03-09,62,baseline,baseline_control,2747.18497496543,4,4009.48978698835,0.685170712712782,80,2607.99687455089,2771.95998253228,2871.50447787851
week,2025-03-09,2025-03-09,62,tv,media,403.955404008936,4,4009.48978698835,0.100749827401945,80,349.864990881635,411.153132969986,468.428492915085
week,2025-03-09,2025-03-09,62,paid_search,media,300.924772759904,4,4009.48978698835,0.0750531336272433,80,263.233557753409,300.642087746296,341.043696890773
week,2025-03-09,2025-03-09,62,paid_social,media,215.574802779379,4,4009.48978698835,0.0537661433828725,80,187.920124540849,220.374723100504,255.11275685914
week,2025-03-09,2025-03-09,62,retail_media,media,160.69895803071,4,4009.48978698835,0.0400796526660855,80,141.901393086657,161.980080512363,190.824669856673
week,2025-03-09,2025-03-09,62,promo,baseline_control,100,4,4009.48978698835,0.024940829210869,80,94.9589090162002,99.4770579697105,104.748107020987
week,2025-03-09,2025-03-09,62,display,media,81.1508744439954,4,4009.48978698835,0.0202397009982036,80,71.6032360036538,83.8214196946983,96.7498598496514
week,2025-03-16,2025-03-16,63,baseline,baseline_control,2755.44645021361,4,3989.83758093212,0.69061619535146,80,2627.14038362719,2748.290447655,2888.77061156925
week,2025-03-16,2025-03-16,63,tv,media,387.524811566763,4,3989.83758093212,0.0971279666668105,80,334.049797895317,386.025610394813,447.29422149685
week,2025-03-16,2025-03-16,63,paid_search,media,302.29917936641,4,3989.83758093212,0.0757672895786866,80,263.290722147691,310.046856308994,356.190394844164
week,2025-03-16,2025-03-16,63,paid_social,media,194.842660507906,4,3989.83758093212,0.0488347348872247,80,176.114686651135,196.021726381942,225.524210843001
week,2025-03-16,2025-03-16,63,retail_media,media,151.759110816265,4,3989.83758093212,0.0380364131967523,80,132.917528432497,152.798242148719,178.249674243718
week,2025-03-16,2025-03-16,63,promo,baseline_control,100,4,3989.83758093212,0.0250636768970023,80,95.9451104301431,99.7106315146677,104.482914269409
week,2025-03-16,2025-03-16,63,display,media,97.9653684611625,4,3989.83758093212,0.0245537234220636,80,86.0412503755808,95.8167153438505,108.839288759407
week,2025-03-23,2025-03-23,64,baseline,baseline_control,2761.15939220944,4,4029.01830976851,0.685318154428564,80,2640.17034835341,2751.66354891477,2910.91605339029
week,2025-03-23,2025-03-23,64,tv,media,388.233385896625,4,4029.01830976851,0.0963593004666518,80,336.048382778903,388.693848455658,442.937241645372
week,2025-03-23,2025-03-23,64,paid_search,media,305.0535217003,4,4029.01830976851,0.0757141065754619,80,276.973569189825,312.915370306982,357.640985356991
week,2025-03-23,2025-03-23,64,paid_social,media,202.916796566492,4,4029.01830976851,0.0503638308305803,80,172.913384214271,203.601778941368,230.497037835537
week,2025-03-23,2025-03-23,64,retail_media,media,162.850070497791,4,4029.01830976851,0.0404192927351446,80,140.991113498208,163.36192111651,191.948203276106
week,2025-03-23,2025-03-23,64,display,media,108.805142897855,4,4029.01830976851,0.0270053731535676,80,95.3403642763577,109.118259088769,124.610718769832
week,2025-03-23,2025-03-23,64,promo,baseline_control,100,4,4029.01830976851,0.0248199418100301,80,94.0565335826576,99.4738058757328,104.005698009108
week,2025-03-30,2025-03-30,65,baseline,baseline_control,2764.26666666667,4,3927.99444035953,0.703734872499884,80,2628.51122745086,2765.96803698381,2850.87941036301
week,2025-03-30,2025-03-30,65,tv,media,392.260311847856,4,3927.99444035953,0.0998627461936917,80,348.284866660021,398.86028948815,453.520389753797
week,2025-03-30,2025-03-30,65,paid_search,media,317.78169466425,4,3927.99444035953,0.0809017679350798,80,275.916248154715,324.022132390765,371.126210412371
week,2025-03-30,2025-03-30,65,paid_social,media,202.218028594293,4,3927.99444035953,0.0514812410416201,80,175.321541706527,200.85275596912,241.698048160493
week,2025-03-30,2025-03-30,65,retail_media,media,148.820104585981,4,3927.99444035953,0.0378870456273761,80,133.759266277325,153.172998035168,179.589420035995
week,2025-03-30,2025-03-30,65,display,media,102.647634000485,4,3927.99444035953,0.0261323267023487,80,88.2577274279355,104.628057949976,118.324759085704
week,2025-03-30,2025-03-30,65,promo,baseline_control,0,4,3927.99444035953,0,80,0,0,0
week,2025-04-06,2025-04-06,66,baseline,baseline_control,2764.74913579919,4,4000.9449439398,0.691024039205272,80,2645.90575536802,2758.1545994387,2894.64021011112
week,2025-04-06,2025-04-06,66,tv,media,374.607206088185,4,4000.9449439398,0.0936296828217044,80,331.850337620708,381.882002291817,435.249125793243
week,2025-04-06,2025-04-06,66,paid_search,media,312.20760554991,4,4000.9449439398,0.0780334670745242,80,272.060261282101,317.304653841393,371.818313225666
week,2025-04-06,2025-04-06,66,paid_social,media,254.166358683875,4,4000.9449439398,0.0635265824062037,80,220.315418229401,257.378718907266,300.277196208032
week,2025-04-06,2025-04-06,66,retail_media,media,191.643179716983,4,4000.9449439398,0.0478994793485633,80,167.967909558971,192.229396986285,221.03956301151
week,2025-04-06,2025-04-06,66,display,media,103.571458101655,4,4000.9449439398,0.0258867491437327,80,92.466834241532,105.009301584869,117.549082644317
week,2025-04-06,2025-04-06,66,promo,baseline_control,0,4,4000.9449439398,0,80,0,0,0
week,2025-04-13,2025-04-13,67,baseline,baseline_control,2762.6259373931,4,3978.60953087269,0.694369707797671,80,2643.78893221737,2762.30460603378,2880.5210330537
week,2025-04-13,2025-04-13,67,tv,media,384.273415727838,4,3978.60953087269,0.0965848527597402,80,333.319360879252,390.4359417411,439.975240377494
week,2025-04-13,2025-04-13,67,paid_search,media,303.268940938065,4,3978.60953087269,0.0762248565949483,80,255.40133243413,300.634369518145,351.356596296927
week,2025-04-13,2025-04-13,67,paid_social,media,243.984328186202,4,3978.60953087269,0.0613240194326598,80,209.78704368281,248.87860579343,286.453690968973
week,2025-04-13,2025-04-13,67,retail_media,media,204.633465136736,4,3978.60953087269,0.0514334124896771,80,179.130467868149,209.138520369742,235.05586951963
week,2025-04-13,2025-04-13,67,display,media,79.8234434907517,4,3978.60953087269,0.020063150925304,80,70.263222575019,81.2709271656412,92.4683133069354
week,2025-04-13,2025-04-13,67,promo,baseline_control,0,4,3978.60953087269,0,80,0,0,0
week,2025-04-20,2025-04-20,68,baseline,baseline_control,2757.95420573466,4,3959.64984758608,0.696514669703936,80,2638.26263859123,2757.6459878624,2859.58412612917
week,2025-04-20,2025-04-20,68,tv,media,380.658851333766,4,3959.64984758608,0.0961344729928146,80,340.257183833976,382.442416207815,438.645617025736
week,2025-04-20,2025-04-20,68,paid_search,media,305.895774539992,4,3959.64984758608,0.077253238623227,80,274.035126216768,316.426630032006,357.730171345561
week,2025-04-20,2025-04-20,68,paid_social,media,240.357338027695,4,3959.64984758608,0.0607016648641859,80,212.777521605119,242.753919552352,281.774738041316
week,2025-04-20,2025-04-20,68,retail_media,media,197.089768726707,4,3959.64984758608,0.0497745447989191,80,175.009990606363,201.881084824707,236.833641265966
week,2025-04-20,2025-04-20,68,display,media,77.6939092232634,4,3959.64984758608,0.019621409016918,80,68.0172589256675,79.2078699937709,89.6229885363974
week,2025-04-20,2025-04-20,68,promo,baseline_control,0,4,3959.64984758608,0,80,0,0,0
week,2025-04-27,2025-04-27,69,baseline,baseline_control,2750.82823846373,4,3946.47958643571,0.6970334390981,80,2581.39814658485,2732.94851175105,2863.68796906604
week,2025-04-27,2025-04-27,69,tv,media,372.715646585751,4,3946.47958643571,0.0944425629025921,80,328.809919735488,375.900366390786,435.733282382436
week,2025-04-27,2025-04-27,69,paid_search,media,305.83574152459,4,3946.47958643571,0.0774958377019776,80,276.1529591964,314.091176369154,369.809147206802
week,2025-04-27,2025-04-27,69,paid_social,media,244.982125937119,4,3946.47958643571,0.0620761163390119,80,216.221135564098,244.710264316117,292.124563471295
week,2025-04-27,2025-04-27,69,retail_media,media,199.118452875103,4,3946.47958643571,0.0504547023528222,80,177.163308387885,203.493079650045,229.21424720709
week,2025-04-27,2025-04-27,69,display,media,72.9993810494196,4,3946.47958643571,0.0184973416054964,80,64.5206181316348,73.6511122459146,82.6597939415412
week,2025-04-27,2025-04-27,69,promo,baseline_control,0,4,3946.47958643571,0,80,0,0,0
week,2025-05-04,2025-05-04,70,baseline,baseline_control,2741.37812150188,4,3952.58095803433,0.693566596258969,80,2638.16452476867,2746.70072020129,2891.74648831157
week,2025-05-04,2025-05-04,70,tv,media,373.728393782727,4,3952.58095803433,0.0945530016337949,80,327.599771941048,375.91995812463,456.059025516336
week,2025-05-04,2025-05-04,70,paid_search,media,301.050983623021,4,3952.58095803433,0.0761656717014437,80,261.584679217613,310.406111184373,348.367970851748
week,2025-05-04,2025-05-04,70,paid_social,media,257.208317344569,4,3952.58095803433,0.0650735102140658,80,231.747148085529,272.891708087941,306.337647409928
week,2025-05-04,2025-05-04,70,retail_media,media,198.991659087091,4,3952.58095803433,0.0503447396017542,80,173.305285671812,204.565298947055,236.168862581106
week,2025-05-04,2025-05-04,70,display,media,80.2234826950397,4,3952.58095803433,0.0202964805899728,80,71.4639065358738,81.3312889399818,93.049705275697
week,2025-05-04,2025-05-04,70,promo,baseline_control,0,4,3952.58095803433,0,80,0,0,0
week,2025-05-11,2025-05-11,71,baseline,baseline_control,2729.7678321067,4,3883.91518251607,0.702839198032719,80,2592.35436286784,2729.46116614937,2892.4416098784
week,2025-05-11,2025-05-11,71,tv,media,378.120948162566,4,3883.91518251607,0.0973556142175103,80,338.295702188713,382.631177432701,441.22353923269
week,2025-05-11,2025-05-11,71,paid_search,media,310.527132731579,4,3883.91518251607,0.0799520891005693,80,279.74119537276,316.249852563969,357.649707772336
week,2025-05-11,2025-05-11,71,paid_social,media,201.202422578725,4,3883.91518251607,0.0518040207171523,80,179.685373010812,204.597064879882,243.052394244607
week,2025-05-11,2025-05-11,71,retail_media,media,186.403381228966,4,3883.91518251607,0.0479936796941613,80,156.82909590463,191.083030887314,213.763046974119
week,2025-05-11,2025-05-11,71,display,media,77.8934657075393,4,3883.91518251607,0.020055398237888,80,70.654751346995,79.8759215254071,93.6866203336697
week,2025-05-11,2025-05-11,71,promo,baseline_control,0,4,3883.91518251607,0,80,0,0,0
week,2025-05-18,2025-05-18,72,baseline,baseline_control,2716.19284771411,4,3810.06734409545,0.712898907659326,80,2582.51991311646,2721.8482108944,2847.22846802055
week,2025-05-18,2025-05-18,72,tv,media,362.253554134599,4,3810.06734409545,0.0950779924391604,80,310.501321043833,366.764613839246,424.606039317443
week,2025-05-18,2025-05-18,72,paid_search,media,291.043065306944,4,3810.06734409545,0.0763879057828152,80,257.132497448289,294.942448882644,326.522464236886
week,2025-05-18,2025-05-18,72,retail_media,media,186.735879886532,4,3810.06734409545,0.0490111756622677,80,167.761331714799,192.402089991688,224.830389890796
week,2025-05-18,2025-05-18,72,paid_social,media,178.545656567811,4,3810.06734409545,0.0468615487451968,80,153.105695872522,181.902429630746,209.995154265071
week,2025-05-18,2025-05-18,72,display,media,75.2963404854483,4,3810.06734409545,0.0197624697112341,80,66.1654200627043,75.2190977398332,85.5285496383067
week,2025-05-18,2025-05-18,72,promo,baseline_control,0,4,3810.06734409545,0,80,0,0,0
week,2025-05-25,2025-05-25,73,baseline,baseline_control,2700.87729543725,4,3813.93513537387,0.708160259566787,80,2542.10426506379,2689.78086737069,2827.23892971659
week,2025-05-25,2025-05-25,73,tv,media,352.225969192337,4,3813.93513537387,0.0923523753525527,80,308.073786480139,356.585282128607,413.364327137815
week,2025-05-25,2025-05-25,73,paid_search,media,301.996166519039,4,3813.93513537387,0.0791823027397749,80,268.288025881281,305.620202343324,345.11701890528
week,2025-05-25,2025-05-25,73,paid_social,media,215.105842731514,4,3813.93513537387,0.0563999740678409,80,185.741489209035,217.341320622408,248.689967592584
week,2025-05-25,2025-05-25,73,retail_media,media,139.560579918324,4,3813.93513537387,0.0365922793557535,80,125.080296507834,140.451784445209,156.805490128134
week,2025-05-25,2025-05-25,73,display,media,104.169281575409,4,3813.93513537387,0.0273128089172911,80,94.6168138132193,105.3858517989,119.4469964779
week,2025-05-25,2025-05-25,73,promo,baseline_control,0,4,3813.93513537387,0,80,0,0,0
week,2025-06-01,2025-06-01,74,baseline,baseline_control,2684.07068378839,4,3756.032402944,0.714602643386303,80,2569.01604416142,2676.31416412983,2805.99984909122
week,2025-06-01,2025-06-01,74,tv,media,359.105723966903,4,3756.032402944,0.0956077279007053,80,314.666801930804,365.457787092159,424.007934480713
week,2025-06-01,2025-06-01,74,paid_search,media,305.253829500288,4,3756.032402944,0.0812702865025944,80,271.58879645961,313.416698884448,366.853649117111
week,2025-06-01,2025-06-01,74,paid_social,media,163.620766220185,4,3756.032402944,0.043562128508779,80,142.887959902996,164.771481479235,195.342548221438
week,2025-06-01,2025-06-01,74,retail_media,media,147.961757161181,4,3756.032402944,0.0393930992302428,80,128.899093831741,145.583759011702,170.462912613027
week,2025-06-01,2025-06-01,74,display,media,96.0196423070583,4,3756.032402944,0.0255641144713761,80,86.5252650786808,98.031045261675,109.697828611994
week,2025-06-01,2025-06-01,74,promo,baseline_control,0,4,3756.032402944,0,80,0,0,0
week,2025-06-08,2025-06-08,75,baseline,baseline_control,2666.04426428304,4,3906.73033475753,0.682423416984706,80,2548.9060542049,2660.31017545472,2797.27535237927
week,2025-06-08,2025-06-08,75,tv,media,346.341641030179,4,3906.73033475753,0.0886525588799501,80,313.505066320105,359.051515103524,412.474318874622
week,2025-06-08,2025-06-08,75,paid_search,media,323.515815567304,4,3906.73033475753,0.0828098660122603,80,277.883608596301,328.095577056615,386.885755754513
week,2025-06-08,2025-06-08,75,paid_social,media,203.54529355137,4,3906.73033475753,0.0521011884901451,80,179.574425273826,204.105803739786,234.695830526624
week,2025-06-08,2025-06-08,75,retail_media,media,168.459268774224,4,3906.73033475753,0.0431202704920455,80,146.578663512572,170.295308800187,201.767299005047
week,2025-06-08,2025-06-08,75,promo,baseline_control,100,4,3906.73033475753,0.0255968524651718,80,95.9989299574925,99.8240454979716,105.019295788515
week,2025-06-08,2025-06-08,75,display,media,98.8240515514149,4,3906.73033475753,0.025295846675721,80,85.2894660010835,100.921660430396,113.366029698231
week,2025-06-15,2025-06-15,76,baseline,baseline_control,2647.08707598202,4,3857.75186454436,0.686173494026595,80,2526.45392942895,2651.35562544717,2779.5214776466
week,2025-06-15,2025-06-15,76,tv,media,336.86103160403,4,3857.75186454436,0.0873205544140969,80,302.715275674891,342.502649558082,394.048383038233
week,2025-06-15,2025-06-15,76,paid_search,media,324.300643350158,4,3857.75186454436,0.0840646715333674,80,294.155688276696,336.053459765762,389.692013403448
week,2025-06-15,2025-06-15,76,paid_social,media,194.966579888842,4,3857.75186454436,0.050538911452738,80,172.008179835872,195.964026994495,226.696752374683
week,2025-06-15,2025-06-15,76,retail_media,media,156.620007084607,4,3857.75186454436,0.0405987768482631,80,128.636683616291,157.977129961804,186.193355478705
week,2025-06-15,2025-06-15,76,promo,baseline_control,100,4,3857.75186454436,0.0259218331067571,80,95.432449051926,100.501913679604,103.874333888874
week,2025-06-15,2025-06-15,76,display,media,97.9165266347091,4,3857.75186454436,0.0253817586181827,80,86.7162066205864,98.8498188488708,111.763102425423
week,2025-06-22,2025-06-22,77,baseline,baseline_control,2627.50173065109,4,3779.9639271664,0.695112911466528,80,2520.53645494687,2639.68586561292,2744.79127918373
week,2025-06-22,2025-06-22,77,tv,media,332.432893042888,4,3779.9639271664,0.0879460490756832,80,287.404138997483,332.857460268485,384.31284258944
week,2025-06-22,2025-06-22,77,paid_search,media,309.914851452753,4,3779.9639271664,0.0819888383657345,80,263.7510320894,306.319090176272,360.597400775885
week,2025-06-22,2025-06-22,77,paid_social,media,189.186860469761,4,3779.9639271664,0.0500499116169033,80,164.111054090703,189.797623883149,217.180832748434
week,2025-06-22,2025-06-22,77,retail_media,media,153.2061873907,4,3779.9639271664,0.0405311241966134,80,133.118329201985,154.853437934892,183.52830628233
week,2025-06-22,2025-06-22,77,promo,baseline_control,100,4,3779.9639271664,0.026455278919808,80,95.5695750185387,99.7578295462639,104.333914328837
week,2025-06-22,2025-06-22,77,display,media,67.7214041592102,4,3779.9639271664,0.0179158863587295,80,58.494314710487,68.4375443004432,83.6953512163419
week,2025-06-29,2025-06-29,78,baseline,baseline_control,2607.6,4,3672.65767965869,0.710003552588744,80,2506.72477034568,2607.91718029695,2736.73405255774
week,2025-06-29,2025-06-29,78,paid_search,media,328.31510446248,4,3672.65767965869,0.089394420362366,80,298.541836332346,329.840738645475,388.862265021557
week,2025-06-29,2025-06-29,78,tv,media,314.550327347703,4,3672.65767965869,0.0856465139917248,80,264.13259346391,320.857364459116,366.439350781494
week,2025-06-29,2025-06-29,78,paid_social,media,193.75851523169,4,3672.65767965869,0.0527570310472542,80,165.877517290699,199.329301935135,228.788659695002
week,2025-06-29,2025-06-29,78,retail_media,media,156.211463129646,4,3672.65767965869,0.0425336300725319,80,137.841529166583,157.748291921465,179.277285098603
week,2025-06-29,2025-06-29,78,display,media,72.2222694871653,4,3672.65767965869,0.0196648519373788,80,62.8681556085955,73.8827400039403,84.5174613753517
week,2025-06-29,2025-06-29,78,promo,baseline_control,0,4,3672.65767965869,0,80,0,0,0
