.draw,variable,role,contribution,avg_row_contribution,row_n,spend,roi,cost_per_kpi,outcome_per_cost
1,baseline,baseline_control,201960.29550773,647.308639447853,312,,,,
10,baseline,baseline_control,200580.889543517,642.887466485632,312,,,,
11,baseline,baseline_control,201511.812162063,645.871192827125,312,,,,
12,baseline,baseline_control,200501.891804047,642.634268602716,312,,,,
13,baseline,baseline_control,202022.240188383,647.507180090972,312,,,,
14,baseline,baseline_control,200165.561655368,641.556287356948,312,,,,
15,baseline,baseline_control,200780.941328345,643.528658103671,312,,,,
16,baseline,baseline_control,202556.668610504,649.220091700334,312,,,,
17,baseline,baseline_control,201937.210897003,647.234650310908,312,,,,
18,baseline,baseline_control,200788.285364628,643.552196681501,312,,,,
19,baseline,baseline_control,200691.233425712,643.241132774719,312,,,,
2,baseline,baseline_control,202145.857466647,647.903389316175,312,,,,
20,baseline,baseline_control,202371.128094192,648.625410558306,312,,,,
21,baseline,baseline_control,200878.168910345,643.840284969053,312,,,,
22,baseline,baseline_control,200295.237881555,641.971916287036,312,,,,
23,baseline,baseline_control,202033.229587494,647.54240252402,312,,,,
24,baseline,baseline_control,200746.186305657,643.417263800181,312,,,,
25,baseline,baseline_control,200851.808886428,643.755797712911,312,,,,
26,baseline,baseline_control,200493.163505364,642.606293286423,312,,,,
27,baseline,baseline_control,200786.023434579,643.544946905701,312,,,,
28,baseline,baseline_control,202066.548156577,647.649192809541,312,,,,
29,baseline,baseline_control,201706.222072752,646.494301515229,312,,,,
3,baseline,baseline_control,201132.213897143,644.654531721612,312,,,,
30,baseline,baseline_control,201652.876968699,646.323323617626,312,,,,
31,baseline,baseline_control,201952.409184892,647.283362772091,312,,,,
32,baseline,baseline_control,201770.091124364,646.699010013987,312,,,,
33,baseline,baseline_control,202760.296744406,649.872745975659,312,,,,
34,baseline,baseline_control,200854.122199613,643.763212178246,312,,,,
35,baseline,baseline_control,202223.424167426,648.152000536623,312,,,,
36,baseline,baseline_control,201981.409269712,647.376311761897,312,,,,
37,baseline,baseline_control,202463.610712216,648.921829205822,312,,,,
38,baseline,baseline_control,202006.883716496,647.457960629796,312,,,,
39,baseline,baseline_control,202160.535666504,647.950434828537,312,,,,
4,baseline,baseline_control,201467.084446905,645.727834765721,312,,,,
40,baseline,baseline_control,201813.971589546,646.839652530597,312,,,,
41,baseline,baseline_control,200615.327725827,642.997845275087,312,,,,
42,baseline,baseline_control,201901.224590058,647.11930958352,312,,,,
43,baseline,baseline_control,200915.177834294,643.958903315046,312,,,,
44,baseline,baseline_control,201608.098009737,646.179801313261,312,,,,
45,baseline,baseline_control,201413.642171299,645.55654542083,312,,,,
46,baseline,baseline_control,202316.393947852,648.44998060209,312,,,,
47,baseline,baseline_control,200884.326831218,643.86002189493,312,,,,
48,baseline,baseline_control,201032.742303819,644.33571251224,312,,,,
49,baseline,baseline_control,201651.619964535,646.319294758125,312,,,,
5,baseline,baseline_control,201283.641140193,645.139875449335,312,,,,
50,baseline,baseline_control,200527.860418195,642.717501340369,312,,,,
51,baseline,baseline_control,200114.330168517,641.392083873453,312,,,,
52,baseline,baseline_control,202904.860795125,650.336092292068,312,,,,
53,baseline,baseline_control,201376.331344665,645.436959438027,312,,,,
54,baseline,baseline_control,200867.927178034,643.807458903956,312,,,,
55,baseline,baseline_control,201541.466211477,645.966237857297,312,,,,
56,baseline,baseline_control,201659.394748618,646.344213937878,312,,,,
57,baseline,baseline_control,202136.89721438,647.874670558911,312,,,,
58,baseline,baseline_control,201501.783546238,645.839049827687,312,,,,
59,baseline,baseline_control,201386.1622868,645.46846886795,312,,,,
6,baseline,baseline_control,200779.034725394,643.522547196774,312,,,,
60,baseline,baseline_control,202309.02556283,648.426363983431,312,,,,
61,baseline,baseline_control,201738.67542192,646.59831866,312,,,,
62,baseline,baseline_control,200984.726233495,644.181814850946,312,,,,
63,baseline,baseline_control,200962.34800298,644.110089753143,312,,,,
64,baseline,baseline_control,202110.513473304,647.790107286231,312,,,,
65,baseline,baseline_control,200228.336394838,641.757488444993,312,,,,
66,baseline,baseline_control,201284.009448527,645.141055924767,312,,,,
67,baseline,baseline_control,201911.581936609,647.152506207079,312,,,,
68,baseline,baseline_control,201959.303129465,647.305458748285,312,,,,
69,baseline,baseline_control,202643.801981699,649.499365325959,312,,,,
7,baseline,baseline_control,202341.064746706,648.529053675341,312,,,,
70,baseline,baseline_control,201149.358007735,644.709480794022,312,,,,
71,baseline,baseline_control,201492.340952483,645.808785104113,312,,,,
72,baseline,baseline_control,201670.638011309,646.380250036246,312,,,,
73,baseline,baseline_control,202065.223894358,647.644948379353,312,,,,
74,baseline,baseline_control,199891.626527203,640.678290151293,312,,,,
75,baseline,baseline_control,201552.738319378,646.002366408262,312,,,,
76,baseline,baseline_control,200028.72948,641.117722692307,312,,,,
77,baseline,baseline_control,201335.790334518,645.307020302942,312,,,,
78,baseline,baseline_control,201763.622126645,646.678276046939,312,,,,
79,baseline,baseline_control,200995.232457822,644.215488646865,312,,,,
8,baseline,baseline_control,201796.115159741,646.782420383785,312,,,,
80,baseline,baseline_control,200215.927319518,641.717715767686,312,,,,
9,baseline,baseline_control,199505.601288106,639.441029769572,312,,,,
1,display,media,6832.21494082012,21.8981248103209,312,43909.2348339426,0.155598588011347,6.42679353830047,0.155598588011347
10,display,media,6871.24605409467,22.0232245323547,312,43909.2348339426,0.15648749243936,6.39028707286308,0.15648749243936
11,display,media,6880.27866351184,22.0521752035636,312,43909.2348339426,0.156693203366715,6.38189773719578,0.156693203366715
12,display,media,6789.01980263579,21.7596788546019,312,43909.2348339426,0.154614851028735,6.4676840118945,0.154614851028735
13,display,media,6722.26448656074,21.5457195082075,312,43909.2348339426,0.153094548606534,6.53191122154249,0.153094548606534
14,display,media,6772.95935779603,21.7082030698591,312,43909.2348339426,0.154249086403127,6.48302056964225,0.154249086403127
15,display,media,6803.378463222,21.8057002026346,312,43909.2348339426,0.154941858790098,6.45403384087907,0.154941858790098
16,display,media,6869.8879351423,22.0188715869945,312,43909.2348339426,0.15645656229545,6.39155037876657,0.15645656229545
17,display,media,6796.0150405019,21.7820994887881,312,43909.2348339426,0.154774162342006,6.46102672996731,0.154774162342006
18,display,media,6716.6265951012,21.5276493432731,312,43909.2348339426,0.15296614984302,6.53739406415238,0.15296614984302
19,display,media,6857.7633443678,21.9800107191276,312,43909.2348339426,0.156180433804021,6.40285070058663,0.156180433804021
2,display,media,6946.15676846677,22.263322975855,312,43909.2348339426,0.158193527961395,6.32137112615654,0.158193527961395
20,display,media,6689.77016245473,21.4415710335087,312,43909.2348339426,0.152354514665407,6.56363877497261,0.152354514665407
21,display,media,6793.93380511281,21.7754288625411,312,43909.2348339426,0.154726763761799,6.46300598349936,0.154726763761799
22,display,media,6789.33815389327,21.7606992111964,312,43909.2348339426,0.154622101240648,6.46738074296143,0.154622101240648
23,display,media,6785.56066650634,21.748591879828,312,43909.2348339426,0.154536071789185,6.47098110119028,0.154536071789185
24,display,media,6734.85173781359,21.586063262223,312,43909.2348339426,0.153381213844506,6.5197032604904,0.153381213844506
25,display,media,6905.21434515752,22.1320972601203,312,43909.2348339426,0.157261094876098,6.35885182401836,0.157261094876098
26,display,media,6768.789550229,21.694838302016,312,43909.2348339426,0.154154122152832,6.48701433367169,0.154154122152832
27,display,media,6862.38386489477,21.9948200797909,312,43909.2348339426,0.156285662705059,6.39853958892694,0.156285662705059
28,display,media,6889.40382710623,22.0814225227764,312,43909.2348339426,0.156901022146271,6.37344477633647,0.156901022146271
29,display,media,6718.5619931244,21.5338525420654,312,43909.2348339426,0.153010227086235,6.5355108546856,0.153010227086235
3,display,media,6801.9410368384,21.8010930667897,312,43909.2348339426,0.154909122478727,6.45539774545768,0.154909122478727
30,display,media,6786.35249514232,21.7511297921228,312,43909.2348339426,0.154554105094456,6.47022606995038,0.154554105094456
31,display,media,6781.44242625043,21.7353923918283,312,43909.2348339426,0.154442281945853,6.47491080422263,0.154442281945853
32,display,media,6669.47816650922,21.3765325849655,312,43909.2348339426,0.151892379626565,6.58360875284559,0.151892379626565
33,display,media,6736.96081900057,21.5928231378223,312,43909.2348339426,0.153429246591944,6.51766219422019,0.153429246591944
34,display,media,6753.71299955014,21.6465160241992,312,43909.2348339426,0.153810764981252,6.50149552355385,0.153810764981252
35,display,media,6826.42620190162,21.8795711599411,312,43909.2348339426,0.155466753809717,6.43224339284748,0.155466753809717
36,display,media,6803.62876614114,21.8065024555806,312,43909.2348339426,0.154947559251973,6.4537963994245,0.154947559251973
37,display,media,6891.24356367454,22.0873191143415,312,43909.2348339426,0.156942920771361,6.37174327510337,0.156942920771361
38,display,media,6732.11649465786,21.5772964572367,312,43909.2348339426,0.153318920726303,6.52235220064685,0.153318920726303
39,display,media,6848.44095631933,21.9501312702543,312,43909.2348339426,0.155968123384955,6.41156653229606,0.155968123384955
4,display,media,6814.74762709892,21.8421398304453,312,43909.2348339426,0.155200782998637,6.44326646218519,0.155200782998637
40,display,media,6736.14939139882,21.5902224083296,312,43909.2348339426,0.153410766934879,6.51844730314458,0.153410766934879
41,display,media,6899.86324065593,22.1149462841536,312,43909.2348339426,0.15713922747117,6.36378335373622,0.15713922747117
42,display,media,6750.84467015491,21.6373226607529,312,43909.2348339426,0.153745440923429,6.50425790835669,0.153745440923429
43,display,media,6622.77500046477,21.2268429502076,312,43909.2348339426,0.150828749931785,6.63003572231598,0.150828749931785
44,display,media,6737.23252105582,21.593693977743,312,43909.2348339426,0.153435434403148,6.51739934709296,0.153435434403148
45,display,media,6734.35856609773,21.5844825836466,312,43909.2348339426,0.153369982227336,6.52018071253164,0.153369982227336
46,display,media,6840.70931888449,21.92535038104,312,43909.2348339426,0.155792041121985,6.41881313575577,0.155792041121985
47,display,media,6811.52298409958,21.8318044362166,312,43909.2348339426,0.155127344164835,6.44631676886972,0.155127344164835
48,display,media,6809.36453789493,21.8248863394068,312,43909.2348339426,0.155078187166021,6.44836013545501,0.155078187166021
49,display,media,6792.83502074149,21.7719071177612,312,43909.2348339426,0.154701739769114,6.46405141592112,0.154701739769114
5,display,media,6768.82918430477,21.6949653343102,312,43909.2348339426,0.154155024789281,6.48697634972932,0.154155024789281
50,display,media,6739.0272919456,21.5994464485436,312,43909.2348339426,0.153476308968523,6.51566360124738,0.153476308968523
51,display,media,6874.59269495936,22.0339509453825,312,43909.2348339426,0.156563709683348,6.38717619825508,0.156563709683348
52,display,media,6790.51197528482,21.7644614592462,312,43909.2348339426,0.154648834145377,6.46626277867671,0.154648834145377
53,display,media,6762.88206984872,21.675904070028,312,43909.2348339426,0.154019583703173,6.49268083938729,0.154019583703173
54,display,media,6759.88006570313,21.666282261869,312,43909.2348339426,0.153951215302837,6.49556418267243,0.153951215302837
55,display,media,6747.88546959663,21.627838043579,312,43909.2348339426,0.153678047342797,6.50711026910292,0.153678047342797
56,display,media,6706.60683084188,21.4955347142368,312,43909.2348339426,0.152737957202059,6.54716102217531,0.152737957202059
57,display,media,6818.27692240331,21.8534516743696,312,43909.2348339426,0.155281160060951,6.43993128082945,0.155281160060951
58,display,media,6739.70177889789,21.6016082656984,312,43909.2348339426,0.153491669904664,6.51501153529124,0.153491669904664
59,display,media,6766.98500432545,21.6890545010431,312,43909.2348339426,0.154113024968826,6.48874422004421,0.154113024968826
6,display,media,6763.62056992218,21.6782710574429,312,43909.2348339426,0.154036402490297,6.4919719224356,0.154036402490297
60,display,media,6685.71911203778,21.428586897557,312,43909.2348339426,0.152262255020431,6.56761585375059,0.152262255020431
61,display,media,6887.3815521477,22.0749408722683,312,43909.2348339426,0.156854966345795,6.37531614903059,0.156854966345795
62,display,media,6829.42234670051,21.8891741881427,312,43909.2348339426,0.155534988767813,6.42942149494627,0.155534988767813
63,display,media,6762.88048152174,21.6758989792363,312,43909.2348339426,0.154019547530214,6.49268236425531,0.154019547530214
64,display,media,6897.45242924112,22.1072193244908,312,43909.2348339426,0.157084323043344,6.3660076360648,0.157084323043344
65,display,media,6940.10715217527,22.243933180049,312,43909.2348339426,0.158055752472608,6.32688139695076,0.158055752472608
66,display,media,6805.85086405127,21.8136245642669,312,43909.2348339426,0.154998165870798,6.4516892466558,0.154998165870798
67,display,media,6979.08373445342,22.3688581232482,312,43909.2348339426,0.158943414997942,6.29154721517057,0.158943414997942
68,display,media,6769.14057973399,21.6959633965833,312,43909.2348339426,0.154162116587405,6.48667793447838,0.154162116587405
69,display,media,6899.98616089825,22.1153402592893,312,43909.2348339426,0.157142026887803,6.36366998571291,0.157142026887803
7,display,media,6872.91280248978,22.0285666746467,312,43909.2348339426,0.156525451388119,6.38873736591509,0.156525451388119
70,display,media,6767.56749547401,21.6909214598526,312,43909.2348339426,0.154126290769307,6.48818572748747,0.154126290769307
71,display,media,6823.88016055298,21.8714107710032,312,43909.2348339426,0.155408769621237,6.43464331155317,0.155408769621237
72,display,media,6754.20214163947,21.648083787306,312,43909.2348339426,0.153821904826689,6.50102468258145,0.153821904826689
73,display,media,6850.37363878725,21.9563257653438,312,43909.2348339426,0.156012138783429,6.40975764961575,0.156012138783429
74,display,media,7007.45010922219,22.4597759910968,312,43909.2348339426,0.159589437978667,6.26607883745839,0.159589437978667
75,display,media,6883.3859448403,22.0621344385907,312,43909.2348339426,0.156763969376194,6.37901683645336,0.156763969376194
76,display,media,6719.33862861692,21.5363417583876,312,43909.2348339426,0.153027914379021,6.53475546639934,0.153027914379021
77,display,media,6966.17481642044,22.327483385963,312,43909.2348339426,0.158649424039507,6.3032059905303,0.158649424039507
78,display,media,6777.68668136842,21.7233547479757,312,43909.2348339426,0.154356747663686,6.47849877077489,0.154356747663686
79,display,media,6633.1756741779,21.2601784428779,312,43909.2348339426,0.151065617500816,6.61963997197838,0.151065617500816
8,display,media,6755.20329820999,21.6512926224679,312,43909.2348339426,0.153844705419191,6.50006119661533,0.153844705419191
80,display,media,6827.28096741101,21.882310792984,312,43909.2348339426,0.155486220455233,6.43143808545989,0.155486220455233
9,display,media,6719.19996526252,21.5358973245593,312,43909.2348339426,0.15302475642478,6.5348903233939,0.15302475642478
1,meta,media,11291.7145745247,36.1913928670663,312,108817.031462369,0.10376789756877,9.63689178859262,0.10376789756877
10,meta,media,11310.3521562151,36.2511287058175,312,108817.031462369,0.103939172059903,9.62101179162433,0.103939172059903
11,meta,media,11391.6188982615,36.5115990328895,312,108817.031462369,0.104685992120645,9.55237639480507,0.104685992120645
12,meta,media,11620.5745564561,37.2454312706926,312,108817.031462369,0.106790034613972,9.36416964012446,0.106790034613972
13,meta,media,11554.4489274475,37.0334901520752,312,108817.031462369,0.106182357413814,9.41776039217889,0.106182357413814
14,meta,media,11551.548235435,37.0241930622918,312,108817.031462369,0.106155700814443,9.42012527191518,0.106155700814443
15,meta,media,11539.4107617916,36.9852909031782,312,108817.031462369,0.10604416061269,9.43003362205245,0.10604416061269
16,meta,media,11558.7963187413,37.0474240985297,312,108817.031462369,0.106222308800425,9.4142182682062,0.106222308800425
17,meta,media,11307.5948588657,36.2422912143131,312,108817.031462369,0.103913833219905,9.62335782459088,0.103913833219905
18,meta,media,11460.9084904261,36.7336810590579,312,108817.031462369,0.105322745312984,9.49462527802831,0.105322745312984
19,meta,media,11395.4053483332,36.5237350908114,312,108817.031462369,0.104720788604438,9.54920234393291,0.104720788604438
2,meta,media,11198.0518709804,35.8911918941679,312,108817.031462369,0.102907161870639,9.71749664281935,0.102907161870639
20,meta,media,11431.1292274866,36.6382347034827,312,108817.031462369,0.105049081691222,9.51935974975366,0.105049081691222
21,meta,media,11431.229831454,36.6385571520963,312,108817.031462369,0.105050006215316,9.51927597177244,0.105050006215316
22,meta,media,11442.6567185163,36.6751817901162,312,108817.031462369,0.10515501631262,9.50976981475668,0.10515501631262
23,meta,media,11627.1814179662,37.266607108866,312,108817.031462369,0.106850749939701,9.35884867971751,0.106850749939701
24,meta,media,11251.0978455913,36.0612110435619,312,108817.031462369,0.103394640474843,9.67168119553845,0.103394640474843
25,meta,media,11570.0658314796,37.0835443316654,312,108817.031462369,0.106325872668938,9.40504860104613,0.106325872668938
26,meta,media,11461.4175014847,36.7353125047587,312,108817.031462369,0.10532742299121,9.49420361384379,0.10532742299121
27,meta,media,11632.8906135413,37.2849058126323,312,108817.031462369,0.106903215950751,9.35425553952171,0.106903215950751
28,meta,media,11655.7367702435,37.3581306738574,312,108817.031462369,0.107113166143246,9.33592046623538,0.107113166143246
29,meta,media,11626.1481681655,37.2632954107869,312,108817.031462369,0.106841254644831,9.35968042797951,0.106841254644831
3,meta,media,11345.0037967074,36.3621916561135,312,108817.031462369,0.104257611554408,9.59162583038976,0.104257611554408
30,meta,media,11444.7205413161,36.6817966067825,312,108817.031462369,0.105173982303257,9.50805492100331,0.105173982303257
31,meta,media,11553.0155265266,37.0288959183546,312,108817.031462369,0.106169184835022,9.41892886861583,0.106169184835022
32,meta,media,11363.5719020193,36.4217048141645,312,108817.031462369,0.104428247575832,9.57595308945348,0.104428247575832
33,meta,media,11516.3511034452,36.9113817418115,312,108817.031462369,0.105832248396041,9.448915762026,0.105832248396041
34,meta,media,11381.8663147178,36.4803407523006,312,108817.031462369,0.104596368433868,9.56056137486508,0.104596368433868
35,meta,media,11489.7963759194,36.8262704356392,312,108817.031462369,0.105588217409633,9.47075369328823,0.105588217409633
36,meta,media,11566.8591467102,37.0732664958661,312,108817.031462369,0.106296404076326,9.40765596625406,0.106296404076326
37,meta,media,11363.6174037719,36.4218506531152,312,108817.031462369,0.104428665725013,9.57591474579643,0.104428665725013
38,meta,media,11432.8993407404,36.6439081433986,312,108817.031462369,0.105065348568106,9.51788590271292,0.105065348568106
39,meta,media,11582.5321586186,37.1235005083928,312,108817.031462369,0.106440434948127,9.39492590844205,0.106440434948127
4,meta,media,11314.2531492233,36.2636318885362,312,108817.031462369,0.103975021163264,9.61769460407016,0.103975021163264
40,meta,media,11417.0487252525,36.5931048886297,312,108817.031462369,0.104919685565956,9.53109985610247,0.104919685565956
41,meta,media,11318.5939800904,36.2775448079821,312,108817.031462369,0.104014912261272,9.61400609066636,0.104014912261272
42,meta,media,11494.4227001243,36.8410983978343,312,108817.031462369,0.105630732116593,9.46694186400434,0.105630732116593
43,meta,media,11352.247573064,36.3854088880256,312,108817.031462369,0.104324179960651,9.58550549237175,0.104324179960651
44,meta,media,11654.2372629614,37.3533245607738,312,108817.031462369,0.107099386064319,9.33712168433386,0.107099386064319
45,meta,media,11482.7123255923,36.8035651461291,312,108817.031462369,0.105523116843738,9.47659650236479,0.105523116843738
46,meta,media,11368.3495252083,36.4370177090008,312,108817.031462369,0.104472152680802,9.57192873258137,0.104472152680802
47,meta,media,11571.2925372128,37.0874760808104,312,108817.031462369,0.106337145773127,9.40405154501255,0.106337145773127
48,meta,media,11551.6120029495,37.0243974453511,312,108817.031462369,0.106156286821189,9.42007327069017,0.106156286821189
49,meta,media,11452.8522021098,36.7078596221469,312,108817.031462369,0.105248710134778,9.50130408932742,0.105248710134778
5,meta,media,11525.5362414515,36.9408212867034,312,108817.031462369,0.105916657407046,9.4413855618283,0.105916657407046
50,meta,media,11440.8098087978,36.6692622076853,312,108817.031462369,0.105138043696352,9.51130499334847,0.105138043696352
51,meta,media,11359.1097242451,36.4074029623239,312,108817.031462369,0.104387241331549,9.57971479315037,0.104387241331549
52,meta,media,11441.0364905398,36.66998875173,312,108817.031462369,0.105140126842151,9.51111654545864,0.105140126842151
53,meta,media,11665.4384425667,37.3892257774575,312,108817.031462369,0.107202321969249,9.32815615959188,0.107202321969249
54,meta,media,11564.8358332172,37.0667815167218,312,108817.031462369,0.106277810355602,9.40930187264898,0.106277810355602
55,meta,media,11595.2852031351,37.1643756510742,312,108817.031462369,0.106557632084873,9.38459292341914,0.106557632084873
56,meta,media,11339.5092608027,36.3445809641111,312,108817.031462369,0.10420711820947,9.59627343297094,0.10420711820947
57,meta,media,11437.103702644,36.6573836623204,312,108817.031462369,0.105103985552107,9.51438705913045,0.105103985552107
58,meta,media,11459.2220334494,36.7282757482354,312,108817.031462369,0.105307247215362,9.49602260473984,0.105307247215362
59,meta,media,11522.1293624936,36.9299018028641,312,108817.031462369,0.10588534908231,9.44417720361531,0.10588534908231
6,meta,media,11511.5917227574,36.8961273165301,312,108817.031462369,0.105788510934875,9.45282234491058,0.105788510934875
60,meta,media,11439.6107794525,36.6654191649117,312,108817.031462369,0.105127024930914,9.51230190959146,0.105127024930914
61,meta,media,11502.6699454312,36.8675318763821,312,108817.031462369,0.105706522139497,9.46015420581464,0.105706522139497
62,meta,media,11557.6217285113,37.0436593862541,312,108817.031462369,0.106211514624052,9.41517502635771,0.106211514624052
63,meta,media,11646.0177415736,37.3269799409411,312,108817.031462369,0.107023850816966,9.3437116340564,0.107023850816966
64,meta,media,11492.1725454788,36.833886363714,312,108817.031462369,0.105610053785129,9.46879548072737,0.105610053785129
65,meta,media,11545.4010488472,37.0044905411769,312,108817.031462369,0.106099209780776,9.42514088527346,0.106099209780776
66,meta,media,11436.8952437159,36.6567155247306,312,108817.031462369,0.105102069869192,9.51456047673067,0.105102069869192
67,meta,media,11549.300873568,37.0169899793847,312,108817.031462369,0.106135048147881,9.4219583205603,0.106135048147881
68,meta,media,11394.1649032049,36.5197593051438,312,108817.031462369,0.104709389238809,9.55024193407641,0.104709389238809
69,meta,media,11507.6344699784,36.8834438140334,312,108817.031462369,0.105752144818966,9.45607298756793,0.105752144818966
7,meta,media,11324.5990408225,36.2967917975081,312,108817.031462369,0.104070097195574,9.60890810086156,0.104070097195574
70,meta,media,11407.7148001642,36.5631884620647,312,108817.031462369,0.104833909240662,9.538898312991,0.104833909240662
71,meta,media,11285.5139649139,36.1715191183138,312,108817.031462369,0.103710915591524,9.64218659430802,0.103710915591524
72,meta,media,11394.0452874992,36.5193759214719,312,108817.031462369,0.104708290001823,9.55034219336966,0.104708290001823
73,meta,media,11659.5325404973,37.370296604158,312,108817.031462369,0.10714804827707,9.33288114977271,0.10714804827707
74,meta,media,11469.3001186543,36.7605773033791,312,108817.031462369,0.105399862177095,9.4876784404118,0.105399862177095
75,meta,media,11720.6867287817,37.5663036178901,312,108817.031462369,0.107710039239905,9.28418564376045,0.107710039239905
76,meta,media,11508.7891171365,36.8871446062069,312,108817.031462369,0.105762755723735,9.45512428413,0.105762755723735
77,meta,media,11597.2978734235,37.170826517383,312,108817.031462369,0.106576127997336,9.38296426029852,0.106576127997336
78,meta,media,11568.186035554,37.0775193447245,312,108817.031462369,0.106308597837045,9.40657689355331,0.106308597837045
79,meta,media,11681.128151989,37.4395133076572,312,108817.031462369,0.107346506286827,9.31562688521994,0.107346506286827
8,meta,media,11532.6604609343,36.9636553235073,312,108817.031462369,0.105982127116953,9.43555321263255,0.105982127116953
80,meta,media,11653.0647611084,37.349566542014,312,108817.031462369,0.107088611079583,9.33806116186199,0.107088611079583
9,meta,media,11246.2571606591,36.0456960277534,312,108817.031462369,0.103350155848979,9.67584414155365,0.103350155848979
1,paid_search,media,24257.1854640446,77.7473893078352,312,196231.04493548,0.123615432369635,8.08960484003164,0.123615432369635
10,paid_search,media,23398.8160794446,74.9962053828351,312,196231.04493548,0.119241153137303,8.38636639859166,0.119241153137303
11,paid_search,media,23729.7994755862,76.0570496012378,312,196231.04493548,0.120927855647859,8.26939330597242,0.120927855647859
12,paid_search,media,24364.0169713136,78.0897979849794,312,196231.04493548,0.124159849321112,8.05413348572711,0.124159849321112
13,paid_search,media,23553.5208992132,75.492054164145,312,196231.04493548,0.120029534098224,8.33128285894763,0.120029534098224
14,paid_search,media,23920.1359897939,76.6671025313907,312,196231.04493548,0.121897816921164,8.2035923633213,0.121897816921164
15,paid_search,media,24059.8722803282,77.1149752574622,312,196231.04493548,0.122609917754038,8.15594707441245,0.122609917754038
16,paid_search,media,23501.2599311375,75.324551061338,312,196231.04493548,0.119763210448503,8.34980956384761,0.119763210448503
17,paid_search,media,24153.0882900772,77.4137445194782,312,196231.04493548,0.123084949672559,8.12447015382698,0.123084949672559
18,paid_search,media,23484.357684578,75.2703771941603,312,196231.04493548,0.119677076031978,8.35581911888284,0.119677076031978
19,paid_search,media,23732.3607635688,76.0652588575922,312,196231.04493548,0.120940908057499,8.26850084112626,0.120940908057499
2,paid_search,media,23725.7302445479,76.0440071940639,312,196231.04493548,0.120907118709727,8.27081160043844,0.120907118709727
20,paid_search,media,24061.7270849368,77.1209201440283,312,196231.04493548,0.122619369900661,8.15531837107092,0.122619369900661
21,paid_search,media,23751.3542592121,76.1261354461927,312,196231.04493548,0.121037699549638,8.26188868196307,0.121037699549638
22,paid_search,media,23896.9481601084,76.5927825644499,312,196231.04493548,0.121779650961781,8.21155252213554,0.121779650961781
23,paid_search,media,23708.7843601725,75.9896934620914,312,196231.04493548,0.120820761913426,8.27672317375839,0.120820761913426
24,paid_search,media,23731.2247757902,76.0616178711225,312,196231.04493548,0.1209351190256,8.26889664521943,0.1209351190256
25,paid_search,media,24051.0119157882,77.0865766531674,312,196231.04493548,0.12256476503856,8.15895171573487,0.12256476503856
26,paid_search,media,24128.4590098393,77.3348045187157,312,196231.04493548,0.122959438032716,8.1327632591646,0.122959438032716
27,paid_search,media,23982.1175653092,76.8657614272729,312,196231.04493548,0.122213677113091,8.1823902497807,0.122213677113091
28,paid_search,media,23686.5899976587,75.9185576848035,312,196231.04493548,0.120707658696139,8.28447847304642,0.120707658696139
29,paid_search,media,23824.1950234555,76.3595994341524,312,196231.04493548,0.121408898532283,8.23662855102913,0.121408898532283
3,paid_search,media,23698.0579350969,75.9553138945413,312,196231.04493548,0.120766099690743,8.28046945757784,0.120766099690743
30,paid_search,media,23810.481969359,76.3156473376892,312,196231.04493548,0.121339016347733,8.24137223211205,0.121339016347733
31,paid_search,media,23577.179298155,75.5678823658814,312,196231.04493548,0.120150098094351,8.32292287614049,0.120150098094351
32,paid_search,media,23791.9889246505,76.2563747584953,312,196231.04493548,0.121244775170378,8.24777808853837,0.121244775170378
33,paid_search,media,24307.489002938,77.9086185991602,312,196231.04493548,0.123871780894456,8.07286367225188,0.123871780894456
34,paid_search,media,23710.4915013662,75.9951650684813,312,196231.04493548,0.120829461562324,8.27612725464478,0.120829461562324
35,paid_search,media,24294.0979403599,77.8656985267946,312,196231.04493548,0.123803539589506,8.07731348647774,0.123803539589506
36,paid_search,media,23739.0241777537,76.0866159543387,312,196231.04493548,0.120974865040131,8.26617991818604,0.120974865040131
37,paid_search,media,24271.6141401933,77.7936350647221,312,196231.04493548,0.123688961388213,8.08479583607608,0.123688961388213
38,paid_search,media,24029.8783743365,77.0188409433862,312,196231.04493548,0.122457067801058,8.16612726367569,0.122457067801058
39,paid_search,media,23441.4853836311,75.1329659731767,312,196231.04493548,0.119458597345484,8.37110113647089,0.119458597345484
4,paid_search,media,23813.5672851295,76.325536170287,312,196231.04493548,0.121354739220592,8.2403044695457,0.121354739220592
40,paid_search,media,23438.8404840459,75.1244887309165,312,196231.04493548,0.119445118848307,8.37204575324655,0.119445118848307
41,paid_search,media,23821.8546800866,76.3520983336109,312,196231.04493548,0.12139697206382,8.23743774658803,0.12139697206382
42,paid_search,media,24135.6702455086,77.3579174535532,312,196231.04493548,0.122996186732045,8.13033335885904,0.122996186732045
43,paid_search,media,23899.2702330378,76.6002251058903,312,196231.04493548,0.121791484323471,8.21075468087787,0.121791484323471
44,paid_search,media,23803.3043821127,76.2926422503613,312,196231.04493548,0.121302439121899,8.24385731432062,0.121302439121899
45,paid_search,media,23811.5687612745,76.3191306451104,312,196231.04493548,0.12134455467586,8.24099608483659,0.12134455467586
46,paid_search,media,23709.5331915771,75.992093562747,312,196231.04493548,0.120824577983431,8.27646176539621,0.120824577983431
47,paid_search,media,23962.7919603369,76.8038203856953,312,196231.04493548,0.12211519318065,8.18898921545872,0.12211519318065
48,paid_search,media,23950.9569308365,76.7658875988348,312,196231.04493548,0.122054881472559,8.19303568964445,0.122054881472559
49,paid_search,media,23801.9119918955,76.2881794612034,312,196231.04493548,0.121295343454556,8.24433957248043,0.121295343454556
5,paid_search,media,23804.6247684346,76.2968742578032,312,196231.04493548,0.121309167854972,8.24340004702306,0.121309167854972
50,paid_search,media,23732.8331093874,76.0667727864982,312,196231.04493548,0.120943315147665,8.26833627620555,0.120943315147665
51,paid_search,media,23754.2282410664,76.135346926495,312,196231.04493548,0.121052345457757,8.26088909073605,0.121052345457757
52,paid_search,media,23797.8588496585,76.2751886207004,312,196231.04493548,0.121274688505497,8.2457437106068,0.121274688505497
53,paid_search,media,23817.2834483802,76.3374469499366,312,196231.04493548,0.121373676913412,8.23901875126844,0.121373676913412
54,paid_search,media,23557.8904760261,75.5060592180323,312,196231.04493548,0.120051801608516,8.3297375516359,0.120051801608516
55,paid_search,media,24101.1269604598,77.2472017963455,312,196231.04493548,0.122820152990492,8.14198627547234,0.122820152990492
56,paid_search,media,24277.3981402455,77.8121735264278,312,196231.04493548,0.12371843684687,8.08286966345793,0.12371843684687
57,paid_search,media,23843.1527045127,76.4203612324123,312,196231.04493548,0.121505507512087,8.23007961100466,0.121505507512087
58,paid_search,media,24060.1983200094,77.1160202564405,312,196231.04493548,0.122611579263212,8.15583655319609,0.122611579263212
59,paid_search,media,23846.1206379982,76.4298738397377,312,196231.04493548,0.121520632200877,8.22905527965799,0.121520632200877
6,paid_search,media,24160.5538597822,77.4376726275072,312,196231.04493548,0.123122994466682,8.12195970648368,0.123122994466682
60,paid_search,media,23695.9405872039,75.9485275230893,312,196231.04493548,0.12075530961472,8.28120935792047,0.12075530961472
61,paid_search,media,23629.0965399767,75.7342837819767,312,196231.04493548,0.12041467010353,8.30463596454008,0.12041467010353
62,paid_search,media,23992.6255976387,76.8994410180728,312,196231.04493548,0.122267226399,8.17880661442876,0.122267226399
63,paid_search,media,23908.547876959,76.6299611440994,312,196231.04493548,0.1218387635087,8.20756852090506,0.1218387635087
64,paid_search,media,23678.5555787736,75.8928063422232,312,196231.04493548,0.120666715027477,8.28728949629804,0.120666715027477
65,paid_search,media,23684.977631677,75.9133898451186,312,196231.04493548,0.120699442024908,8.2850424428113,0.120699442024908
66,paid_search,media,23610.5572731429,75.6748630549453,312,196231.04493548,0.12032019337667,8.31115685518754,0.12032019337667
67,paid_search,media,23567.860895413,75.5380156904263,312,196231.04493548,0.120102611200802,8.32621364349925,0.120102611200802
68,paid_search,media,24040.0574231018,77.0514660996853,312,196231.04493548,0.122508940575667,8.16266955947067,0.122508940575667
69,paid_search,media,23932.9046156328,76.7080276142077,312,196231.04493548,0.121962886267572,8.19921560240972,0.121962886267572
7,paid_search,media,23740.1974655713,76.0903764922156,312,196231.04493548,0.120980844154282,8.26577138711925,0.120980844154282
70,paid_search,media,23739.765738105,76.0889927503364,312,196231.04493548,0.120978644056604,8.26592170707513,0.120978644056604
71,paid_search,media,23419.1281492697,75.0613081707362,312,196231.04493548,0.119344664127788,8.37909266667553,0.119344664127788
72,paid_search,media,23712.3845999783,76.0012326922382,312,196231.04493548,0.120839108856475,8.2754665229097,0.120839108856475
73,paid_search,media,23988.3515075705,76.8857420114439,312,196231.04493548,0.122245445492367,8.18026386154761,0.122245445492367
74,paid_search,media,24130.5068311541,77.3413680485709,312,196231.04493548,0.12296987379896,8.13207307697875,0.12296987379896
75,paid_search,media,23499.3848866929,75.3185413035029,312,196231.04493548,0.119753655158996,8.35047580528802,0.119753655158996
76,paid_search,media,23917.6218180861,76.6590442887375,312,196231.04493548,0.121885004617644,8.20445470824752,0.121885004617644
77,paid_search,media,23841.4064204823,76.4147641682124,312,196231.04493548,0.121496608389978,8.23068243016474,0.121496608389978
78,paid_search,media,23685.1854697069,75.9140559926504,312,196231.04493548,0.120700501174493,8.28496974137937,0.120700501174493
79,paid_search,media,24132.7180535257,77.3484552997618,312,196231.04493548,0.122981142262482,8.13132795486382,0.122981142262482
8,paid_search,media,24126.8338905603,77.329595803078,312,196231.04493548,0.122951156370253,8.13331106043947,0.122951156370253
80,paid_search,media,23788.5756845932,76.2454348865168,312,196231.04493548,0.121227381184332,8.24896149888326,0.121227381184332
9,paid_search,media,23520.0260793207,75.3846989721817,312,196231.04493548,0.119858843370344,8.34314742142274,0.119858843370344
1,promo,baseline_control,1813.21397685323,5.81158325914498,312,,,,
10,promo,baseline_control,1821.56410821603,5.83834650069241,312,,,,
11,promo,baseline_control,1794.46467721084,5.75148935003473,312,,,,
12,promo,baseline_control,1804.64652909327,5.78412349068355,312,,,,
13,promo,baseline_control,1801.40236847732,5.77372553999141,312,,,,
14,promo,baseline_control,1806.21207532388,5.78914126706372,312,,,,
15,promo,baseline_control,1819.57109037519,5.83195862299741,312,,,,
16,promo,baseline_control,1801.55688371679,5.77422078114357,312,,,,
17,promo,baseline_control,1809.74017720463,5.80044928591229,312,,,,
18,promo,baseline_control,1800.68158992474,5.77141535232288,312,,,,
19,promo,baseline_control,1816.04304717271,5.82065079222023,312,,,,
2,promo,baseline_control,1821.01118854173,5.83657432224914,312,,,,
20,promo,baseline_control,1792.67697891533,5.74575954780554,312,,,,
21,promo,baseline_control,1794.15351651297,5.75049204010567,312,,,,
22,promo,baseline_control,1796.2025319581,5.75705939730159,312,,,,
23,promo,baseline_control,1792.34210434591,5.74468623187791,312,,,,
24,promo,baseline_control,1808.57855907789,5.79672615089068,312,,,,
25,promo,baseline_control,1797.17351049226,5.76017150798801,312,,,,
26,promo,baseline_control,1807.75176778648,5.79407617880281,312,,,,
27,promo,baseline_control,1794.56094737526,5.75179790825403,312,,,,
28,promo,baseline_control,1801.32031475839,5.77346254730252,312,,,,
29,promo,baseline_control,1800.47544645014,5.77075463605814,312,,,,
3,promo,baseline_control,1805.21513900696,5.78594595835564,312,,,,
30,promo,baseline_control,1798.89634983956,5.76569342897295,312,,,,
31,promo,baseline_control,1792.97907109394,5.74672779196777,312,,,,
32,promo,baseline_control,1828.51779476539,5.86063395758136,312,,,,
33,promo,baseline_control,1801.33399087972,5.77350638102476,312,,,,
34,promo,baseline_control,1797.09364263994,5.75991552128185,312,,,,
35,promo,baseline_control,1808.4338252225,5.79626226032852,312,,,,
36,promo,baseline_control,1784.84580788323,5.72065964065139,312,,,,
37,promo,baseline_control,1819.33906791063,5.83121496125203,312,,,,
38,promo,baseline_control,1793.54790700859,5.74855098400188,312,,,,
39,promo,baseline_control,1799.87177571892,5.76881979397088,312,,,,
4,promo,baseline_control,1817.18129494063,5.82429902224561,312,,,,
40,promo,baseline_control,1820.14519523231,5.83379870266765,312,,,,
41,promo,baseline_control,1808.79980180644,5.79743526220014,312,,,,
42,promo,baseline_control,1804.65037269067,5.784135809906,312,,,,
43,promo,baseline_control,1826.54012290304,5.85429526571487,312,,,,
44,promo,baseline_control,1804.60398401815,5.78398712826331,312,,,,
45,promo,baseline_control,1793.38451445139,5.7480272899083,312,,,,
46,promo,baseline_control,1781.79313432943,5.71087543054304,312,,,,
47,promo,baseline_control,1798.69495432484,5.76504793052833,312,,,,
48,promo,baseline_control,1799.13861261522,5.76646991222826,312,,,,
49,promo,baseline_control,1830.82206649728,5.86801944390154,312,,,,
5,promo,baseline_control,1798.97249846603,5.76593749508343,312,,,,
50,promo,baseline_control,1807.75206557965,5.7940771332681,312,,,,
51,promo,baseline_control,1798.68393075958,5.76501259858839,312,,,,
52,promo,baseline_control,1790.64380750879,5.73924297278457,312,,,,
53,promo,baseline_control,1813.43105819044,5.81227903266168,312,,,,
54,promo,baseline_control,1804.88656013638,5.78489282094994,312,,,,
55,promo,baseline_control,1811.77550949356,5.80697278683834,312,,,,
56,promo,baseline_control,1781.19502098266,5.70895840058545,312,,,,
57,promo,baseline_control,1801.75836756265,5.77486656270081,312,,,,
58,promo,baseline_control,1822.25107503187,5.84054831740985,312,,,,
59,promo,baseline_control,1807.61765906409,5.79364634315415,312,,,,
6,promo,baseline_control,1811.80107413283,5.8070547247847,312,,,,
60,promo,baseline_control,1786.63880849122,5.72640643747186,312,,,,
61,promo,baseline_control,1806.16846544405,5.78900149180784,312,,,,
62,promo,baseline_control,1804.91060651641,5.78496989268079,312,,,,
63,promo,baseline_control,1808.51259025664,5.79651471236102,312,,,,
64,promo,baseline_control,1802.7620436295,5.77808347317146,312,,,,
65,promo,baseline_control,1821.78119939315,5.83904230574729,312,,,,
66,promo,baseline_control,1815.75808940784,5.81973746605077,312,,,,
67,promo,baseline_control,1814.15152236058,5.81458821269416,312,,,,
68,promo,baseline_control,1820.94821806611,5.83637249380164,312,,,,
69,promo,baseline_control,1824.61980825985,5.84814041108926,312,,,,
7,promo,baseline_control,1815.16515616743,5.81783703899817,312,,,,
70,promo,baseline_control,1814.08467670385,5.81437396379439,312,,,,
71,promo,baseline_control,1824.67946771229,5.84833162728297,312,,,,
72,promo,baseline_control,1783.62882060629,5.71675904040477,312,,,,
73,promo,baseline_control,1808.05469322799,5.79504709367947,312,,,,
74,promo,baseline_control,1799.9857395305,5.76918506259777,312,,,,
75,promo,baseline_control,1808.35264290823,5.7960020606033,312,,,,
76,promo,baseline_control,1829.73617749101,5.86453903041991,312,,,,
77,promo,baseline_control,1815.06121772271,5.81750390295739,312,,,,
78,promo,baseline_control,1784.85312368879,5.72068308874613,312,,,,
79,promo,baseline_control,1804.6332720149,5.78408100004776,312,,,,
8,promo,baseline_control,1781.74129092443,5.71070926578343,312,,,,
80,promo,baseline_control,1815.0168013357,5.81736154274261,312,,,,
9,promo,baseline_control,1815.89722395839,5.82018341012306,312,,,,
1,retail_media,media,12980.8250864689,41.6052086104772,312,145806.696861365,0.0890276329269791,11.2324675735252,0.0890276329269791
10,retail_media,media,13110.3880428367,42.0204744962714,312,145806.696861365,0.0899162269295645,11.1214631012414,0.0899162269295645
11,retail_media,media,13128.9011426297,42.0798113545825,312,145806.696861365,0.0900431970906859,11.1057806953796,0.0900431970906859
12,retail_media,media,13223.7768810616,42.3839002598127,312,145806.696861365,0.0906938924323548,11.026100801064,0.0906938924323548
13,retail_media,media,13160.6508303454,42.1815731741841,312,145806.696861365,0.09026094900743,11.0789883221556,0.09026094900743
14,retail_media,media,13090.0956596666,41.9554348066238,312,145806.696861365,0.0897770537392594,11.1387036926419,0.0897770537392594
15,retail_media,media,13057.1979624466,41.8499934693801,312,145806.696861365,0.0895514283192466,11.1667677307731,0.0895514283192466
16,retail_media,media,13053.4591072623,41.838009959174,312,145806.696861365,0.0895257857715119,11.1699661877552,0.0895257857715119
17,retail_media,media,12913.2811706112,41.3887217006769,312,145806.696861365,0.0885643900354547,11.2912198638716,0.0885643900354547
18,retail_media,media,13052.1963325513,41.833962604331,312,145806.696861365,0.089517125163061,11.1710468603459,0.089517125163061
19,retail_media,media,13060.2931201219,41.8599138465445,312,145806.696861365,0.089572656134854,11.1641213195071,0.089572656134854
2,retail_media,media,13217.4443844845,42.3636037964248,312,145806.696861365,0.0906504616660502,11.0313834217847,0.0906504616660502
20,retail_media,media,12960.5959697873,41.5403716980362,312,145806.696861365,0.0888888936432766,11.2499993982728,0.0888888936432766
21,retail_media,media,13187.2709030163,42.266893919924,312,145806.696861365,0.0904435199952095,11.0566240682911,0.0904435199952095
22,retail_media,media,13258.1907608316,42.4942011565115,312,145806.696861365,0.0909299164320121,10.9974806888522,0.0909299164320121
23,retail_media,media,13021.1578986733,41.7344804444657,312,145806.696861365,0.0893042513064681,11.1976751987794,0.0893042513064681
24,retail_media,media,12980.605571424,41.6045050366154,312,145806.696861365,0.0890261274059735,11.2326575258052,0.0890261274059735
25,retail_media,media,12930.4602090091,41.4437827211829,312,145806.696861365,0.0886822106758482,11.2762186731588,0.0886822106758482
26,retail_media,media,13070.7667524858,41.8934831810442,312,145806.696861365,0.0896444884483852,11.1551754860621,0.0896444884483852
27,retail_media,media,13254.9712735617,42.4838822870566,312,145806.696861365,0.0909078359148669,11.0001518563975,0.0909078359148669
28,retail_media,media,13169.998368743,42.2115332331507,312,145806.696861365,0.0903250581231209,11.0711248991051,0.0903250581231209
29,retail_media,media,13056.3464620103,41.847264301315,312,145806.696861365,0.0895455883924487,11.1674959978746,0.0895455883924487
3,retail_media,media,12932.9668346251,41.4518167776445,312,145806.696861365,0.088699402105803,11.2740331530891,0.088699402105803
30,retail_media,media,13073.7046763558,41.9028996037044,312,145806.696861365,0.089664637892363,11.1526686942119,0.089664637892363
31,retail_media,media,13192.6306173573,42.2840724915297,312,145806.696861365,0.0904802790361614,11.0521321403125,0.0904802790361614
32,retail_media,media,13173.2866145225,42.222072482444,312,145806.696861365,0.0903476102133217,11.0683613837586,0.0903476102133217
33,retail_media,media,13205.5896354579,42.3256078059549,312,145806.696861365,0.0905691571081541,11.0412863708761,0.0905691571081541
34,retail_media,media,13196.69695345,42.297105620032,312,145806.696861365,0.0905081675774991,11.0487266151282,0.0905081675774991
35,retail_media,media,13025.7007384031,41.749040828215,312,145806.696861365,0.0893354078982265,11.1937699007232,0.0893354078982265
36,retail_media,media,13130.9990292992,42.0865353503181,312,145806.696861365,0.0900575852272712,11.104006369662,0.0900575852272712
37,retail_media,media,13252.6579017244,42.4764676337321,312,145806.696861365,0.0908919698957673,11.0020720328405,0.0908919698957673
38,retail_media,media,13266.6033612689,42.5211646194517,312,145806.696861365,0.0909876133733626,10.9905069813905,0.0909876133733626
39,retail_media,media,12938.8216162328,41.4705821033103,312,145806.696861365,0.0887395565138908,11.2689316837353,0.0887395565138908
4,retail_media,media,13287.9484306128,42.5895783032461,312,145806.696861365,0.0911340063018312,10.9728524025165,0.0911340063018312
40,retail_media,media,13018.2047858744,41.7250153393409,312,145806.696861365,0.0892839976908076,11.2002153338051,0.0892839976908076
41,retail_media,media,13314.5090446941,42.6747084765836,312,145806.696861365,0.091316169499085,10.9509630713323,0.091316169499085
42,retail_media,media,12951.6968806773,41.5118489765298,312,145806.696861365,0.0888278601701812,11.2577292539091,0.0888278601701812
43,retail_media,media,13061.8175296849,41.8647997746311,312,145806.696861365,0.0895831111386078,11.1628183849604,0.0895831111386078
44,retail_media,media,13148.9903691313,42.1441999010618,312,145806.696861365,0.090180976952201,11.0888131155425,0.090180976952201
45,retail_media,media,13276.3863638691,42.5525203970163,312,145806.696861365,0.0910547090747998,10.9824083802027,0.0910547090747998
46,retail_media,media,12986.666024066,41.623929564314,312,145806.696861365,0.0890676923873663,11.2274156116101,0.0890676923873663
47,retail_media,media,13067.8363492698,41.8840908630444,312,145806.696861365,0.0896243905840275,11.1576769837274,0.0896243905840275
48,retail_media,media,13090.4792150496,41.9566641508,312,145806.696861365,0.0897796843137888,11.1383773249291,0.0897796843137888
49,retail_media,media,13128.7345963234,42.0792775523187,312,145806.696861365,0.0900420548502408,11.1059215792355,0.0900420548502408
5,retail_media,media,13277.3040357888,42.5554616531694,312,145806.696861365,0.0910610028318049,10.9816493219063,0.0910610028318049
50,retail_media,media,13071.3649564879,41.8954005015638,312,145806.696861365,0.0896485911680474,11.1546649754427,0.0896485911680474
51,retail_media,media,13104.0806718224,42.0002585635332,312,145806.696861365,0.0898729684843072,11.1268161813817,0.0898729684843072
52,retail_media,media,12978.8729846794,41.5989518739726,312,145806.696861365,0.0890142446407655,11.2341570052714,0.0890142446407655
53,retail_media,media,13125.6046935088,42.0692458125283,312,145806.696861365,0.0900205887387248,11.1085698728587,0.0900205887387248
54,retail_media,media,13181.9970196319,42.2499904475383,312,145806.696861365,0.0904073496169083,11.0610476276254,0.0904073496169083
55,retail_media,media,13104.2686555164,42.000861075373,312,145806.696861365,0.0898742577508366,11.1266565646901,0.0898742577508366
56,retail_media,media,13276.5880581506,42.5531668530468,312,145806.696861365,0.0910560923739614,10.9822415384691,0.0910560923739614
57,retail_media,media,13069.4576117051,41.8892872170034,312,145806.696861365,0.0896355098430886,11.1562928771259,0.0896355098430886
58,retail_media,media,13006.1317649552,41.6863197594719,312,145806.696861365,0.0892011961379365,11.2106120018127,0.0892011961379365
59,retail_media,media,13124.1412970082,42.064555439129,312,145806.696861365,0.0900105521866866,11.1098085247377,0.0900105521866866
6,retail_media,media,13131.7069897833,42.0888044544338,312,145806.696861365,0.0900624407003005,11.1034077271755,0.0900624407003005
60,retail_media,media,12882.9698884069,41.2915701551504,312,145806.696861365,0.0883565032726602,11.3177860481202,0.0883565032726602
61,retail_media,media,13015.2811548247,41.7156447270022,312,145806.696861365,0.089263946272645,11.2027312454418,0.089263946272645
62,retail_media,media,13073.3860589618,41.9018783941082,312,145806.696861365,0.0896624526882476,11.1529405009358,0.0896624526882476
63,retail_media,media,12969.5269740022,41.5689967115454,312,145806.696861365,0.0889501460027848,11.2422524856642,0.0889501460027848
64,retail_media,media,13254.056210209,42.4809493916955,312,145806.696861365,0.0909015600484466,11.0009113096304,0.0909015600484466
65,retail_media,media,13196.8010637206,42.2974393067968,312,145806.696861365,0.090508881606915,11.048639451132,0.090508881606915
66,retail_media,media,13244.3505896435,42.4498416334728,312,145806.696861365,0.0908349950636113,11.0089729107125,0.0908349950636113
67,retail_media,media,12967.9163517736,41.5638344608129,312,145806.696861365,0.08893909971847,11.2436487795067,0.08893909971847
68,retail_media,media,13132.2197931381,42.0904480549298,312,145806.696861365,0.0900659577085437,11.1029741474135,0.0900659577085437
69,retail_media,media,13200.8479982343,42.3104102507509,312,145806.696861365,0.0905366370845494,11.0452523111294,0.0905366370845494
7,retail_media,media,12822.3282864945,41.0972060464566,312,145806.696861365,0.0879405991803391,11.3713121052235,0.0879405991803391
70,retail_media,media,13121.1906258491,42.0550981597728,312,145806.696861365,0.0899903153167578,11.1123068796913,0.0899903153167578
71,retail_media,media,13221.3558451936,42.3761405294666,312,145806.696861365,0.0906772880107465,11.0281198515938,0.0906772880107465
72,retail_media,media,12755.3999841091,40.8826922567599,312,145806.696861365,0.0874815784095098,11.4309780205257,0.0874815784095098
73,retail_media,media,13009.7156791789,41.6978066640349,312,145806.696861365,0.0892257760392772,11.2075237043587,0.0892257760392772
74,retail_media,media,13111.2683429071,42.0232959708562,312,145806.696861365,0.0899222643756449,11.1207163981387,0.0899222643756449
75,retail_media,media,12948.6173815807,41.5019787871177,312,145806.696861365,0.0888067397473004,11.2604066182983,0.0888067397473004
76,retail_media,media,13327.6041298948,42.7166799035088,312,145806.696861365,0.0914059807730702,10.940203163321,0.0914059807730702
77,retail_media,media,13029.9576245009,41.762684693913,312,145806.696861365,0.0893646033068698,11.1901128970057,0.0893646033068698
78,retail_media,media,13226.916710399,42.3939638153814,312,145806.696861365,0.0907154266238907,11.0234834053753,0.0907154266238907
79,retail_media,media,13136.8347035295,42.1052394343894,312,145806.696861365,0.0900976085894068,11.099073723002,0.0900976085894068
8,retail_media,media,12864.2545603909,41.2315851294579,312,145806.696861365,0.0882281461503953,11.3342515243988,0.0882281461503953
80,retail_media,media,13315.2493510639,42.67708125341,312,145806.696861365,0.0913212468129929,10.9503542154631,0.0913212468129929
9,retail_media,media,13003.7824789996,41.6787899967936,312,145806.696861365,0.0891850838056074,11.2126373304717,0.0891850838056074
1,tiktok,media,7364.50075077174,23.6041690729863,312,60813.7484545321,0.121099273403248,8.25768786134748,0.121099273403248
10,tiktok,media,7319.87885787296,23.4611501854903,312,60813.7484545321,0.120365526610249,8.30802662657776,0.120365526610249
11,tiktok,media,7416.53395575606,23.7709421658848,312,60813.7484545321,0.12195488921886,8.1997532563488,0.12195488921886
12,tiktok,media,7255.35417406412,23.2543403014876,312,60813.7484545321,0.119304505287791,8.38191313553299,0.119304505287791
13,tiktok,media,7322.87934996494,23.4707671473235,312,60813.7484545321,0.120414865652295,8.30462247815449,0.120414865652295
14,tiktok,media,7298.69430935145,23.3932509915111,312,60813.7484545321,0.120017175307133,8.3321407743594,0.120017175307133
15,tiktok,media,7423.12594244977,23.7920703283646,312,60813.7484545321,0.122063285541422,8.19247159835503,0.122063285541422
16,tiktok,media,7334.57950555706,23.5082676460162,312,60813.7484545321,0.120607258916803,8.29137490546752,0.120607258916803
17,tiktok,media,7364.93772619951,23.6055696352548,312,60813.7484545321,0.121106458874278,8.25719791739686,0.121106458874278
18,tiktok,media,7312.66751791245,23.4380369163861,312,60813.7484545321,0.120246945859287,8.31621953351062,0.120246945859287
19,tiktok,media,7273.15946853502,23.3114085529969,312,60813.7484545321,0.119597289319747,8.36139352060452,0.119597289319747
2,tiktok,media,7275.93305779967,23.3202982621784,312,60813.7484545321,0.119642897251097,8.35820615327692,0.119642897251097
20,tiktok,media,7447.56693962524,23.8704068577732,312,60813.7484545321,0.122465184746727,8.16558601587974,0.122465184746727
21,tiktok,media,7215.53553167977,23.1267164476916,312,60813.7484545321,0.118649741465526,8.42816838577396,0.118649741465526
22,tiktok,media,7315.13621953872,23.4459494215984,312,60813.7484545321,0.120287540324996,8.31341298773066,0.120287540324996
23,tiktok,media,7433.78757654515,23.8262422325165,312,60813.7484545321,0.122238601721831,8.18072184984271,0.122238601721831
24,tiktok,media,7346.56497322888,23.5466826065028,312,60813.7484545321,0.120804343753314,8.27784803866016,0.120804343753314
25,tiktok,media,7375.30309790239,23.6387919804564,312,60813.7484545321,0.121276903419571,8.2455931162786,0.121276903419571
26,tiktok,media,7173.24166992589,22.9911591984804,312,60813.7484545321,0.117954276002063,8.47786137047302,0.117954276002063
27,tiktok,media,7387.32951380269,23.677338185265,312,60813.7484545321,0.121474661594424,8.2321694654213,0.121474661594424
28,tiktok,media,7369.05298092389,23.6187595542432,312,60813.7484545321,0.121174128682981,8.25258667727853,0.121174128682981
29,tiktok,media,7492.94685549974,24.0158553060889,312,60813.7484545321,0.123211396204296,8.11613236118117,0.123211396204296
3,tiktok,media,7381.89633802799,23.6599241603461,312,60813.7484545321,0.121385320353129,8.23822845374418,0.121385320353129
30,tiktok,media,7113.1729218735,22.798631159851,312,60813.7484545321,0.116966526527989,8.54945452928968,0.116966526527989
31,tiktok,media,7327.24146045542,23.4847482706904,312,60813.7484545321,0.120486594670836,8.29967850557941,0.120486594670836
32,tiktok,media,7362.10368820464,23.5964861801431,312,60813.7484545321,0.121059856945161,8.26037652145083,0.121059856945161
33,tiktok,media,7230.27297199048,23.1739518333028,312,60813.7484545321,0.118892078777158,8.41098927939787,0.118892078777158
34,tiktok,media,7430.74522537859,23.8164911069827,312,60813.7484545321,0.122188574363809,8.184071262036,0.122188574363809
35,tiktok,media,7340.37160537557,23.5268320685114,312,60813.7484545321,0.120702502179481,8.28483239322604,0.120702502179481
36,tiktok,media,7248.5883186544,23.2326548674821,312,60813.7484545321,0.119193249928902,8.38973683993428,0.119193249928902
37,tiktok,media,7435.78760542246,23.8326525814822,312,60813.7484545321,0.122271489496851,8.17852145348859,0.122271489496851
38,tiktok,media,7224.19476111888,23.1544703882015,312,60813.7484545321,0.118792130804437,8.41806602195112,0.118792130804437
39,tiktok,media,7457.89643655871,23.9035142197394,312,60813.7484545321,0.122635039379864,8.15427633942761,0.122635039379864
4,tiktok,media,7231.88186011197,23.1791085259999,312,60813.7484545321,0.118918534770455,8.40911807339598,0.118918534770455
40,tiktok,media,7256.37255428736,23.2576043406646,312,60813.7484545321,0.119321251175836,8.38073679370292,0.119321251175836
41,tiktok,media,7422.15933033808,23.7889722126221,312,60813.7484545321,0.122047390910089,8.19353853075559,0.122047390910089
42,tiktok,media,7466.09922890918,23.9298052208628,312,60813.7484545321,0.122769923227003,8.14531746632266,0.122769923227003
43,tiktok,media,7477.0685628058,23.9649633423263,312,60813.7484545321,0.122950299115275,8.13336776889358,0.122950299115275
44,tiktok,media,7431.49214605523,23.8188850835104,312,60813.7484545321,0.122200856466058,8.18324870151591,0.122200856466058
45,tiktok,media,7321.04488916776,23.4648874652813,312,60813.7484545321,0.12038470042085,8.30670339755905,0.12038470042085
46,tiktok,media,7403.02977957695,23.7276595499261,312,60813.7484545321,0.121732831271071,8.21471076913693,0.121732831271071
47,tiktok,media,7329.03118233636,23.4904845587704,312,60813.7484545321,0.120516024231198,8.29765175526867,0.120516024231198
48,tiktok,media,7305.71515328718,23.4157536964333,312,60813.7484545321,0.12013262360812,8.3241335281419,0.12013262360812
49,tiktok,media,7372.66841942967,23.630347498172,312,60813.7484545321,0.121233579688677,8.24853974095264,0.121233579688677
5,tiktok,media,7408.82310229161,23.7462278919603,312,60813.7484545321,0.121828094642626,8.20828728326932,0.121828094642626
50,tiktok,media,7226.5174469943,23.1619148942125,312,60813.7484545321,0.118830324238231,8.41536035865051,0.118830324238231
51,tiktok,media,7381.54663580024,23.6588033198726,312,60813.7484545321,0.121379569972062,8.23861874144202,0.121379569972062
52,tiktok,media,7464.7587989375,23.9255089709535,312,60813.7484545321,0.122747881665584,8.14678010268571,0.122747881665584
53,tiktok,media,7464.42166178701,23.9244284031635,312,60813.7484545321,0.12274233790025,8.1471480591536,0.12274233790025
54,tiktok,media,7390.15951365776,23.686408697621,312,60813.7484545321,0.121521197121784,8.2290170248886,0.121521197121784
55,tiktok,media,7264.80868202765,23.2846432116271,312,60813.7484545321,0.119459971908478,8.371004814618,0.119459971908478
56,tiktok,media,7320.03754117878,23.4616587858294,312,60813.7484545321,0.120368135943004,8.30784652570771,0.120368135943004
57,tiktok,media,7317.87383724414,23.454723837321,312,60813.7484545321,0.120332556752613,8.310302938679,0.120332556752613
58,tiktok,media,7408.48974337955,23.7451594339088,312,60813.7484545321,0.121822613005323,8.20865663057402,0.121822613005323
59,tiktok,media,7411.33109193381,23.7542663203007,312,60813.7484545321,0.121869335146722,8.20550960416805,0.121869335146722
6,tiktok,media,7345.82276108299,23.5443037214198,312,60813.7484545321,0.120792139076498,8.27868442139848,0.120792139076498
60,tiktok,media,7447.3750773427,23.86979191456,312,60813.7484545321,0.122462029830488,8.16579638100235,0.122462029830488
61,tiktok,media,7299.20813816771,23.3948978787427,312,60813.7484545321,0.120025624528391,8.3315542321003,0.120025624528391
62,tiktok,media,7412.84003648016,23.7591026810262,312,60813.7484545321,0.121894147702841,8.20383930521295,0.121894147702841
63,tiktok,media,7301.22262495903,23.4013545671764,312,60813.7484545321,0.120058750044291,8.32925546560407,0.120058750044291
64,tiktok,media,7339.57532894029,23.5242799004496,312,60813.7484545321,0.120689408488407,8.28573122136109,0.120689408488407
65,tiktok,media,7322.78345655028,23.4704597966355,312,60813.7484545321,0.120413288814539,8.30473122896101,0.120413288814539
66,tiktok,media,7262.40023897694,23.2769238428748,312,60813.7484545321,0.1194203683137,8.37378090622819,0.1194203683137
67,tiktok,media,7332.69024135493,23.502212312035,312,60813.7484545321,0.120576192517343,8.29351117432379,0.120576192517343
68,tiktok,media,7279.45575910978,23.3315889715057,312,60813.7484545321,0.119700823318798,8.35416141906318,0.119700823318798
69,tiktok,media,7418.51888589875,23.7773041214704,312,60813.7484545321,0.121987528715571,8.19755929584919,0.121987528715571
7,tiktok,media,7437.81234452902,23.8391421299007,312,60813.7484545321,0.122304783598234,8.17629507677274,0.122304783598234
70,tiktok,media,7331.98334649188,23.4999466233714,312,60813.7484545321,0.120564568585567,8.29431077249099,0.120564568585567
71,tiktok,media,7348.73363832789,23.5536334561791,312,60813.7484545321,0.120840004523356,8.27540518509929,0.120840004523356
72,tiktok,media,7459.98896699728,23.9102210480682,312,60813.7484545321,0.12266944821819,8.15198906105223,0.12266944821819
73,tiktok,media,7423.18731751925,23.7922670433309,312,60813.7484545321,0.122064294771589,8.19240386282687,0.122064294771589
74,tiktok,media,7317.96669814597,23.4550214684166,312,60813.7484545321,0.12033408372479,8.31019748558564,0.12033408372479
75,tiktok,media,7236.09581693256,23.1926147978608,312,60813.7484545321,0.11898782760189,8.40422100440228,0.11898782760189
76,tiktok,media,7467.59996637972,23.9346152768581,312,60813.7484545321,0.122794600828839,8.14368053033437,0.122794600828839
77,tiktok,media,7089.04599193071,22.7213012561882,312,60813.7484545321,0.116569791734362,8.57855182823682,0.116569791734362
78,tiktok,media,7325.02779718468,23.4776531961047,312,60813.7484545321,0.120450193966604,8.30218671359929,0.120450193966604
79,tiktok,media,7292.81438151642,23.3744050689629,312,60813.7484545321,0.119920487831283,8.33885867281417,0.119920487831283
8,tiktok,media,7328.69135950965,23.4893953830437,312,60813.7484545321,0.120510436303544,8.298036507653,0.120510436303544
80,tiktok,media,7289.78823837168,23.3647058922169,312,60813.7484545321,0.119870726992301,8.34232030697727,0.119870726992301
9,tiktok,media,7378.1870670883,23.6480354714369,312,60813.7484545321,0.121324326399723,8.24237009736477,0.121324326399723
1,tv,media,25694.7435196769,82.3549471784517,312,515319.091887645,0.0498618116894438,20.0554285156813,0.0498618116894438
10,tv,media,25778.5230381285,82.6234712760529,312,515319.091887645,0.0500243896334215,19.990248903145,0.0500243896334215
11,tv,media,25972.5591137935,83.2453817749792,312,515319.091887645,0.0504009254123584,19.8409055353336,0.0504009254123584
12,tv,media,25668.2764302658,82.2701167636724,312,515319.091887645,0.0498104511056272,20.0761080818043,0.0498104511056272
13,tv,media,25413.8276502358,81.454575802038,312,515319.091887645,0.0493166817420706,20.2771144504422,0.0493166817420706
14,tv,media,24901.1921395088,79.8115132676562,312,515319.091887645,0.0483218893526614,20.6945550638931,0.0483218893526614
15,tv,media,25712.5255146221,82.4119407519939,312,515319.091887645,0.0498963184547181,20.041558795716,0.0498963184547181
16,tv,media,25232.9489917921,80.8748365121541,312,515319.091887645,0.0489656785262161,20.4224679428184,0.0489656785262161
17,tv,media,25314.9344507178,81.1376104189673,312,515319.091887645,0.0491247750165585,20.3563273249176,0.0491247750165585
18,tv,media,25571.3294279569,81.9593891921694,312,515319.091887645,0.0496223210638044,20.1522213907366,0.0496223210638044
19,tv,media,26182.7164000562,83.9189628206929,312,515319.091887645,0.0508087451294446,19.6816512089074,0.0508087451294446
2,tv,media,25741.9840895443,82.5063592613601,312,515319.091887645,0.0499534841514408,20.0186236653356,0.0499534841514408
20,tv,media,25508.9088496159,81.7593232359482,312,515319.091887645,0.0495011911089402,20.2015340964067,0.0495011911089402
21,tv,media,25920.6346823583,83.078957315251,312,515319.091887645,0.0503001637051898,19.8806510026691,0.0503001637051898
22,tv,media,25661.6351575231,82.2488306330869,312,515319.091887645,0.0497975634155586,20.0813038110929,0.0497975634155586
23,tv,media,25662.7379728571,82.2523652976187,312,515319.091887645,0.0497997034785823,20.0804408490118,0.0497997034785823
24,tv,media,25525.1136800252,81.8112617949524,312,515319.091887645,0.049532637315115,20.1887089847091,0.049532637315115
25,tv,media,25439.9044247826,81.5381552076364,312,515319.091887645,0.0493672849022431,20.2563297126872,0.0493672849022431
26,tv,media,25891.7735376935,82.9864536464534,312,515319.091887645,0.0502441573488968,19.902811645461,0.0502441573488968
27,tv,media,25435.9977280111,81.5256337436253,312,515319.091887645,0.0493597037805013,20.259440867938,0.0493597037805013
28,tv,media,25203.5839988719,80.7807179451023,312,515319.091887645,0.0489086944296002,20.4462624010423,0.0489086944296002
29,tv,media,25625.3383780166,82.1324948013354,312,515319.091887645,0.0497271278736238,20.1097477928223,0.0497271278736238
3,tv,media,25260.6288295859,80.9635539409804,312,515319.091887645,0.0490193925031084,20.4000896163001,0.0490193925031084
30,tv,media,26098.0140625757,83.647480969794,312,515319.091887645,0.0506443764134123,19.7455289376446,0.0506443764134123
31,tv,media,25374.2055642751,81.3275819367793,312,515319.091887645,0.0492397932925945,20.3087773756028,0.0492397932925945
32,tv,media,25686.5796089248,82.3287807978359,312,515319.091887645,0.0498459692514657,20.0618026897049,0.0498459692514657
33,tv,media,25591.4422471227,82.0238533561624,312,515319.091887645,0.0496613508988764,20.1363833625119,0.0496613508988764
34,tv,media,25898.1504854399,83.0068925815383,312,515319.091887645,0.0502565321043578,19.8979109406813,0.0502565321043578
35,tv,media,25499.7890340874,81.7300930579724,312,515319.091887645,0.0494834936945187,20.2087590292916,0.0494834936945187
36,tv,media,25697.9600376023,82.3652565307765,312,515319.091887645,0.0498680534879255,20.0529182524064,0.0498680534879255
37,tv,media,25644.6463613359,82.194379363256,312,515319.091887645,0.0497645958883417,20.0946070624934,0.0497645958883417
38,tv,media,25846.3042809307,82.8407188491369,312,515319.091887645,0.0501559222000763,19.9378250091966,0.0501559222000763
39,tv,media,25924.0930015475,83.0900416716266,312,515319.091887645,0.050306874729958,19.8779988891756,0.050306874729958
4,tv,media,26129.4628972334,83.7482785167739,312,515319.091887645,0.0507054042991492,19.7217636625132,0.0507054042991492
40,tv,media,25402.8744378003,81.4194693519239,312,515319.091887645,0.0492954265380465,20.2858575374775,0.0492954265380465
41,tv,media,25601.1941957816,82.0551096018642,312,515319.091887645,0.049680274996222,20.128713057165,0.049680274996222
42,tv,media,25422.3640563174,81.4819360779404,312,515319.091887645,0.0493332470240793,20.2703057334115,0.0493332470240793
43,tv,media,25292.3379073437,81.0651856004605,312,515319.091887645,0.0490809254023489,20.3745139644849,0.0490809254023489
44,tv,media,25345.5094870692,81.2356073303501,312,515319.091887645,0.0491841072571697,20.3317708863004,0.0491841072571697
45,tv,media,25671.4289457399,82.2802209799357,312,515319.091887645,0.0498165687044583,20.0736426856815,0.0498165687044583
46,tv,media,25769.1348361778,82.5933808851851,312,515319.091887645,0.0500061714030114,19.9975317434476,0.0500061714030114
47,tv,media,25926.8588543383,83.0989065844176,312,515319.091887645,0.0503122419923675,19.8758783230471,0.0503122419923675
48,tv,media,25705.6480631346,82.389897638252,312,515319.091887645,0.0498829724491155,20.0469208409759,0.0498829724491155
49,tv,media,25347.5122197421,81.2420263453271,312,515319.091887645,0.0491879936504828,20.3301644524422,0.0491879936504828
5,tv,media,25671.569580975,82.2806717338941,312,515319.091887645,0.0498168416134912,20.0735327172806,0.0498168416134912
50,tv,media,25466.4348089556,81.6231884902422,312,515319.091887645,0.0494187683124071,20.2352271039693,0.0494187683124071
51,tv,media,25548.9254058981,81.8875814291605,312,515319.091887645,0.0495788450459128,20.1698930072684,0.0495788450459128
52,tv,media,25580.3587054349,81.9883291840863,312,515319.091887645,0.0496398427850451,20.1451081207144,0.0496398427850451
53,tv,media,25264.11547183,80.9747290763781,312,515319.091887645,0.0490261584900454,20.3972742470338,0.0490261584900454
54,tv,media,25317.7425699094,81.1466108009917,312,515319.091887645,0.04913022429883,20.3540695014456,0.04913022429883
55,tv,media,26174.9669006815,83.8941246816714,312,515319.091887645,0.0507937068754837,19.687478262837,0.0507937068754837
56,tv,media,26009.1340027502,83.3626089831738,312,515319.091887645,0.0504719006382573,19.8130046095789,0.0504719006382573
57,tv,media,25605.1932482549,82.0679270777401,312,515319.091887645,0.0496880353383794,20.1255693285098,0.0496880353383794
58,tv,media,26333.571895326,84.4024740234808,312,515319.091887645,0.0511014870395439,19.5689021578994,0.0511014870395439
59,tv,media,25665.3756199457,82.2608192946978,312,515319.091887645,0.0498048219520295,20.0783771692462,0.0498048219520295
6,tv,media,25805.0670528414,82.7085482462866,312,515319.091887645,0.0500758994942645,19.9696862183082,0.0500758994942645
60,tv,media,25283.9186974747,81.0382009534447,312,515319.091887645,0.0490645875448903,20.3812984076362,0.0490645875448903
61,tv,media,26079.2242016143,83.5872570564561,312,515319.091887645,0.0506079138385588,19.7597554246168,0.0506079138385588
62,tv,media,25943.2929906145,83.1515800981235,312,515319.091887645,0.0503441331769461,19.8632876741619,0.0503441331769461
63,tv,media,25506.4798474102,81.7515379724687,312,515319.091887645,0.0494964775203233,20.2034579044418,0.0494964775203233
64,tv,media,25857.9511603099,82.878048590737,312,515319.091887645,0.0501785234961714,19.9288446595345,0.0501785234961714
65,tv,media,25534.866124121,81.8425196285929,312,515319.091887645,0.0495515623738783,20.180998380127,0.0495515623738783
66,tv,media,25533.8077556022,81.8391274218018,312,515319.091887645,0.0495495085619092,20.181834876335,0.0495495085619092
67,tv,media,25115.4518347919,80.4982430602303,312,515319.091887645,0.0487376699799583,20.5180099994771,0.0487376699799583
68,tv,media,25548.1765879129,81.8851813715158,312,515319.091887645,0.0495773919307519,20.1704841875661,0.0495773919307519
69,tv,media,25265.526859923,80.9792527561636,312,515319.091887645,0.0490288973524615,20.3961348102762,0.0490288973524615
7,tv,media,25840.4276852387,82.8218836065345,312,515319.091887645,0.0501445184004025,19.9423592428395,0.0501445184004025
70,tv,media,25724.0046883378,82.4487329754415,312,515319.091887645,0.0499185943103896,20.0326153773899,0.0499185943103896
71,tv,media,25359.7063329563,81.2811100415266,312,515319.091887645,0.0492116568785801,20.3203887742959,0.0492116568785801
72,tv,media,25345.1296761339,81.2343899876085,312,515319.091887645,0.049183370216875,20.332075569252,0.049183370216875
73,tv,media,25699.3840849392,82.3698207850616,312,515319.091887645,0.0498708169161768,20.0518070855107,0.0498708169161768
74,tv,media,25489.9985091154,81.6987131702416,312,515319.091887645,0.0494644947380932,20.2165210681893,0.0494644947380932
75,tv,media,25873.406362251,82.9275844943941,312,515319.091887645,0.0502085150144061,19.9169403778039,0.0502085150144061
76,tv,media,25391.8142486951,81.3840200278688,312,515319.091887645,0.0492739637409577,20.2946936694029,0.0492739637409577
77,tv,media,25520.1772757097,81.7954399862491,312,515319.091887645,0.0495230579993218,20.1926141155034,0.0495230579993218
78,tv,media,25254.200833051,80.9429513879839,312,515319.091887645,0.0490069186851651,20.4052820872966,0.0490069186851651
79,tv,media,25544.1267448934,81.8722011054275,312,515319.091887645,0.0495695330272427,20.1736820770616,0.0495695330272427
8,tv,media,25732.4913306363,82.4759337520393,312,515319.091887645,0.049935063023527,20.0260085689458,0.049935063023527
80,tv,media,25434.3849796115,81.5204646782419,312,515319.091887645,0.049356574169305,20.260725482481,0.049356574169305
9,tv,media,25562.0245609555,81.9295659004984,312,515319.091887645,0.0496042645486319,20.1595570279971,0.0496042645486319
