period_granularity,period_start,period_label,period_sort,channel,role,contribution,n_variables,n_rows,period_model_contribution,share_of_period_model_contribution,contribution_change,actual_change,actual_pct_change,due_to_pct_of_actual_change
week,2024-01-07,2024-01-07,1,Baseline,baseline_control,2491.09147424083,1,4,3576.69423704087,0.696478734033973,,,,
week,2024-01-14,2024-01-14,2,Baseline,baseline_control,2514.2665631615,1,4,3626.0757412522,0.693385009738723,23.1750889206746,87.3752848467811,0.0245157275017947,0.265236204509248
week,2024-01-21,2024-01-21,3,Baseline,baseline_control,2536.81349505227,1,4,3663.06712991938,0.692538084910311,22.5469318907676,-1.63344535521992,-0.000447344561057439,-13.8032973179761
week,2024-01-28,2024-01-28,4,Baseline,baseline_control,2558.42965814737,1,4,3721.88078405762,0.687402366326776,21.6161630950937,58.9601633192751,0.016154389564601,0.36662318891554
week,2024-02-04,2024-02-04,5,Baseline,baseline_control,2578.82601338597,1,4,3753.24300715107,0.687092737793027,20.3963552386012,102.786051353738,0.0277144560264828,0.19843504998949
week,2024-02-11,2024-02-11,6,Baseline,baseline_control,2597.73130925257,1,4,3695.814360214,0.70288468414906,18.9052958666075,-110.029182930042,-0.0288673952651393,-0.171820742126457
week,2024-02-18,2024-02-18,7,Baseline,baseline_control,2614.8960372349,1,4,3744.5650771508,0.698317690668779,17.1647279823264,46.0817832827529,0.0124494582385213,0.372484022091886
week,2024-02-25,2024-02-25,8,Baseline,baseline_control,2630.09607021983,1,4,3750.55933922062,0.701254354974791,15.2000329849316,72.7531530982233,0.0194133124080862,0.208926106122303
week,2024-03-03,2024-03-03,9,Baseline,baseline_control,2643.13593077142,1,4,3790.13181954896,0.697373087959238,13.0398605515916,-38.5148924161208,-0.0100815245401842,-0.33856671364175
week,2024-03-10,2024-03-10,10,Baseline,baseline_control,2653.85164163209,1,4,3867.23578744631,0.686239936609745,10.7157108606684,47.3494633775094,0.0125202544193301,0.22631113631075
week,2024-03-17,2024-03-17,11,Baseline,baseline_control,2662.11311688028,1,4,3886.58876619421,0.684948492630737,8.2614752481868,65.5302212176544,0.0171133884035275,0.126071224767376
week,2024-03-24,2024-03-24,12,Baseline,baseline_control,2667.82605887611,1,4,3904.63794442323,0.683245437054264,5.7129419958319,-69.2158191615918,-0.0177717569522101,-0.082538096999104
week,2024-03-31,2024-03-31,13,Baseline,baseline_control,2670.93333333333,1,4,3795.87441601827,0.703641122072485,3.1072744572225,-44.1983755257138,-0.0115536416136582,-0.0703029109161432
week,2024-04-07,2024-04-07,14,Baseline,baseline_control,2671.41580246585,1,4,3889.41909001797,0.686841849807836,0.482469132521146,132.074791506062,0.0349284579459359,0.00365299938784309
week,2024-04-14,2024-04-14,15,Baseline,baseline_control,2669.29260405977,1,4,3911.1983200615,0.682474368627208,-2.12319840608825,33.1909665082244,0.0084814293465536,-0.0639691647895262
week,2024-04-21,2024-04-21,16,Baseline,baseline_control,2664.62087240132,1,4,3902.09791116215,0.682868788294378,-4.67173165844315,-35.8668956397255,-0.0090881405179597,0.130251909877275
week,2024-04-28,2024-04-28,17,Baseline,baseline_control,2657.4949051304,1,4,3899.31862820662,0.681528020282003,-7.12596727092523,35.992921322003,0.00920371824534527,-0.197982464584474
week,2024-05-05,2024-05-05,18,Baseline,baseline_control,2648.04478816855,1,4,3874.33022696945,0.683484533593793,-9.45011696184747,-79.7409291411227,-0.02020452607085,0.118510243906526
week,2024-05-12,2024-05-12,19,Baseline,baseline_control,2636.43449877336,1,4,3816.74350919773,0.690754957051734,-11.6102893951884,-40.4311881183535,-0.0104555877418613,0.287161716870694
week,2024-05-19,2024-05-19,20,Baseline,baseline_control,2622.85951438078,1,4,3789.69098555961,0.692103795368813,-13.5749843925828,42.1603442190431,0.0110179501824808,-0.321984666967003
week,2024-05-26,2024-05-26,21,Baseline,baseline_control,2607.54396210392,1,4,3753.10970863105,0.694768915522861,-15.3155522768639,-38.5108411384326,-0.00995453079384401,0.397694566623719
week,2024-06-02,2024-06-02,22,Baseline,baseline_control,2590.73735045506,1,4,3681.70492515783,0.703678704056925,-16.8066116488576,-126.800985956077,-0.0331058909244157,0.132543225292265
week,2024-06-09,2024-06-09,23,Baseline,baseline_control,2572.71093094971,1,4,3756.44391132523,0.684879367742799,-18.0264195053501,49.1079517466387,0.0132603673535929,-0.367077405271417
week,2024-06-16,2024-06-16,24,Baseline,baseline_control,2553.75374264868,1,4,3754.34495512099,0.680212866205947,-18.9571883010244,-65.277264937647,-0.0173958089221429,0.29041027253719
week,2024-06-23,2024-06-23,25,Baseline,baseline_control,2534.16839731775,1,4,3724.88668003301,0.680334360479202,-19.5853453309305,32.2987020486885,0.00875969806965427,-0.606381807584921
week,2024-06-30,2024-06-30,26,Baseline,baseline_control,2514.26666666667,1,4,3586.69436787584,0.700998303392018,-19.9017306510864,-68.1050434258914,-0.0183103066692605,0.292221099201596
week,2024-07-07,2024-07-07,27,Baseline,baseline_control,2494.36493601558,1,4,3583.43265832957,0.696082548172774,-19.9017306510859,-41.8288370712844,-0.011455601640836,0.475789719354845
week,2024-07-14,2024-07-14,28,Baseline,baseline_control,2474.77959068465,1,4,3531.12256463624,0.700847831074815,-19.585345330931,-51.2114425956706,-0.0141877309093007,0.382440804988897
week,2024-07-21,2024-07-21,29,Baseline,baseline_control,2455.82240238363,1,4,3544.54211474954,0.6928461626015,-18.957188301024,-40.4126822619746,-0.0113571507483741,0.469090078657345
week,2024-07-28,2024-07-28,30,Baseline,baseline_control,2437.79598287828,1,4,3549.11204948844,0.686874899661072,-18.0264195053501,24.7980765931334,0.00704904497751979,-0.726928132415787
week,2024-08-04,2024-08-04,31,Baseline,baseline_control,2420.98937122942,1,4,3420.24675534932,0.707840557831962,-16.8066116488576,-139.89737539968,-0.0394885538664869,0.120135289177813
week,2024-08-11,2024-08-11,32,Baseline,baseline_control,2405.67381895255,1,4,3415.56478866786,0.704326800338874,-15.3155522768634,-65.6904063550956,-0.0193046115206539,0.23314747353021
week,2024-08-18,2024-08-18,33,Baseline,baseline_control,2392.09883455997,1,4,3410.68867583558,0.70135361562249,-13.5749843925837,39.5707703296439,0.0118576735506308,-0.343055853588329
week,2024-08-25,2024-08-25,34,Baseline,baseline_control,2380.48854516478,1,4,3400.76649483263,0.69998588517673,-11.6102893951879,-57.6962583615509,-0.0170865037089938,0.201231236216958
week,2024-09-01,2024-09-01,35,Baseline,baseline_control,2371.03842820294,1,4,3350.52699846657,0.707661340824319,-9.45011696184793,28.6467320310353,0.0086310839860837,-0.329884642744235
week,2024-09-08,2024-09-08,36,Baseline,baseline_control,2363.91246093201,1,4,3443.52947604516,0.686479519741741,-7.12596727092478,145.098556391382,0.0433432028603071,-0.0491112210083161
week,2024-09-15,2024-09-15,37,Baseline,baseline_control,2359.24072927357,1,4,3411.53219941741,0.691548721034044,-4.67173165844315,-53.7459730085893,-0.015387804057835,0.0869224501284319
week,2024-09-22,2024-09-22,38,Baseline,baseline_control,2357.11753086748,1,4,3407.92205338455,0.69165828735036,-2.12319840608825,-18.3878970467713,-0.00534684470400049,0.115467168468896
week,2024-09-29,2024-09-29,39,Baseline,baseline_control,2357.6,1,4,3305.31856616622,0.713274667117651,0.482469132521146,-124.403251925774,-0.0363685155909225,-0.00387826785114117
week,2024-10-06,2024-10-06,40,Baseline,baseline_control,2360.70727445722,1,4,3379.93111538134,0.69844833929134,3.10727445722205,96.2740839826452,0.0292073568167055,0.0322752949566592
week,2024-10-13,2024-10-13,41,Baseline,baseline_control,2366.42021645305,1,4,3387.49649644595,0.698574956147061,5.71294199583235,-55.2831900317824,-0.016295702021086,-0.103339586455629
week,2024-10-20,2024-10-20,42,Baseline,baseline_control,2374.68169170124,1,4,3437.91615876927,0.69073286899217,8.26147524818634,83.4603131921963,0.0250089478241293,0.0989868709114647
week,2024-10-27,2024-10-27,43,Baseline,baseline_control,2385.39740256191,1,4,3475.09582520403,0.68642636708352,10.7157108606689,107.506704559776,0.0314284746358247,0.0996748147433977
week,2024-11-03,2024-11-03,44,Baseline,baseline_control,2398.4372631135,1,4,3498.14443977808,0.685631283785884,13.0398605515911,-1.66888708042461,-0.000473015736854432,-7.81350680015656
week,2024-11-10,2024-11-10,45,Baseline,baseline_control,2413.63729609843,1,4,3476.4458381239,0.694283014459669,15.200032984932,-110.428736190225,-0.0313138318819147,-0.137645630198542
week,2024-11-17,2024-11-17,46,Baseline,baseline_control,2430.80202408076,1,4,3516.65976336112,0.691224681274674,17.1647279823264,50.1336163063161,0.0146757413193943,0.342379609670487
week,2024-11-24,2024-11-24,47,Baseline,baseline_control,2449.70731994737,1,4,3489.123124265,0.702098273033402,18.905295866607,13.7370544058667,0.00396312121769671,1.3762263224737
week,2024-12-01,2024-12-01,48,Baseline,baseline_control,2470.10367518597,1,4,3508.90916675214,0.703952014087702,20.3963552386017,100.640007591639,0.0289198901210643,0.202666471582185
week,2024-12-08,2024-12-08,49,Baseline,baseline_control,2491.71983828106,1,4,3597.64805911655,0.692596884780591,21.6161630950933,47.4689800644455,0.0132572765366219,0.455374500689638
week,2024-12-15,2024-12-15,50,Baseline,baseline_control,2514.26677017183,1,4,3677.84204642019,0.683625544120112,22.5469318907681,48.5901071697322,0.0133928356896766,0.46402309449552
week,2024-12-22,2024-12-22,51,Baseline,baseline_control,2537.4418590925,1,4,3688.46257689779,0.687940247783845,23.1750889206737,32.5195576630322,0.00884487060274997,0.712650804196481
week,2024-12-29,2024-12-29,52,Baseline,baseline_control,2560.93333333333,1,4,3612.44838040186,0.708919011058215,23.4914742408305,-79.0154860635157,-0.021302701400828,-0.297302154440297
week,2025-01-05,2025-01-05,53,Baseline,baseline_control,2584.42480757416,1,4,3706.82605459717,0.697206928382567,23.4914742408296,50.9681290741337,0.0140401829289341,0.460905170889459
week,2025-01-12,2025-01-12,54,Baseline,baseline_control,2607.59989649484,1,4,3734.49126330269,0.698247689616696,23.1750889206742,51.595905156812,0.0140163245522733,0.449165274845739
week,2025-01-19,2025-01-19,55,Baseline,baseline_control,2630.14682838561,1,4,3823.14618909199,0.687953506954511,22.5469318907681,99.6982097914183,0.0267092272209686,0.226151822965921
week,2025-01-26,2025-01-26,56,Baseline,baseline_control,2651.7629914807,1,4,3858.1112597288,0.687321544912394,21.6161630950933,16.3167398793603,0.00425755128121552,1.32478443947228
week,2025-02-02,2025-02-02,57,Baseline,baseline_control,2672.1593467193,1,4,3839.55129816057,0.695956151959596,20.3963552386017,-62.8493774230337,-0.0163298566199733,-0.324527562163673
week,2025-02-09,2025-02-09,58,Baseline,baseline_control,2691.06464258591,1,4,3852.95015124085,0.69844263147792,18.905295866607,89.3241315025134,0.023593952679325,0.211648247216096
week,2025-02-16,2025-02-16,59,Baseline,baseline_control,2708.22937056823,1,4,3862.5321972012,0.701153862880579,17.1647279823269,-12.1787933015198,-0.00314273997737913,-1.4093948027006
week,2025-02-23,2025-02-23,60,Baseline,baseline_control,2723.42940355317,1,4,3866.41605319544,0.704380844193517,15.2000329849316,0.125803688100859,3.25660126636596e-05,120.823429061518
week,2025-03-02,2025-03-02,61,Baseline,baseline_control,2736.46926410476,1,4,3849.01304062374,0.71095349255073,13.0398605515916,7.49833331052196,0.00194098336202053,1.73903453095284
week,2025-03-09,2025-03-09,62,Baseline,baseline_control,2747.18497496543,1,4,4019.33848586634,0.683491819518477,10.7157108606684,141.555638608666,0.0365714435550701,0.0756996398447414
week,2025-03-16,2025-03-16,63,Baseline,baseline_control,2755.44645021361,1,4,3999.95431903818,0.688869479608503,8.26147524818634,-15.4332072024827,-0.00384655437933945,-0.535305146869107
week,2025-03-23,2025-03-23,64,Baseline,baseline_control,2761.15939220944,1,4,4046.15922690798,0.682414911861856,5.71294199583235,16.742642802119,0.0041890298966758,0.341221040390905
week,2025-03-30,2025-03-30,65,Baseline,baseline_control,2764.26666666667,1,4,3942.36034093542,0.701170473425262,3.10727445722205,-32.0779927531753,-0.00799247267781855,-0.0968662372714848
week,2025-04-06,2025-04-06,66,Baseline,baseline_control,2764.74913579919,1,4,3998.33448772193,0.6914751990583,0.482469132521601,29.6654243561957,0.00745091438214929,0.0162636855191602
week,2025-04-13,2025-04-13,67,Baseline,baseline_control,2762.6259373931,1,4,3975.50089491207,0.694912668974309,-2.1231984060887,-42.0860285322069,-0.0104923569700551,0.0504490083796787
week,2025-04-20,2025-04-20,68,Baseline,baseline_control,2757.95420573466,1,4,3987.13032116662,0.691714085966393,-4.6717316584427,58.5793492089338,0.0147591212938427,-0.0797504875272705
week,2025-04-27,2025-04-27,69,Baseline,baseline_control,2750.82823846373,1,4,3976.32615011593,0.691801460597877,-7.12596727092523,-48.8257102218013,-0.0121227616074906,0.145947027468807
week,2025-05-04,2025-05-04,70,Baseline,baseline_control,2741.37812150188,1,4,3992.01923972896,0.68671465663778,-9.45011696184747,-28.7722989318759,-0.00723143655726,0.328444973556771
week,2025-05-11,2025-05-11,71,Baseline,baseline_control,2729.7678321067,1,4,3916.73666608905,0.696949543670096,-11.6102893951884,-21.6781870295667,-0.00548813718767272,0.535574740606914
week,2025-05-18,2025-05-18,72,Baseline,baseline_control,2716.19284771411,1,4,3857.05616785707,0.704213972912714,-13.5749843925832,-37.9522667592969,-0.00966117062349547,0.357685733995266
week,2025-05-25,2025-05-25,73,Baseline,baseline_control,2700.87729543725,1,4,3862.52769208923,0.699251244455506,-15.3155522768629,1.90634055239389,0.000490014251739224,-8.03400644110018
week,2025-06-01,2025-06-01,74,Baseline,baseline_control,2684.07068378839,1,4,3767.10338978778,0.712502526759586,-16.8066116488585,-36.0519654128875,-0.0092624187701883,0.466177404099324
week,2025-06-08,2025-06-08,75,Baseline,baseline_control,2666.04426428304,1,4,3910.91223508492,0.681693708277541,-18.0264195053496,53.5326260779302,0.0138821066913237,-0.336737067206597
week,2025-06-15,2025-06-15,76,Baseline,baseline_control,2647.08707598202,1,4,3865.59414740563,0.684781426875502,-18.9571883010244,-25.7877957617548,-0.00659574098820848,0.735122477165705
week,2025-06-22,2025-06-22,77,Baseline,baseline_control,2627.50173065109,1,4,3775.80012291426,0.695879454716239,-19.5853453309305,-118.116298135852,-0.0304111736126886,0.165814080190732
week,2025-06-29,2025-06-29,78,Baseline,baseline_control,2607.6,1,4,3685.9455360884,0.707443985395193,-19.9017306510864,-92.3910898331546,-0.0245338576563212,0.215407467181371
week,2024-01-07,2024-01-07,1,Display,media,82.5957659976545,1,4,3576.69423704087,0.0230927668186669,,,,
week,2024-01-14,2024-01-14,2,Display,media,75.2660112515844,1,4,3626.0757412522,0.0207568778542923,-7.32975474607011,87.3752848467811,0.0245157275017947,-0.0838881928559473
week,2024-01-21,2024-01-21,3,Display,media,95.892151883041,1,4,3663.06712991938,0.0261781038899911,20.6261406314567,-1.63344535521992,-0.000447344561057439,-12.6273833192783
week,2024-01-28,2024-01-28,4,Display,media,98.7777258615036,1,4,3721.88078405762,0.0265397339658514,2.88557397846253,58.9601633192751,0.016154389564601,0.0489410784504931
week,2024-02-04,2024-02-04,5,Display,media,102.74787307852,1,4,3753.24300715107,0.0273757582130316,3.97014721701598,102.786051353738,0.0277144560264828,0.0386253500813328
week,2024-02-11,2024-02-11,6,Display,media,95.3601817265952,1,4,3695.814360214,0.0258022109425089,-7.38769135192433,-110.029182930042,-0.0288673952651393,0.0671430174722056
week,2024-02-18,2024-02-18,7,Display,media,76.185228340462,1,4,3744.5650771508,0.0203455479530431,-19.1749533861332,46.0817832827529,0.0124494582385213,-0.416107017136853
week,2024-02-25,2024-02-25,8,Display,media,63.5205470253356,1,4,3750.55933922062,0.0169362863722976,-12.6646813151264,72.7531530982233,0.0194133124080862,-0.174077421744566
week,2024-03-03,2024-03-03,9,Display,media,79.7129545813153,1,4,3790.13181954896,0.0210317103405658,16.1924075559797,-38.5148924161208,-0.0100815245401842,-0.420419389493146
week,2024-03-10,2024-03-10,10,Display,media,82.1582870070589,1,4,3867.23578744631,0.0212447059146893,2.44533242574353,47.3494633775094,0.0125202544193301,0.0516443535219671
week,2024-03-17,2024-03-17,11,Display,media,82.5260800031946,1,4,3886.58876619421,0.0212335507993569,0.36779299613579,65.5302212176544,0.0171133884035275,0.00561257064758244
week,2024-03-24,2024-03-24,12,Display,media,80.3206559179277,1,4,3904.63794442323,0.0205705771088572,-2.20542408526698,-69.2158191615918,-0.0177717569522101,0.0318630063471211
week,2024-03-31,2024-03-31,13,Display,media,94.1974024811999,1,4,3795.87441601827,0.0248157320705065,13.8767465632722,-44.1983755257138,-0.0115536416136582,-0.313965081255057
week,2024-04-07,2024-04-07,14,Display,media,102.29387509031,1,4,3889.41909001797,0.0263005535589731,8.09647260911011,132.074791506062,0.0349284579459359,0.0613021797481961
week,2024-04-14,2024-04-14,15,Display,media,101.980474968988,1,4,3911.1983200615,0.0260739718683926,-0.313400121322076,33.1909665082244,0.0084814293465536,-0.00944233188402086
week,2024-04-21,2024-04-21,16,Display,media,93.6984992227805,1,4,3902.09791116215,0.0240123393507762,-8.28197574620744,-35.8668956397255,-0.0090881405179597,0.2309086303258
week,2024-04-28,2024-04-28,17,Display,media,79.0059055442264,1,4,3899.31862820662,0.0202614643934761,-14.692593678554,35.992921322003,0.00920371824534527,-0.408207868072444
week,2024-05-05,2024-05-05,18,Display,media,78.4866431844484,1,4,3874.33022696945,0.0202581191035545,-0.519262359778068,-79.7409291411227,-0.02020452607085,0.00651186743584459
week,2024-05-12,2024-05-12,19,Display,media,74.4650729160206,1,4,3816.74350919773,0.01951010664892,-4.02157026842774,-40.4311881183535,-0.0104555877418613,0.0994670316552526
week,2024-05-19,2024-05-19,20,Display,media,63.4994095897298,1,4,3789.69098555961,0.0167558278054043,-10.9656633262909,42.1603442190431,0.0110179501824808,-0.260094255144574
week,2024-05-26,2024-05-26,21,Display,media,79.2162218427535,1,4,3753.10970863105,0.0211068228729311,15.7168122530237,-38.5108411384326,-0.00995453079384401,-0.408113969687845
week,2024-06-02,2024-06-02,22,Display,media,75.2172201410994,1,4,3681.70492515783,0.0204299968819133,-3.99900170165409,-126.800985956077,-0.0331058909244157,0.0315376230831465
week,2024-06-09,2024-06-09,23,Display,media,101.558438169781,1,4,3756.44391132523,0.0270357925120604,26.3412180286821,49.1079517466387,0.0132603673535929,0.536394149863622
week,2024-06-16,2024-06-16,24,Display,media,105.635194715324,1,4,3754.34495512099,0.0281367844399157,4.07675654554298,-65.277264937647,-0.0173958089221429,-0.0624529313450419
week,2024-06-23,2024-06-23,25,Display,media,99.631203769488,1,4,3724.88668003301,0.0267474455809768,-6.00399094583636,32.2987020486885,0.00875969806965427,-0.18588954245857
week,2024-06-30,2024-06-30,26,Display,media,95.3340362815432,1,4,3586.69436787584,0.0265799163528961,-4.29716748794482,-68.1050434258914,-0.0183103066692605,0.0630961713227713
week,2024-07-07,2024-07-07,27,Display,media,78.6544458560272,1,4,3583.43265832957,0.0219494695046655,-16.6795904255161,-41.8288370712844,-0.011455601640836,0.398758167650963
week,2024-07-14,2024-07-14,28,Display,media,69.7013126974702,1,4,3531.12256463624,0.0197391371785053,-8.95313315855694,-51.2114425956706,-0.0141877309093007,0.174826810274504
week,2024-07-21,2024-07-21,29,Display,media,71.2329406165852,1,4,3544.54211474954,0.0200965141083162,1.53162791911497,-40.4126822619746,-0.0113571507483741,-0.0378996847867264
week,2024-07-28,2024-07-28,30,Display,media,82.3094337495023,1,4,3549.11204948844,0.0231915568180966,11.0764931329172,24.7980765931334,0.00704904497751979,0.446667429682198
week,2024-08-04,2024-08-04,31,Display,media,75.335742965021,1,4,3420.24675534932,0.0220264057987029,-6.97369078448134,-139.89737539968,-0.0394885538664869,0.0498486177067858
week,2024-08-11,2024-08-11,32,Display,media,79.803593465456,1,4,3415.56478866786,0.0233646844382013,4.46785050043501,-65.6904063550956,-0.0193046115206539,-0.0680137442944656
week,2024-08-18,2024-08-18,33,Display,media,100.293947009382,1,4,3410.68867583558,0.0294057759419542,20.4903535439256,39.5707703296439,0.0118576735506308,0.517815381738363
week,2024-08-25,2024-08-25,34,Display,media,105.076779765287,1,4,3400.76649483263,0.0308979695974271,4.78283275590572,-57.6962583615509,-0.0170865037089938,-0.0828967578093941
week,2024-09-01,2024-09-01,35,Display,media,100.593497985345,1,4,3350.52699846657,0.0300231868095329,-4.48328177994212,28.6467320310353,0.0086310839860837,-0.156502381321717
week,2024-09-08,2024-09-08,36,Display,media,90.4359627073111,1,4,3443.52947604516,0.0262625783622376,-10.1575352780342,145.098556391382,0.0433432028603071,-0.0700043855063295
week,2024-09-15,2024-09-15,37,Display,media,76.4918884282296,1,4,3411.53219941741,0.0224215642582216,-13.9440742790815,-53.7459730085893,-0.015387804057835,0.259444075500374
week,2024-09-22,2024-09-22,38,Display,media,74.9325604392402,1,4,3407.92205338455,0.0219877565464919,-1.55932798898942,-18.3878970467713,-0.00534684470400049,0.0848018664137139
week,2024-09-29,2024-09-29,39,Display,media,69.3630843483643,1,4,3305.31856616622,0.0209852947484023,-5.56947609087582,-124.403251925774,-0.0363685155909225,0.0447695378107871
week,2024-10-06,2024-10-06,40,Display,media,80.5222840274825,1,4,3379.93111538134,0.023823646482333,11.1591996791182,96.2740839826452,0.0292073568167055,0.115910733371712
week,2024-10-13,2024-10-13,41,Display,media,72.4793663055864,1,4,3387.49649644595,0.0213961450238042,-8.04291772189617,-55.2831900317824,-0.016295702021086,0.145485774559541
week,2024-10-20,2024-10-20,42,Display,media,78.7602501258838,1,4,3437.91615876927,0.0229092992640283,6.2808838202974,83.4603131921963,0.0250089478241293,0.0752559339890505
week,2024-10-27,2024-10-27,43,Display,media,94.229620087247,1,4,3475.09582520403,0.0271156897038126,15.4693699613632,107.506704559776,0.0314284746358247,0.143892141654866
week,2024-11-03,2024-11-03,44,Display,media,96.5042492499468,1,4,3498.14443977808,0.0275872683107587,2.27462916269985,-1.66888708042461,-0.000473015736854432,-1.36296169428139
week,2024-11-10,2024-11-10,45,Display,media,99.5975557913298,1,4,3476.4458381239,0.0286492470842228,3.09330654138299,-110.428736190225,-0.0313138318819147,-0.0280117897578258
week,2024-11-17,2024-11-17,46,Display,media,100.817835323664,1,4,3516.65976336112,0.0286686350422781,1.22027953233416,50.1336163063161,0.0146757413193943,0.0243405447729575
week,2024-11-24,2024-11-24,47,Display,media,85.3179328836466,1,4,3489.123124265,0.0244525429011965,-15.4999024400173,13.7370544058667,0.00396312121769671,-1.12832795023348
week,2024-12-01,2024-12-01,48,Display,media,75.0988391078674,1,4,3508.90916675214,0.0214023320465087,-10.2190937757792,100.640007591639,0.0289198901210643,-0.10154106721896
week,2024-12-08,2024-12-08,49,Display,media,76.1067540400642,1,4,3597.64805911655,0.0211545856597083,1.00791493219674,47.4689800644455,0.0132572765366219,0.0212331280518006
week,2024-12-15,2024-12-15,50,Display,media,74.530097298447,1,4,3677.84204642019,0.0202646270170821,-1.57665674161717,48.5901071697322,0.0133928356896766,-0.0324481017526816
week,2024-12-22,2024-12-22,51,Display,media,70.4015935193799,1,4,3688.46257689779,0.0190869751425245,-4.12850377906713,32.5195576630322,0.00884487060274997,-0.12695448756858
week,2024-12-29,2024-12-29,52,Display,media,77.6561736534413,1,4,3612.44838040186,0.0214968258300213,7.25458013406143,-79.0154860635157,-0.021302701400828,-0.0918121307034663
week,2025-01-05,2025-01-05,53,Display,media,100.021974512172,1,4,3706.82605459717,0.0269831853556025,22.365800858731,50.9681290741337,0.0140401829289341,0.4388193419107
week,2025-01-12,2025-01-12,54,Display,media,100.952613565615,1,4,3734.49126330269,0.0270324942402824,0.930639053442576,51.595905156812,0.0140163245522733,0.018037071946197
week,2025-01-19,2025-01-19,55,Display,media,102.426795802935,1,4,3823.14618909199,0.0267912318119495,1.47418223731984,99.6982097914183,0.0267092272209686,0.0147864464206932
week,2025-01-26,2025-01-26,56,Display,media,99.9086141068832,1,4,3858.1112597288,0.025895731714566,-2.51818169605149,16.3167398793603,0.00425755128121552,-0.154331178573046
week,2025-02-02,2025-02-02,57,Display,media,73.7210704360115,1,4,3839.55129816057,0.0192004389865372,-26.1875436708717,-62.8493774230337,-0.0163298566199733,0.416671488956932
week,2025-02-09,2025-02-09,58,Display,media,81.8215391576513,1,4,3852.95015124085,0.0212360752010509,8.10046872163974,89.3241315025134,0.023593952679325,0.0906862298617682
week,2025-02-16,2025-02-16,59,Display,media,85.1299126954795,1,4,3862.5321972012,0.0220399231253437,3.3083735378282,-12.1787933015198,-0.00314273997737913,-0.271650356149434
week,2025-02-23,2025-02-23,60,Display,media,74.855088941508,1,4,3866.41605319544,0.019360329543336,-10.2748237539715,0.125803688100859,3.25660126636596e-05,-81.6734700634049
week,2025-03-02,2025-03-02,61,Display,media,80.6777925367431,1,4,3849.01304062374,0.0209606441145414,5.82270359523504,7.49833331052196,0.00194098336202053,0.776533044625316
week,2025-03-09,2025-03-09,62,Display,media,76.8536384056741,1,4,4019.33848586634,0.0191209669640722,-3.82415413106894,141.555638608666,0.0365714435550701,-0.0270152017161315
week,2025-03-16,2025-03-16,63,Display,media,101.819893551357,1,4,3999.95431903818,0.0254552640930759,24.9662551456824,-15.4332072024827,-0.00384655437933945,-1.61769713955931
week,2025-03-23,2025-03-23,64,Display,media,97.8944693453394,1,4,4046.15922690798,0.0241944184238516,-3.92542420601708,16.742642802119,0.0041890298966758,-0.234456665677671
week,2025-03-30,2025-03-30,65,Display,media,102.670699110531,1,4,3942.36034093542,0.0260429514888458,4.77622976519125,-32.0779927531753,-0.00799247267781855,-0.148894284063907
week,2025-04-06,2025-04-06,66,Display,media,101.676037691343,1,4,3998.33448772193,0.0254295977496553,-0.994661419187864,29.6654243561957,0.00745091438214929,-0.0335293170677374
week,2025-04-13,2025-04-13,67,Display,media,72.2890438768196,1,4,3975.50089491207,0.0181836316448417,-29.3869938145232,-42.0860285322069,-0.0104923569700551,0.698260083914414
week,2025-04-20,2025-04-20,68,Display,media,73.6153152745763,1,4,3987.13032116662,0.018463232787695,1.32627139775667,58.5793492089338,0.0147591212938427,0.0226405963136648
week,2025-04-27,2025-04-27,69,Display,media,76.3767069783223,1,4,3976.32615011593,0.0192078577297025,2.76139170374604,-48.8257102218013,-0.0121227616074906,-0.0565560990552278
week,2025-05-04,2025-05-04,70,Display,media,86.4637983027913,1,4,3992.01923972896,0.021659163724036,10.087091324469,-28.7722989318759,-0.00723143655726,-0.350583432639575
week,2025-05-11,2025-05-11,71,Display,media,67.1734307820821,1,4,3916.73666608905,0.0171503566639205,-19.2903675207092,-21.6781870295667,-0.00548813718767272,0.889851512693345
week,2025-05-18,2025-05-18,72,Display,media,78.5988887718004,1,4,3857.05616785707,0.0203779476759523,11.4254579897183,-37.9522667592969,-0.00966117062349547,-0.301048105036296
week,2025-05-25,2025-05-25,73,Display,media,98.8993661440139,1,4,3862.52769208923,0.0256048303152797,20.3004773722134,1.90634055239389,0.000490014251739224,10.6489248978736
week,2025-06-01,2025-06-01,74,Display,media,100.013134689469,1,4,3767.10338978778,0.0265490814402902,1.1137685454551,-36.0519654128875,-0.0092624187701883,-0.0308934210021449
week,2025-06-08,2025-06-08,75,Display,media,95.2150031722035,1,4,3910.91223508492,0.0243459830977609,-4.79813151726546,53.5326260779302,0.0138821066913237,-0.0896300418791443
week,2025-06-15,2025-06-15,76,Display,media,98.6662830517926,1,4,3865.59414740563,0.0255242219667608,3.45127987958907,-25.7877957617548,-0.00659574098820848,-0.133833845725875
week,2025-06-22,2025-06-22,77,Display,media,66.1096826497125,1,4,3775.80012291426,0.0175087876735083,-32.5566004020801,-118.116298135852,-0.0304111736126886,0.275631736821239
week,2025-06-29,2025-06-29,78,Display,media,81.8712640209423,1,4,3685.9455360884,0.0222117400323353,15.7615813712298,-92.3910898331546,-0.0245338576563212,-0.170596335639
week,2024-01-07,2024-01-07,1,Paid Search,media,296.311261390836,1,4,3576.69423704087,0.0828450076392288,,,,
week,2024-01-14,2024-01-14,2,Paid Search,media,286.390727743563,1,4,3626.0757412522,0.0789809006153475,-9.9205336472736,87.3752848467811,0.0245157275017947,-0.113539356863557
week,2024-01-21,2024-01-21,3,Paid Search,media,283.507581517515,1,4,3663.06712991938,0.0773962287510015,-2.88314622604815,-1.63344535521992,-0.000447344561057439,1.76507050991001
week,2024-01-28,2024-01-28,4,Paid Search,media,279.049416813766,1,4,3721.88078405762,0.0749753775051184,-4.4581647037482,58.9601633192751,0.016154389564601,-0.0756131674806732
week,2024-02-04,2024-02-04,5,Paid Search,media,294.812086865719,1,4,3753.24300715107,0.0785486274946791,15.7626700519528,102.786051353738,0.0277144560264828,0.15335417446581
week,2024-02-11,2024-02-11,6,Paid Search,media,292.400882807695,1,4,3695.814360214,0.0791167667822915,-2.41120405802468,-110.029182930042,-0.0288673952651393,0.0219142230616922
week,2024-02-18,2024-02-18,7,Paid Search,media,297.607489012349,1,4,3744.5650771508,0.0794771843673754,5.20660620465475,46.0817832827529,0.0124494582385213,0.112986213504533
week,2024-02-25,2024-02-25,8,Paid Search,media,277.813664945979,1,4,3750.55933922062,0.0740725955301669,-19.7938240663705,72.7531530982233,0.0194133124080862,-0.272068264033134
week,2024-03-03,2024-03-03,9,Paid Search,media,303.972685383546,1,4,3790.13181954896,0.0802010853067692,26.1590204375677,-38.5148924161208,-0.0100815245401842,-0.679192353828789
week,2024-03-10,2024-03-10,10,Paid Search,media,286.09656949121,1,4,3867.23578744631,0.073979603317679,-17.8761158923365,47.3494633775094,0.0125202544193301,-0.377535765290795
week,2024-03-17,2024-03-17,11,Paid Search,media,283.206831445524,1,4,3886.58876619421,0.0728677121461563,-2.88973804568565,65.5302212176544,0.0171133884035275,-0.0440977917057165
week,2024-03-24,2024-03-24,12,Paid Search,media,310.827212049163,1,4,3904.63794442323,0.0796046180140977,27.6203806036383,-69.2158191615918,-0.0177717569522101,-0.399047225593842
week,2024-03-31,2024-03-31,13,Paid Search,media,276.175581608256,1,4,3795.87441601827,0.0727567752091107,-34.651630440907,-44.1983755257138,-0.0115536416136582,0.784002353678073
week,2024-04-07,2024-04-07,14,Paid Search,media,297.896860547409,1,4,3889.41909001797,0.0765916075518704,21.7212789391537,132.074791506062,0.0349284579459359,0.164461958951166
week,2024-04-14,2024-04-14,15,Paid Search,media,298.311820709257,1,4,3911.1983200615,0.0762712080282768,0.41496016184783,33.1909665082244,0.0084814293465536,0.0125022018188294
week,2024-04-21,2024-04-21,16,Paid Search,media,288.229524241668,1,4,3902.09791116215,0.0738652721699197,-10.0822964675897,-35.8668956397255,-0.0090881405179597,0.281103125535702
week,2024-04-28,2024-04-28,17,Paid Search,media,294.40281404965,1,4,3899.31862820662,0.0755010918882131,6.17328980798203,35.992921322003,0.00920371824534527,0.171513997231678
week,2024-05-05,2024-05-05,18,Paid Search,media,292.988284118235,1,4,3874.33022696945,0.0756229507951401,-1.4145299314149,-79.7409291411227,-0.02020452607085,0.0177390700942488
week,2024-05-12,2024-05-12,19,Paid Search,media,294.295824058718,1,4,3816.74350919773,0.0771065237550057,1.30753994048376,-40.4311881183535,-0.0104555877418613,-0.0323398841670501
week,2024-05-19,2024-05-19,20,Paid Search,media,296.926547922996,1,4,3789.69098555961,0.078351123892269,2.63072386427712,42.1603442190431,0.0110179501824808,0.0623980641763562
week,2024-05-26,2024-05-26,21,Paid Search,media,293.083179426364,1,4,3753.10970863105,0.0780907573131579,-3.84336849663134,-38.5108411384326,-0.00995453079384401,0.099799650774072
week,2024-06-02,2024-06-02,22,Paid Search,media,314.089540747496,1,4,3681.70492515783,0.0853108945807305,21.0063613211314,-126.800985956077,-0.0331058909244157,-0.16566402195333
week,2024-06-09,2024-06-09,23,Paid Search,media,287.688249135725,1,4,3756.44391132523,0.076585264129295,-26.4012916117708,49.1079517466387,0.0132603673535929,-0.537617446314647
week,2024-06-16,2024-06-16,24,Paid Search,media,296.926363046431,1,4,3754.34495512099,0.0790887269539307,9.23811391070626,-65.277264937647,-0.0173958089221429,-0.141521154716432
week,2024-06-23,2024-06-23,25,Paid Search,media,295.788828070182,1,4,3724.88668003301,0.0794088125299858,-1.13753497624896,32.2987020486885,0.00875969806965427,-0.0352192163800944
week,2024-06-30,2024-06-30,26,Paid Search,media,307.222229422651,1,4,3586.69436787584,0.0856560938602078,11.4334013524692,-68.1050434258914,-0.0183103066692605,-0.167878923165367
week,2024-07-07,2024-07-07,27,Paid Search,media,305.756160989313,1,4,3583.43265832957,0.085324935653135,-1.46606843333876,-41.8288370712844,-0.011455601640836,0.0350492276617755
week,2024-07-14,2024-07-14,28,Paid Search,media,291.311134208804,1,4,3531.12256463624,0.0824981656332887,-14.4450267805085,-51.2114425956706,-0.0141877309093007,0.28206639079778
week,2024-07-21,2024-07-21,29,Paid Search,media,296.077979088105,1,4,3544.54211474954,0.0835306703949335,4.76684487930061,-40.4126822619746,-0.0113571507483741,-0.117954182016418
week,2024-07-28,2024-07-28,30,Paid Search,media,317.017627964,1,4,3549.11204948844,0.0893230823776595,20.9396488758955,24.7980765931334,0.00704904497751979,0.844406169859711
week,2024-08-04,2024-08-04,31,Paid Search,media,287.348242861483,1,4,3420.24675534932,0.0840138923930168,-29.6693851025176,-139.89737539968,-0.0394885538664869,0.212079640649109
week,2024-08-11,2024-08-11,32,Paid Search,media,299.830523949209,1,4,3415.56478866786,0.0877835855856066,12.4822810877265,-65.6904063550956,-0.0193046115206539,-0.190016804284211
week,2024-08-18,2024-08-18,33,Paid Search,media,301.074013904895,1,4,3410.68867583558,0.0882736721290269,1.2434899556863,39.5707703296439,0.0118576735506308,0.0314244566210721
week,2024-08-25,2024-08-25,34,Paid Search,media,293.357493105972,1,4,3400.76649483263,0.0862621687057083,-7.71652079892306,-57.6962583615509,-0.0170865037089938,0.133743868633003
week,2024-09-01,2024-09-01,35,Paid Search,media,304.486623303012,1,4,3350.52699846657,0.0908772331762632,11.1291301970394,28.6467320310353,0.0086310839860837,0.388495629623034
week,2024-09-08,2024-09-08,36,Paid Search,media,305.536856218296,1,4,3443.52947604516,0.0887278178809725,1.05023291528391,145.098556391382,0.0433432028603071,0.00723806591466745
week,2024-09-15,2024-09-15,37,Paid Search,media,303.095859992486,1,4,3411.53219941741,0.0888444963363518,-2.44099622580967,-53.7459730085893,-0.015387804057835,0.0454172859689333
week,2024-09-22,2024-09-22,38,Paid Search,media,295.803264991886,1,4,3407.92205338455,0.0867987179161306,-7.29259500059965,-18.3878970467713,-0.00534684470400049,0.396597554470219
week,2024-09-29,2024-09-29,39,Paid Search,media,290.838204881538,1,4,3305.31856616622,0.0879909754716551,-4.96506011034853,-124.403251925774,-0.0363685155909225,0.0399110154556969
week,2024-10-06,2024-10-06,40,Paid Search,media,299.638358685496,1,4,3379.93111538134,0.0886522087157063,8.80015380395872,96.2740839826452,0.0292073568167055,0.0914072971657158
week,2024-10-13,2024-10-13,41,Paid Search,media,303.92705321043,1,4,3387.49649644595,0.0897202561033789,4.28869452493319,-55.2831900317824,-0.016295702021086,-0.0775768280098817
week,2024-10-20,2024-10-20,42,Paid Search,media,305.069403742136,1,4,3437.91615876927,0.0887367200517614,1.14235053170631,83.4603131921963,0.0250089478241293,0.0136873501669668
week,2024-10-27,2024-10-27,43,Paid Search,media,306.622154019271,1,4,3475.09582520403,0.088234157974987,1.55275027713463,107.506704559776,0.0314284746358247,0.0144432878255632
week,2024-11-03,2024-11-03,44,Paid Search,media,307.999552463562,1,4,3498.14443977808,0.0880465508974526,1.37739844429115,-1.66888708042461,-0.000473015736854432,-0.825339509453628
week,2024-11-10,2024-11-10,45,Paid Search,media,315.001650280522,1,4,3476.4458381239,0.0906102568393575,7.00209781696071,-110.428736190225,-0.0313138318819147,-0.063408294421652
week,2024-11-17,2024-11-17,46,Paid Search,media,311.233853559609,1,4,3516.65976336112,0.0885026913329089,-3.76779672091305,50.1336163063161,0.0146757413193943,-0.0751550954930488
week,2024-11-24,2024-11-24,47,Paid Search,media,294.509573562103,1,4,3489.123124265,0.0844079051019855,-16.7242799975061,13.7370544058667,0.00396312121769671,-1.21745750605483
week,2024-12-01,2024-12-01,48,Paid Search,media,317.78660388319,1,4,3508.90916675214,0.0905656398559142,23.2770303210868,100.640007591639,0.0289198901210643,0.231290029463598
week,2024-12-08,2024-12-08,49,Paid Search,media,296.821844061586,1,4,3597.64805911655,0.0825044137681647,-20.9647598216038,47.4689800644455,0.0132572765366219,-0.441651785927175
week,2024-12-15,2024-12-15,50,Paid Search,media,320.700483889631,1,4,3677.84204642019,0.0871980035689088,23.8786398280444,48.5901071697322,0.0133928356896766,0.491430071241311
week,2024-12-22,2024-12-22,51,Paid Search,media,308.384051887683,1,4,3688.46257689779,0.0836077486102767,-12.3164320019472,32.5195576630322,0.00884487060274997,-0.378739223010661
week,2024-12-29,2024-12-29,52,Paid Search,media,300.2294608887,1,4,3612.44838040186,0.0831096888518866,-8.15459099898351,-79.0154860635157,-0.021302701400828,0.103202440499177
week,2025-01-05,2025-01-05,53,Paid Search,media,315.175761184385,1,4,3706.82605459717,0.0850257758368528,14.9463002956846,50.9681290741337,0.0140401829289341,0.29324796823413
week,2025-01-12,2025-01-12,54,Paid Search,media,296.536843994514,1,4,3734.49126330269,0.0794048835803847,-18.638917189871,51.595905156812,0.0140163245522733,-0.361247993096021
week,2025-01-19,2025-01-19,55,Paid Search,media,304.557470759073,1,4,3823.14618909199,0.0796614766204916,8.0206267645591,99.6982097914183,0.0267092272209686,0.0804490550165273
week,2025-01-26,2025-01-26,56,Paid Search,media,310.552121926657,1,4,3858.1112597288,0.0804933038526439,5.99465116758444,16.3167398793603,0.00425755128121552,0.367392702948419
week,2025-02-02,2025-02-02,57,Paid Search,media,301.291575717106,1,4,3839.55129816057,0.0784705170787659,-9.26054620955068,-62.8493774230337,-0.0163298566199733,0.147345074673035
week,2025-02-09,2025-02-09,58,Paid Search,media,307.228156089051,1,4,3852.95015124085,0.0797384196600903,5.93658037194484,89.3241315025134,0.023593952679325,0.066461103758706
week,2025-02-16,2025-02-16,59,Paid Search,media,309.741609476153,1,4,3862.5321972012,0.0801913339908447,2.51345338710161,-12.1787933015198,-0.00314273997737913,-0.206379509436945
week,2025-02-23,2025-02-23,60,Paid Search,media,293.348575254374,1,4,3866.41605319544,0.0758709283270055,-16.3930342217785,0.125803688100859,3.25660126636596e-05,-130.306467713696
week,2025-03-02,2025-03-02,61,Paid Search,media,302.083883320712,1,4,3849.01304062374,0.0784834657956259,8.73530806633738,7.49833331052196,0.00194098336202053,1.16496662719429
week,2025-03-09,2025-03-09,62,Paid Search,media,300.924772759904,1,4,4019.33848586634,0.0748692288091884,-1.15911056080796,141.555638608666,0.0365714435550701,-0.00818837435372212
week,2025-03-16,2025-03-16,63,Paid Search,media,302.29917936641,1,4,3999.95431903818,0.0755756579337888,1.37440660650663,-15.4332072024827,-0.00384655437933945,-0.0890551515621154
week,2025-03-23,2025-03-23,64,Paid Search,media,305.0535217003,1,4,4046.15922690798,0.0753933556721192,2.75434233388978,16.742642802119,0.0041890298966758,0.164510607222725
week,2025-03-30,2025-03-30,65,Paid Search,media,317.78169466425,1,4,3942.36034093542,0.0806069631343868,12.72817296395,-32.0779927531753,-0.00799247267781855,-0.396788323443027
week,2025-04-06,2025-04-06,66,Paid Search,media,312.20760554991,1,4,3998.33448772193,0.0780844140250487,-5.57408911433981,29.6654243561957,0.00745091438214929,-0.187898512672908
week,2025-04-13,2025-04-13,67,Paid Search,media,303.268940938065,1,4,3975.50089491207,0.0762844604880345,-8.93866461184501,-42.0860285322069,-0.0104923569700551,0.212390309173615
week,2025-04-20,2025-04-20,68,Paid Search,media,305.895774539992,1,4,3987.13032116662,0.0767207866058635,2.62683360192642,58.5793492089338,0.0147591212938427,0.0448423145255054
week,2025-04-27,2025-04-27,69,Paid Search,media,305.83574152459,1,4,3976.32615011593,0.0769141488848125,-0.0600330154019275,-48.8257102218013,-0.0121227616074906,0.00122953696176082
week,2025-05-04,2025-05-04,70,Paid Search,media,301.050983623021,1,4,3992.01923972896,0.0754132095925121,-4.78475790156904,-28.7722989318759,-0.00723143655726,0.166297379048435
week,2025-05-11,2025-05-11,71,Paid Search,media,310.527132731579,1,4,3916.73666608905,0.0792821063055146,9.47614910855771,-21.6781870295667,-0.00548813718767272,-0.43712830300953
week,2025-05-18,2025-05-18,72,Paid Search,media,291.043065306944,1,4,3857.05616785707,0.0754573054269634,-19.4840674246346,-37.9522667592969,-0.00966117062349547,0.513383496912255
week,2025-05-25,2025-05-25,73,Paid Search,media,301.996166519039,1,4,3862.52769208923,0.0781861492249106,10.9531012120945,1.90634055239389,0.000490014251739224,5.7456162270378
week,2025-06-01,2025-06-01,74,Paid Search,media,305.253829500288,1,4,3767.10338978778,0.0810314445650201,3.25766298124898,-36.0519654128875,-0.0092624187701883,-0.0903602048859302
week,2025-06-08,2025-06-08,75,Paid Search,media,323.515815567304,1,4,3910.91223508492,0.0827213182298067,18.2619860670167,53.5326260779302,0.0138821066913237,0.341137496980472
week,2025-06-15,2025-06-15,76,Paid Search,media,324.300643350158,1,4,3865.59414740563,0.0838941262283859,0.784827782853427,-25.7877957617548,-0.00659574098820848,-0.0304340778135596
week,2025-06-22,2025-06-22,77,Paid Search,media,309.914851452753,1,4,3775.80012291426,0.0820792524402887,-14.3857918974047,-118.116298135852,-0.0304111736126886,0.121793453777724
week,2025-06-29,2025-06-29,78,Paid Search,media,328.31510446248,1,4,3685.9455360884,0.0890721529246726,18.4002530097275,-92.3910898331546,-0.0245338576563212,-0.199156142036594
week,2024-01-07,2024-01-07,1,Paid Social,media,249.670722462336,2,8,3576.69423704087,0.0698048829214147,,,,
week,2024-01-14,2024-01-14,2,Paid Social,media,258.87056961136,2,8,3626.0757412522,0.0713913850905838,9.19984714902364,87.3752848467811,0.0245157275017947,0.105291183486912
week,2024-01-21,2024-01-21,3,Paid Social,media,272.573685570957,2,8,3663.06712991938,0.074411326875398,13.7031159595967,-1.63344535521992,-0.000447344561057439,-8.3890874682807
week,2024-01-28,2024-01-28,4,Paid Social,media,289.003980656882,2,8,3721.88078405762,0.0776499832812505,16.4302950859249,58.9601633192751,0.016154389564601,0.278667733617921
week,2024-02-04,2024-02-04,5,Paid Social,media,272.693544204249,2,8,3753.24300715107,0.0726554458863135,-16.3104364526322,102.786051353738,0.0277144560264828,-0.158683364501472
week,2024-02-11,2024-02-11,6,Paid Social,media,209.880468518846,2,8,3695.814360214,0.0567886933873738,-62.8130756854036,-110.029182930042,-0.0288673952651393,0.570876507601996
week,2024-02-18,2024-02-18,7,Paid Social,media,229.497454903531,2,8,3744.5650771508,0.0612881470010807,19.6169863846854,46.0817832827529,0.0124494582385213,0.425699375918628
week,2024-02-25,2024-02-25,8,Paid Social,media,240.385263470842,2,8,3750.55933922062,0.0640931769715168,10.8878085673107,72.7531530982233,0.0194133124080862,0.149654112621224
week,2024-03-03,2024-03-03,9,Paid Social,media,219.30860102948,2,8,3790.13181954896,0.0578630537065539,-21.0766624413616,-38.5148924161208,-0.0100815245401842,0.54723409879083
week,2024-03-10,2024-03-10,10,Paid Social,media,198.460620530376,2,8,3867.23578744631,0.0513184691697911,-20.847980499104,47.3494633775094,0.0125202544193301,-0.440300248661459
week,2024-03-17,2024-03-17,11,Paid Social,media,211.881149745685,2,8,3886.58876619421,0.0545159682415182,13.4205292153088,65.5302212176544,0.0171133884035275,0.20479908301749
week,2024-03-24,2024-03-24,12,Paid Social,media,220.440842363164,2,8,3904.63794442323,0.056456154322325,8.5596926174785,-69.2158191615918,-0.0177717569522101,-0.123666709737192
week,2024-03-31,2024-03-31,13,Paid Social,media,208.039401255709,2,8,3795.87441601827,0.0548067134091161,-12.4014411074543,-44.1983755257138,-0.0115536416136582,0.280585902987303
week,2024-04-07,2024-04-07,14,Paid Social,media,240.533633365388,2,8,3889.41909001797,0.0618430741965315,32.4942321096784,132.074791506062,0.0349284579459359,0.246029024457609
week,2024-04-14,2024-04-14,15,Paid Social,media,247.859492964043,2,8,3911.1983200615,0.0633717527676135,7.32585959865497,33.1909665082244,0.0084814293465536,0.220718477626727
week,2024-04-21,2024-04-21,16,Paid Social,media,278.960018876988,2,8,3902.09791116215,0.071489753775529,31.1005259129456,-35.8668956397255,-0.0090881405179597,-0.867109499114254
week,2024-04-28,2024-04-28,17,Paid Social,media,274.759385666618,2,8,3899.31862820662,0.0704634352471434,-4.20063321037071,35.992921322003,0.00920371824534527,-0.116707203974655
week,2024-05-05,2024-05-05,18,Paid Social,media,282.90120729464,2,8,3874.33022696945,0.0730193841829349,8.14182162802234,-79.7409291411227,-0.02020452607085,-0.10210342061118
week,2024-05-12,2024-05-12,19,Paid Social,media,229.305076553064,2,8,3816.74350919773,0.0600787231315063,-53.5961307415759,-40.4311881183535,-0.0104555877418613,1.32561354825104
week,2024-05-19,2024-05-19,20,Paid Social,media,239.275100721059,2,8,3789.69098555961,0.0631384198956597,9.97002416799469,42.1603442190431,0.0110179501824808,0.236478718394605
week,2024-05-26,2024-05-26,21,Paid Social,media,245.769808019816,2,8,3753.10970863105,0.0654843122370277,6.49470729875682,-38.5108411384326,-0.00995453079384401,-0.168646207321483
week,2024-06-02,2024-06-02,22,Paid Social,media,207.460716634597,2,8,3681.70492515783,0.0563490884934793,-38.3090913852187,-126.800985956077,-0.0331058909244157,0.302119822621007
week,2024-06-09,2024-06-09,23,Paid Social,media,203.747507246607,2,8,3756.44391132523,0.0542394647853873,-3.71320938798957,49.1079517466387,0.0132603673535929,-0.0756132002236017
week,2024-06-16,2024-06-16,24,Paid Social,media,209.795495106974,2,8,3754.34495512099,0.0558807189043217,6.04798786036687,-65.277264937647,-0.0173958089221429,-0.0926507546868565
week,2024-06-23,2024-06-23,25,Paid Social,media,219.691195200219,2,8,3724.88668003301,0.0589792963039275,9.89570009324521,32.2987020486885,0.00875969806965427,0.306380735619902
week,2024-06-30,2024-06-30,26,Paid Social,media,203.081292608829,2,8,3586.69436787584,0.0566207409328552,-16.6099025913906,-68.1050434258914,-0.0183103066692605,0.243886528160939
week,2024-07-07,2024-07-07,27,Paid Social,media,249.060725706181,2,8,3583.43265832957,0.0695033922647458,45.9794330973521,-41.8288370712844,-0.011455601640836,-1.09922809995875
week,2024-07-14,2024-07-14,28,Paid Social,media,248.388391247319,2,8,3531.12256463624,0.0703426139140278,-0.672334458861684,-51.2114425956706,-0.0141877309093007,0.0131285983128802
week,2024-07-21,2024-07-21,29,Paid Social,media,283.703746136552,2,8,3544.54211474954,0.0800396036926756,35.3153548892326,-40.4126822619746,-0.0113571507483741,-0.873868125364739
week,2024-07-28,2024-07-28,30,Paid Social,media,281.614950778903,2,8,3549.11204948844,0.079348002219173,-2.08879535764908,24.7980765931334,0.00704904497751979,-0.0842321520301888
week,2024-08-04,2024-08-04,31,Paid Social,media,263.88236623025,2,8,3420.24675534932,0.0771530199736419,-17.732584548653,-139.89737539968,-0.0394885538664869,0.126754233222688
week,2024-08-11,2024-08-11,32,Paid Social,media,238.328823010469,2,8,3415.56478866786,0.0697772807007483,-25.5535432197807,-65.6904063550956,-0.0193046115206539,0.388999621674566
week,2024-08-18,2024-08-18,33,Paid Social,media,243.006857837019,2,8,3410.68867583558,0.0712486189544946,4.67803482655015,39.5707703296439,0.0118576735506308,0.118219453085695
week,2024-08-25,2024-08-25,34,Paid Social,media,244.681014246812,2,8,3400.76649483263,0.0719487840810589,1.67415640979308,-57.6962583615509,-0.0170865037089938,-0.029016724088104
week,2024-09-01,2024-09-01,35,Paid Social,media,213.805755464796,2,8,3350.52699846657,0.0638125750255551,-30.8752587820164,28.6467320310353,0.0086310839860837,-1.07779340235273
week,2024-09-08,2024-09-08,36,Paid Social,media,209.221539090305,2,8,3443.52947604516,0.0607578766337707,-4.58421637449095,145.098556391382,0.0433432028603071,-0.0315938110516117
week,2024-09-15,2024-09-15,37,Paid Social,media,196.666993543095,2,8,3411.53219941741,0.0576477025709094,-12.5545455472101,-53.7459730085893,-0.015387804057835,0.23359044118903
week,2024-09-22,2024-09-22,38,Paid Social,media,208.202432526851,2,8,3407.92205338455,0.0610936603787862,11.5354389837565,-18.3878970467713,-0.00534684470400049,-0.627338675783049
week,2024-09-29,2024-09-29,39,Paid Social,media,213.650936143403,2,8,3305.31856616622,0.0646385308606467,5.44850361655196,-124.403251925774,-0.0363685155909225,-0.0437971156879631
week,2024-10-06,2024-10-06,40,Paid Social,media,245.431917112257,2,8,3379.93111538134,0.072614473116138,31.7809809688534,96.2740839826452,0.0292073568167055,0.330109409034547
week,2024-10-13,2024-10-13,41,Paid Social,media,247.416936279953,2,8,3387.49649644595,0.0730382855124823,1.98501916769632,-55.2831900317824,-0.016295702021086,-0.0359063788930257
week,2024-10-20,2024-10-20,42,Paid Social,media,276.522882196028,2,8,3437.91615876927,0.0804332826705755,29.105945916075,83.4603131921963,0.0250089478241293,0.348739955588813
week,2024-10-27,2024-10-27,43,Paid Social,media,277.539738585946,2,8,3475.09582520403,0.0798653483374522,1.01685638991785,107.506704559776,0.0314284746358247,0.00945853929837885
week,2024-11-03,2024-11-03,44,Paid Social,media,279.219751630019,2,8,3498.14443977808,0.0798193889465961,1.68001304407352,-1.66888708042461,-0.000473015736854432,-1.00666669649458
week,2024-11-10,2024-11-10,45,Paid Social,media,215.769011126773,2,8,3476.4458381239,0.0620659780631632,-63.450740503246,-110.428736190225,-0.0313138318819147,0.574585408583737
week,2024-11-17,2024-11-17,46,Paid Social,media,246.767698798334,2,8,3516.65976336112,0.0701710473584403,30.998687671561,50.1336163063161,0.0146757413193943,0.618321397007534
week,2024-11-24,2024-11-24,47,Paid Social,media,242.962268621529,2,8,3489.123124265,0.0696341917348389,-3.80543017680498,13.7370544058667,0.00396312121769671,-0.277019371429422
week,2024-12-01,2024-12-01,48,Paid Social,media,219.238455782606,2,8,3508.90916675214,0.0624805161273337,-23.7238128389234,100.640007591639,0.0289198901210643,-0.235729442064295
week,2024-12-08,2024-12-08,49,Paid Social,media,218.362820616398,2,8,3597.64805911655,0.0606959927786876,-0.87563516620844,47.4689800644455,0.0132572765366219,-0.0184464710431875
week,2024-12-15,2024-12-15,50,Paid Social,media,199.634813471702,2,8,3677.84204642019,0.0542804206792991,-18.7280071446954,48.5901071697322,0.0133928356896766,-0.385428397580516
week,2024-12-22,2024-12-22,51,Paid Social,media,209.123964342458,2,8,3688.46257689779,0.0566967835466948,9.48915087075557,32.5195576630322,0.00884487060274997,0.291798276258312
week,2024-12-29,2024-12-29,52,Paid Social,media,215.895166487499,2,8,3612.44838040186,0.0597642218664679,6.77120214504117,-79.0154860635157,-0.021302701400828,-0.085694621173351
week,2025-01-05,2025-01-05,53,Paid Social,media,247.897101994264,2,8,3706.82605459717,0.0668758388829236,32.0019355067649,50.9681290741337,0.0140401829289341,0.627881307163889
week,2025-01-12,2025-01-12,54,Paid Social,media,244.714342760753,2,8,3734.49126330269,0.0655281604660482,-3.18275923351058,51.595905156812,0.0140163245522733,-0.0616862757584624
week,2025-01-19,2025-01-19,55,Paid Social,media,289.868412797879,2,8,3823.14618909199,0.0758193379120363,45.1540700371258,99.6982097914183,0.0267092272209686,0.452907530953605
week,2025-01-26,2025-01-26,56,Paid Social,media,293.41027064379,2,8,3858.1112597288,0.0760502356960062,3.54185784591141,16.3167398793603,0.00425755128121552,0.217068965497921
week,2025-02-02,2025-02-02,57,Paid Social,media,277.299754791965,2,8,3839.55129816057,0.0722219169007619,-16.1105158518255,-62.8493774230337,-0.0163298566199733,0.256335329201227
week,2025-02-09,2025-02-09,58,Paid Social,media,245.751310639046,2,8,3852.95015124085,0.0637826343431672,-31.5484441529191,89.3241315025134,0.023593952679325,-0.353190606191691
week,2025-02-16,2025-02-16,59,Paid Social,media,237.598202569518,2,8,3862.5321972012,0.061513584984918,-8.15310806952746,-12.1787933015198,-0.00314273997737913,0.669451222931094
week,2025-02-23,2025-02-23,60,Paid Social,media,254.290226341691,2,8,3866.41605319544,0.0657689764482356,16.6920237721723,0.125803688100859,3.25660126636596e-05,132.683103525471
week,2025-03-02,2025-03-02,61,Paid Social,media,194.736023707699,2,8,3849.01304062374,0.0505937552438486,-59.5542026339914,7.49833331052196,0.00194098336202053,-7.94232533654147
week,2025-03-09,2025-03-09,62,Paid Social,media,230.294973070299,2,8,4019.33848586634,0.0572967352414113,35.5589493625992,141.555638608666,0.0365714435550701,0.251201221739408
week,2025-03-16,2025-03-16,63,Paid Social,media,202.430010928093,2,8,3999.95431903818,0.0506080806884737,-27.8649621422056,-15.4332072024827,-0.00384655437933945,1.80551986224374
week,2025-03-23,2025-03-23,64,Paid Social,media,221.597852113971,2,8,4046.15922690798,0.0547674571579608,19.1678411858776,16.742642802119,0.0041890298966758,1.14485158719695
week,2025-03-30,2025-03-30,65,Paid Social,media,205.531843651846,2,8,3942.36034093542,0.0521342104418285,-16.0660084621244,-32.0779927531753,-0.00799247267781855,0.500842075305168
week,2025-04-06,2025-04-06,66,Paid Social,media,242.119860884797,2,8,3998.33448772193,0.0605551790697594,36.5880172329504,29.6654243561957,0.00745091438214929,1.23335559921997
week,2025-04-13,2025-04-13,67,Paid Social,media,251.760787027391,2,8,3975.50089491207,0.0633280669989536,9.64092614259471,-42.0860285322069,-0.0104923569700551,-0.22907664321942
week,2025-04-20,2025-04-20,68,Paid Social,media,270.629477260994,2,8,3987.13032116662,0.0678757541042222,18.8686902336024,58.5793492089338,0.0147591212938427,0.322104811480644
week,2025-04-27,2025-04-27,69,Paid Social,media,277.391653460086,2,8,3976.32615011593,0.0697607899824814,6.76217619909255,-48.8257102218013,-0.0121227616074906,-0.138496217840435
week,2025-05-04,2025-05-04,70,Paid Social,media,288.599492620913,2,8,3992.01923972896,0.0722941136527458,11.207839160827,-28.7722989318759,-0.00723143655726,-0.389535754072478
week,2025-05-11,2025-05-11,71,Paid Social,media,232.331169196643,2,8,3916.73666608905,0.0593175362561791,-56.2683234242702,-21.6781870295667,-0.00548813718767272,2.59561942830026
week,2025-05-18,2025-05-18,72,Paid Social,media,213.423886265136,2,8,3857.05616785707,0.0553333622786499,-18.9072829315067,-37.9522667592969,-0.00966117062349547,0.498185867300671
week,2025-05-25,2025-05-25,73,Paid Social,media,245.520382724538,2,8,3862.52769208923,0.0635646919056098,32.096496459402,1.90634055239389,0.000490014251739224,16.8367065470526
week,2025-06-01,2025-06-01,74,Paid Social,media,172.230881218827,2,8,3767.10338978778,0.0457197117779477,-73.2895015057113,-36.0519654128875,-0.0092624187701883,2.03288504985397
week,2025-06-08,2025-06-08,75,Paid Social,media,227.719700932404,2,8,3910.91223508492,0.0582267479411895,55.4888197135766,53.5326260779302,0.0138821066913237,1.03654208244517
week,2025-06-15,2025-06-15,76,Paid Social,media,208.240983033288,2,8,3865.59414740563,0.0538703689762794,-19.4787178991161,-25.7877957617548,-0.00659574098820848,0.755346369231158
week,2025-06-22,2025-06-22,77,Paid Social,media,199.924585101028,2,8,3775.80012291426,0.0529489323038426,-8.31639793225978,-118.116298135852,-0.0304111736126886,0.0704085554958272
week,2025-06-29,2025-06-29,78,Paid Social,media,206.925287440516,2,8,3685.9455360884,0.0561389975555932,7.0007023394885,-92.3910898331546,-0.0245338576563212,-0.0757724836034599
week,2024-01-07,2024-01-07,1,Promo,baseline_control,0,1,4,3576.69423704087,0,,,,
week,2024-01-14,2024-01-14,2,Promo,baseline_control,0,1,4,3626.0757412522,0,0,87.3752848467811,0.0245157275017947,0
week,2024-01-21,2024-01-21,3,Promo,baseline_control,0,1,4,3663.06712991938,0,0,-1.63344535521992,-0.000447344561057439,0
week,2024-01-28,2024-01-28,4,Promo,baseline_control,0,1,4,3721.88078405762,0,0,58.9601633192751,0.016154389564601,0
week,2024-02-04,2024-02-04,5,Promo,baseline_control,0,1,4,3753.24300715107,0,0,102.786051353738,0.0277144560264828,0
week,2024-02-11,2024-02-11,6,Promo,baseline_control,0,1,4,3695.814360214,0,0,-110.029182930042,-0.0288673952651393,0
week,2024-02-18,2024-02-18,7,Promo,baseline_control,0,1,4,3744.5650771508,0,0,46.0817832827529,0.0124494582385213,0
week,2024-02-25,2024-02-25,8,Promo,baseline_control,0,1,4,3750.55933922062,0,0,72.7531530982233,0.0194133124080862,0
week,2024-03-03,2024-03-03,9,Promo,baseline_control,0,1,4,3790.13181954896,0,0,-38.5148924161208,-0.0100815245401842,0
week,2024-03-10,2024-03-10,10,Promo,baseline_control,100,1,4,3867.23578744631,0.0258582629806583,100,47.3494633775094,0.0125202544193301,2.11195635318433
week,2024-03-17,2024-03-17,11,Promo,baseline_control,100,1,4,3886.58876619421,0.0257295036896639,0,65.5302212176544,0.0171133884035275,0
week,2024-03-24,2024-03-24,12,Promo,baseline_control,100,1,4,3904.63794442323,0.025610569129162,0,-69.2158191615918,-0.0177717569522101,0
week,2024-03-31,2024-03-31,13,Promo,baseline_control,0,1,4,3795.87441601827,0,-100,-44.1983755257138,-0.0115536416136582,2.26252659312833
week,2024-04-07,2024-04-07,14,Promo,baseline_control,0,1,4,3889.41909001797,0,0,132.074791506062,0.0349284579459359,0
week,2024-04-14,2024-04-14,15,Promo,baseline_control,0,1,4,3911.1983200615,0,0,33.1909665082244,0.0084814293465536,0
week,2024-04-21,2024-04-21,16,Promo,baseline_control,0,1,4,3902.09791116215,0,0,-35.8668956397255,-0.0090881405179597,0
week,2024-04-28,2024-04-28,17,Promo,baseline_control,0,1,4,3899.31862820662,0,0,35.992921322003,0.00920371824534527,0
week,2024-05-05,2024-05-05,18,Promo,baseline_control,0,1,4,3874.33022696945,0,0,-79.7409291411227,-0.02020452607085,0
week,2024-05-12,2024-05-12,19,Promo,baseline_control,0,1,4,3816.74350919773,0,0,-40.4311881183535,-0.0104555877418613,0
week,2024-05-19,2024-05-19,20,Promo,baseline_control,0,1,4,3789.69098555961,0,0,42.1603442190431,0.0110179501824808,0
week,2024-05-26,2024-05-26,21,Promo,baseline_control,0,1,4,3753.10970863105,0,0,-38.5108411384326,-0.00995453079384401,0
week,2024-06-02,2024-06-02,22,Promo,baseline_control,0,1,4,3681.70492515783,0,0,-126.800985956077,-0.0331058909244157,0
week,2024-06-09,2024-06-09,23,Promo,baseline_control,100,1,4,3756.44391132523,0.0266209219039613,100,49.1079517466387,0.0132603673535929,2.03633009407371
week,2024-06-16,2024-06-16,24,Promo,baseline_control,100,1,4,3754.34495512099,0.0266358049660829,0,-65.277264937647,-0.0173958089221429,0
week,2024-06-23,2024-06-23,25,Promo,baseline_control,100,1,4,3724.88668003301,0.0268464542924334,0,32.2987020486885,0.00875969806965427,0
week,2024-06-30,2024-06-30,26,Promo,baseline_control,0,1,4,3586.69436787584,0,-100,-68.1050434258914,-0.0183103066692605,1.46832003871806
week,2024-07-07,2024-07-07,27,Promo,baseline_control,0,1,4,3583.43265832957,0,0,-41.8288370712844,-0.011455601640836,0
week,2024-07-14,2024-07-14,28,Promo,baseline_control,0,1,4,3531.12256463624,0,0,-51.2114425956706,-0.0141877309093007,0
week,2024-07-21,2024-07-21,29,Promo,baseline_control,0,1,4,3544.54211474954,0,0,-40.4126822619746,-0.0113571507483741,0
week,2024-07-28,2024-07-28,30,Promo,baseline_control,0,1,4,3549.11204948844,0,0,24.7980765931334,0.00704904497751979,0
week,2024-08-04,2024-08-04,31,Promo,baseline_control,0,1,4,3420.24675534932,0,0,-139.89737539968,-0.0394885538664869,0
week,2024-08-11,2024-08-11,32,Promo,baseline_control,0,1,4,3415.56478866786,0,0,-65.6904063550956,-0.0193046115206539,0
week,2024-08-18,2024-08-18,33,Promo,baseline_control,0,1,4,3410.68867583558,0,0,39.5707703296439,0.0118576735506308,0
week,2024-08-25,2024-08-25,34,Promo,baseline_control,0,1,4,3400.76649483263,0,0,-57.6962583615509,-0.0170865037089938,0
week,2024-09-01,2024-09-01,35,Promo,baseline_control,0,1,4,3350.52699846657,0,0,28.6467320310353,0.0086310839860837,0
week,2024-09-08,2024-09-08,36,Promo,baseline_control,100,1,4,3443.52947604516,0.0290399721261711,100,145.098556391382,0.0433432028603071,0.689186732707835
week,2024-09-15,2024-09-15,37,Promo,baseline_control,100,1,4,3411.53219941741,0.0293123424181889,0,-53.7459730085893,-0.015387804057835,0
week,2024-09-22,2024-09-22,38,Promo,baseline_control,100,1,4,3407.92205338455,0.029343394136813,0,-18.3878970467713,-0.00534684470400049,0
week,2024-09-29,2024-09-29,39,Promo,baseline_control,0,1,4,3305.31856616622,0,-100,-124.403251925774,-0.0363685155909225,0.803837507878535
week,2024-10-06,2024-10-06,40,Promo,baseline_control,0,1,4,3379.93111538134,0,0,96.2740839826452,0.0292073568167055,0
week,2024-10-13,2024-10-13,41,Promo,baseline_control,0,1,4,3387.49649644595,0,0,-55.2831900317824,-0.016295702021086,0
week,2024-10-20,2024-10-20,42,Promo,baseline_control,0,1,4,3437.91615876927,0,0,83.4603131921963,0.0250089478241293,0
week,2024-10-27,2024-10-27,43,Promo,baseline_control,0,1,4,3475.09582520403,0,0,107.506704559776,0.0314284746358247,0
week,2024-11-03,2024-11-03,44,Promo,baseline_control,0,1,4,3498.14443977808,0,0,-1.66888708042461,-0.000473015736854432,0
week,2024-11-10,2024-11-10,45,Promo,baseline_control,0,1,4,3476.4458381239,0,0,-110.428736190225,-0.0313138318819147,0
week,2024-11-17,2024-11-17,46,Promo,baseline_control,0,1,4,3516.65976336112,0,0,50.1336163063161,0.0146757413193943,0
week,2024-11-24,2024-11-24,47,Promo,baseline_control,0,1,4,3489.123124265,0,0,13.7370544058667,0.00396312121769671,0
week,2024-12-01,2024-12-01,48,Promo,baseline_control,0,1,4,3508.90916675214,0,0,100.640007591639,0.0289198901210643,0
week,2024-12-08,2024-12-08,49,Promo,baseline_control,100,1,4,3597.64805911655,0.0277959373337247,100,47.4689800644455,0.0132572765366219,2.10663890111472
week,2024-12-15,2024-12-15,50,Promo,baseline_control,100,1,4,3677.84204642019,0.0271898571874055,0,48.5901071697322,0.0133928356896766,0
week,2024-12-22,2024-12-22,51,Promo,baseline_control,100,1,4,3688.46257689779,0.0271115669239366,0,32.5195576630322,0.00884487060274997,0
week,2024-12-29,2024-12-29,52,Promo,baseline_control,0,1,4,3612.44838040186,0,-100,-79.0154860635157,-0.021302701400828,1.26557469911172
week,2025-01-05,2025-01-05,53,Promo,baseline_control,0,1,4,3706.82605459717,0,0,50.9681290741337,0.0140401829289341,0
week,2025-01-12,2025-01-12,54,Promo,baseline_control,0,1,4,3734.49126330269,0,0,51.595905156812,0.0140163245522733,0
week,2025-01-19,2025-01-19,55,Promo,baseline_control,0,1,4,3823.14618909199,0,0,99.6982097914183,0.0267092272209686,0
week,2025-01-26,2025-01-26,56,Promo,baseline_control,0,1,4,3858.1112597288,0,0,16.3167398793603,0.00425755128121552,0
week,2025-02-02,2025-02-02,57,Promo,baseline_control,0,1,4,3839.55129816057,0,0,-62.8493774230337,-0.0163298566199733,0
week,2025-02-09,2025-02-09,58,Promo,baseline_control,0,1,4,3852.95015124085,0,0,89.3241315025134,0.023593952679325,0
week,2025-02-16,2025-02-16,59,Promo,baseline_control,0,1,4,3862.5321972012,0,0,-12.1787933015198,-0.00314273997737913,0
week,2025-02-23,2025-02-23,60,Promo,baseline_control,0,1,4,3866.41605319544,0,0,0.125803688100859,3.25660126636596e-05,0
week,2025-03-02,2025-03-02,61,Promo,baseline_control,0,1,4,3849.01304062374,0,0,7.49833331052196,0.00194098336202053,0
week,2025-03-09,2025-03-09,62,Promo,baseline_control,100,1,4,4019.33848586634,0.0248797159909874,100,141.555638608666,0.0365714435550701,0.706436006243821
week,2025-03-16,2025-03-16,63,Promo,baseline_control,100,1,4,3999.95431903818,0.025000285509272,0,-15.4332072024827,-0.00384655437933945,0
week,2025-03-23,2025-03-23,64,Promo,baseline_control,100,1,4,4046.15922690798,0.0247147960305108,0,16.742642802119,0.0041890298966758,0
week,2025-03-30,2025-03-30,65,Promo,baseline_control,0,1,4,3942.36034093542,0,-100,-32.0779927531753,-0.00799247267781855,3.1174020385082
week,2025-04-06,2025-04-06,66,Promo,baseline_control,0,1,4,3998.33448772193,0,0,29.6654243561957,0.00745091438214929,0
week,2025-04-13,2025-04-13,67,Promo,baseline_control,0,1,4,3975.50089491207,0,0,-42.0860285322069,-0.0104923569700551,0
week,2025-04-20,2025-04-20,68,Promo,baseline_control,0,1,4,3987.13032116662,0,0,58.5793492089338,0.0147591212938427,0
week,2025-04-27,2025-04-27,69,Promo,baseline_control,0,1,4,3976.32615011593,0,0,-48.8257102218013,-0.0121227616074906,0
week,2025-05-04,2025-05-04,70,Promo,baseline_control,0,1,4,3992.01923972896,0,0,-28.7722989318759,-0.00723143655726,0
week,2025-05-11,2025-05-11,71,Promo,baseline_control,0,1,4,3916.73666608905,0,0,-21.6781870295667,-0.00548813718767272,0
week,2025-05-18,2025-05-18,72,Promo,baseline_control,0,1,4,3857.05616785707,0,0,-37.9522667592969,-0.00966117062349547,0
week,2025-05-25,2025-05-25,73,Promo,baseline_control,0,1,4,3862.52769208923,0,0,1.90634055239389,0.000490014251739224,0
week,2025-06-01,2025-06-01,74,Promo,baseline_control,0,1,4,3767.10338978778,0,0,-36.0519654128875,-0.0092624187701883,0
week,2025-06-08,2025-06-08,75,Promo,baseline_control,100,1,4,3910.91223508492,0.0255694820003622,100,53.5326260779302,0.0138821066913237,1.86801969801416
week,2025-06-15,2025-06-15,76,Promo,baseline_control,100,1,4,3865.59414740563,0.0258692444645578,0,-25.7877957617548,-0.00659574098820848,0
week,2025-06-22,2025-06-22,77,Promo,baseline_control,100,1,4,3775.80012291426,0.0264844527635688,0,-118.116298135852,-0.0304111736126886,0
week,2025-06-29,2025-06-29,78,Promo,baseline_control,0,1,4,3685.9455360884,0,-100,-92.3910898331546,-0.0245338576563212,1.0823554541957
week,2024-01-07,2024-01-07,1,Retail Media,media,159.990754447831,1,4,3576.69423704087,0.0447314597907024,,,,
week,2024-01-14,2024-01-14,2,Retail Media,media,150.703584190204,1,4,3626.0757412522,0.0415610690300035,-9.28717025762671,87.3752848467811,0.0245157275017947,-0.106290586335855
week,2024-01-21,2024-01-21,3,Retail Media,media,145.181167089215,1,4,3663.06712991938,0.0396337719020755,-5.52241710098906,-1.63344535521992,-0.000447344561057439,3.38083982016377
week,2024-01-28,2024-01-28,4,Retail Media,media,153.361428064125,1,4,3721.88078405762,0.0412053574421396,8.18026097491043,58.9601633192751,0.016154389564601,0.138742169532562
week,2024-02-04,2024-02-04,5,Retail Media,media,160.390014106688,1,4,3753.24300715107,0.0427337142308922,7.02858604256326,102.786051353738,0.0277144560264828,0.068380737950273
week,2024-02-11,2024-02-11,6,Retail Media,media,140.536169805133,1,4,3695.814360214,0.0380257653950443,-19.8538443015552,-110.029182930042,-0.0288673952651393,0.180441622602783
week,2024-02-18,2024-02-18,7,Retail Media,media,147.775910644184,1,4,3744.5650771508,0.0394641053365335,7.23974083905031,46.0817832827529,0.0124494582385213,0.157106351432366
week,2024-02-25,2024-02-25,8,Retail Media,media,161.662324614808,1,4,3750.55933922062,0.043103524032872,13.8864139706249,72.7531530982233,0.0194133124080862,0.190870269936988
week,2024-03-03,2024-03-03,9,Retail Media,media,158.643405581237,1,4,3790.13181954896,0.0418569625370223,-3.01891903357134,-38.5148924161208,-0.0100815245401842,0.0783831615302069
week,2024-03-10,2024-03-10,10,Retail Media,media,149.188909783296,1,4,3867.23578744631,0.0385776606297418,-9.45449579794106,47.3494633775094,0.0125202544193301,-0.199674824666162
week,2024-03-17,2024-03-17,11,Retail Media,media,154.76666106756,1,4,3886.58876619421,0.0398206937697473,5.57775128426371,65.5302212176544,0.0171133884035275,0.0851172356909582
week,2024-03-24,2024-03-24,12,Retail Media,media,148.236678952272,1,4,3904.63794442323,0.0379642571378455,-6.52998211528796,-69.2158191615918,-0.0177717569522101,0.0943423366852456
week,2024-03-31,2024-03-31,13,Retail Media,media,154.031492472559,1,4,3795.87441601827,0.0405786587202567,5.79481352028728,-44.1983755257138,-0.0115536416136582,-0.131109196918696
week,2024-04-07,2024-04-07,14,Retail Media,media,195.881061945109,1,4,3889.41909001797,0.0503625496279969,41.8495694725497,132.074791506062,0.0349284579459359,0.316862657857226
week,2024-04-14,2024-04-14,15,Retail Media,media,200.90517626479,1,4,3911.1983200615,0.0513666553890397,5.0241143196811,33.1909665082244,0.0084814293465536,0.151369931286459
week,2024-04-21,2024-04-21,16,Retail Media,media,195.158671161597,1,4,3902.09791116215,0.0500137812030127,-5.74650510319279,-35.8668956397255,-0.0090881405179597,0.160217520939506
week,2024-04-28,2024-04-28,17,Retail Media,media,199.742745933205,1,4,3899.31862820662,0.0512250382639468,4.58407477160782,35.992921322003,0.00920371824534527,0.127360453201266
week,2024-05-05,2024-05-05,18,Retail Media,media,191.575986914156,1,4,3874.33022696945,0.049447511102844,-8.16675901904873,-79.7409291411227,-0.02020452607085,0.102416150739797
week,2024-05-12,2024-05-12,19,Retail Media,media,200.657328647476,1,4,3816.74350919773,0.052572914099133,9.08134173331945,-40.4311881183535,-0.0104555877418613,-0.224612289570512
week,2024-05-19,2024-05-19,20,Retail Media,media,200.484718887684,1,4,3789.69098555961,0.0529026560876914,-0.172609759791612,42.1603442190431,0.0110179501824808,-0.00409412596099364
week,2024-05-26,2024-05-26,21,Retail Media,media,152.815783886052,1,4,3753.10970863105,0.0407171108093697,-47.6689350016324,-38.5108411384326,-0.00995453079384401,1.23780560466804
week,2024-06-02,2024-06-02,22,Retail Media,media,146.834208799629,1,4,3681.70492515783,0.0398821230338915,-5.98157508642288,-126.800985956077,-0.0331058909244157,0.0471729382963542
week,2024-06-09,2024-06-09,23,Retail Media,media,151.194360219306,1,4,3756.44391132523,0.0402493325571756,4.36015141967778,49.1079517466387,0.0132603673535929,0.0887870755060807
week,2024-06-16,2024-06-16,24,Retail Media,media,155.362381210112,1,4,3754.34495512099,0.0413820208497877,4.16802099080545,-65.277264937647,-0.0173958089221429,-0.0638510359584879
week,2024-06-23,2024-06-23,25,Retail Media,media,145.587948158742,1,4,3724.88668003301,0.0390852019577283,-9.77443305136973,32.2987020486885,0.00875969806965427,-0.3026261871649
week,2024-06-30,2024-06-30,26,Retail Media,media,154.399735544425,1,4,3586.69436787584,0.0430479209288931,8.81178738568315,-68.1050434258914,-0.0183103066692605,-0.129385239953216
week,2024-07-07,2024-07-07,27,Retail Media,media,159.665773424251,1,4,3583.43265832957,0.0445566552096671,5.26603787982592,-41.8288370712844,-0.011455601640836,-0.125894914813232
week,2024-07-14,2024-07-14,28,Retail Media,media,162.669168081135,1,4,3531.12256463624,0.0460672675908354,3.00339465688361,-51.2114425956706,-0.0141877309093007,-0.0586469449922803
week,2024-07-21,2024-07-21,29,Retail Media,media,145.863785018715,1,4,3544.54211474954,0.0411516580411746,-16.8053830624196,-40.4126822619746,-0.0113571507483741,0.41584428753031
week,2024-07-28,2024-07-28,30,Retail Media,media,162.704974568604,1,4,3549.11204948844,0.0458438539837184,16.8411895498885,24.7980765931334,0.00704904497751979,0.679132895111382
week,2024-08-04,2024-08-04,31,Retail Media,media,141.854900350358,1,4,3420.24675534932,0.0414750485848703,-20.8500742182459,-139.89737539968,-0.0394885538664869,0.149038351567914
week,2024-08-11,2024-08-11,32,Retail Media,media,159.859720930562,1,4,3415.56478866786,0.0468033051110447,18.0048205802046,-65.6904063550956,-0.0193046115206539,-0.274085997929102
week,2024-08-18,2024-08-18,33,Retail Media,media,153.614034105576,1,4,3410.68867583558,0.0450390078678002,-6.24568682498654,39.5707703296439,0.0118576735506308,-0.157835866548892
week,2024-08-25,2024-08-25,34,Retail Media,media,146.214885680313,1,4,3400.76649483263,0.0429946854341462,-7.39914842526295,-57.6962583615509,-0.0170865037089938,0.128243124171008
week,2024-09-01,2024-09-01,35,Retail Media,media,159.15426437854,1,4,3350.52699846657,0.0475012630703708,12.9393786982274,28.6467320310353,0.0086310839860837,0.451687776609532
week,2024-09-08,2024-09-08,36,Retail Media,media,161.508144061056,1,4,3443.52947604516,0.0469019200168269,2.35387968251555,145.098556391382,0.0433432028603071,0.0162226264758025
week,2024-09-15,2024-09-15,37,Retail Media,media,159.655879997945,1,4,3411.53219941741,0.0467988782357703,-1.85226406311094,-53.7459730085893,-0.015387804057835,0.0344633087731972
week,2024-09-22,2024-09-22,38,Retail Media,media,152.794578267596,1,4,3407.92205338455,0.044835115320742,-6.8613017303486,-18.3878970467713,-0.00534684470400049,0.373142274665573
week,2024-09-29,2024-09-29,39,Retail Media,media,150.559763025862,1,4,3305.31856616622,0.045550757063787,-2.23481524173434,-124.403251925774,-0.0363685155909225,0.017964283144847
week,2024-10-06,2024-10-06,40,Retail Media,media,185.564117316999,1,4,3379.93111538134,0.0549017453262692,35.0043542911372,96.2740839826452,0.0292073568167055,0.363590624216661
week,2024-10-13,2024-10-13,41,Retail Media,media,196.416505968865,1,4,3387.49649644595,0.0579827923585866,10.8523886518663,-55.2831900317824,-0.016295702021086,-0.196305398542075
week,2024-10-20,2024-10-20,42,Retail Media,media,192.627294527305,1,4,3437.91615876927,0.0560302478685993,-3.78921144156047,83.4603131921963,0.0250089478241293,-0.0454013566044797
week,2024-10-27,2024-10-27,43,Retail Media,media,200.040514904263,1,4,3475.09582520403,0.0575640284372642,7.41322037695812,107.506704559776,0.0314284746358247,0.0689558889123627
week,2024-11-03,2024-11-03,44,Retail Media,media,189.000204352055,1,4,3498.14443977808,0.0540287022465102,-11.0403105522078,-1.66888708042461,-0.000473015736854432,6.61537301217456
week,2024-11-10,2024-11-10,45,Retail Media,media,205.930646270844,1,4,3476.4458381239,0.0592359714086546,16.9304419187885,-110.428736190225,-0.0313138318819147,-0.153315545417672
week,2024-11-17,2024-11-17,46,Retail Media,media,201.395148053537,1,4,3516.65976336112,0.0572688748999278,-4.53549821730653,50.1336163063161,0.0146757413193943,-0.0904682038015104
week,2024-11-24,2024-11-24,47,Retail Media,media,165.206796769661,1,4,3489.123124265,0.0473490876893208,-36.1883512838766,13.7370544058667,0.00396312121769671,-2.63436033771706
week,2024-12-01,2024-12-01,48,Retail Media,media,145.890946269178,1,4,3508.90916675214,0.041577293493811,-19.3158505004832,100.640007591639,0.0289198901210643,-0.191930137553845
week,2024-12-08,2024-12-08,49,Retail Media,media,152.996719973852,1,4,3597.64805911655,0.0425268724065861,7.10577370467425,47.4689800644455,0.0132572765366219,0.149692993087848
week,2024-12-15,2024-12-15,50,Retail Media,media,158.984789048065,1,4,3677.84204642019,0.0432277370918668,5.98806907421354,48.5901071697322,0.0133928356896766,0.123236383350553
week,2024-12-22,2024-12-22,51,Retail Media,media,154.072048988237,1,4,3688.46257689779,0.0417713466725264,-4.91274005982785,32.5195576630322,0.00884487060274997,-0.151070322380571
week,2024-12-29,2024-12-29,52,Retail Media,media,151.507429768872,1,4,3612.44838040186,0.0419403722391788,-2.5646192193652,-79.0154860635157,-0.021302701400828,0.0324571719688424
week,2025-01-05,2025-01-05,53,Retail Media,media,147.624537541491,1,4,3706.82605459717,0.0398250512344405,-3.88289222738106,50.9681290741337,0.0140401829289341,-0.076182749846151
week,2025-01-12,2025-01-12,54,Retail Media,media,151.976800370675,1,4,3734.49126330269,0.0406954494348637,4.35226282918367,51.595905156812,0.0140163245522733,0.0843528728870271
week,2025-01-19,2025-01-19,55,Retail Media,media,157.690850324035,1,4,3823.14618909199,0.0412463564103174,5.71404995335982,99.6982097914183,0.0267092272209686,0.0573134659620705
week,2025-01-26,2025-01-26,56,Retail Media,media,161.178250117464,1,4,3858.1112597288,0.0417764650283293,3.48739979342915,16.3167398793603,0.00425755128121552,0.213731408309113
week,2025-02-02,2025-02-02,57,Retail Media,media,149.834790975812,1,4,3839.55129816057,0.0390240367533555,-11.3434591416519,-62.8493774230337,-0.0163298566199733,0.180486420180427
week,2025-02-09,2025-02-09,58,Retail Media,media,151.472316872238,1,4,3852.95015124085,0.0393133341793836,1.63752589642598,89.3241315025134,0.023593952679325,0.0183324021054703
week,2025-02-16,2025-02-16,59,Retail Media,media,148.879346099559,1,4,3862.5321972012,0.0385444932232376,-2.59297077267911,-12.1787933015198,-0.00314273997737913,0.212908677278851
week,2025-02-23,2025-02-23,60,Retail Media,media,145.382118968027,1,4,3866.41605319544,0.0376012609527303,-3.49722713153184,0.125803688100859,3.25660126636596e-05,-27.7990827163036
week,2025-03-02,2025-03-02,61,Retail Media,media,148.95314105326,1,4,3849.01304062374,0.0386990481666753,3.57102208523256,7.49833331052196,0.00194098336202053,0.476242111059741
week,2025-03-09,2025-03-09,62,Retail Media,media,160.124722656101,1,4,4019.33848586634,0.0398385762281941,11.171581602841,141.555638608666,0.0365714435550701,0.0789200749093795
week,2025-03-16,2025-03-16,63,Retail Media,media,150.433973411944,1,4,3999.95431903818,0.0376089228559282,-9.69074924415699,-15.4332072024827,-0.00384655437933945,0.627915449913618
week,2025-03-23,2025-03-23,64,Retail Media,media,172.220605642299,1,4,4046.15922690798,0.0425639714070047,21.7866322303559,16.742642802119,0.0041890298966758,1.30126602399942
week,2025-03-30,2025-03-30,65,Retail Media,media,159.849124994273,1,4,3942.36034093542,0.0405465536304438,-12.3714806480266,-32.0779927531753,-0.00799247267781855,0.385668789915229
week,2025-04-06,2025-04-06,66,Retail Media,media,202.974641708509,1,4,3998.33448772193,0.0507647977756244,43.1255167142359,29.6654243561957,0.00745091438214929,1.45372997859136
week,2025-04-13,2025-04-13,67,Retail Media,media,201.282769948855,1,4,3975.50089491207,0.0506307947776998,-1.69187175965416,-42.0860285322069,-0.0104923569700551,0.0402003186962494
week,2025-04-20,2025-04-20,68,Retail Media,media,198.376697022632,1,4,3987.13032116662,0.0497542545749013,-2.90607292622275,58.5793492089338,0.0147591212938427,-0.0496091705603918
week,2025-04-27,2025-04-27,69,Retail Media,media,193.178163103449,1,4,3976.32615011593,0.0485820719454356,-5.19853391918292,-48.8257102218013,-0.0121227616074906,0.106471240163583
week,2025-05-04,2025-05-04,70,Retail Media,media,200.798449897622,1,4,3992.01923972896,0.0502999704759076,7.62028679417259,-28.7722989318759,-0.00723143655726,-0.264848033597007
week,2025-05-11,2025-05-11,71,Retail Media,media,198.816153109481,1,4,3916.73666608905,0.0507606638022982,-1.98229678814099,-21.6781870295667,-0.00548813718767272,0.091442000451299
week,2025-05-18,2025-05-18,72,Retail Media,media,195.543925664476,1,4,3857.05616785707,0.0506977127515147,-3.27222744500475,-37.9522667592969,-0.00966117062349547,0.0862195522011388
week,2025-05-25,2025-05-25,73,Retail Media,media,163.008512072057,1,4,3862.52769208923,0.0422025484518625,-32.5354135924193,1.90634055239389,0.000490014251739224,-17.0669472207172
week,2025-06-01,2025-06-01,74,Retail Media,media,146.4291366239,1,4,3767.10338978778,0.0388704852170646,-16.5793754481568,-36.0519654128875,-0.0092624187701883,0.459874385717406
week,2025-06-08,2025-06-08,75,Retail Media,media,152.075810099785,1,4,3910.91223508492,0.0388849968903696,5.64667347588571,53.5326260779302,0.0138821066913237,0.105480972812086
week,2025-06-15,2025-06-15,76,Retail Media,media,150.438130384345,1,4,3865.59414740563,0.0389172077170363,-1.63767971544087,-25.7877957617548,-0.00659574098820848,0.0635059983633681
week,2025-06-22,2025-06-22,77,Retail Media,media,139.916380016794,1,4,3775.80012291426,0.0370560875740433,-10.5217503675503,-118.116298135852,-0.0304111736126886,0.0890795811721828
week,2025-06-29,2025-06-29,78,Retail Media,media,146.683552816757,1,4,3685.9455360884,0.0397953663125528,6.76717279996251,-92.3910898331546,-0.0245338576563212,-0.0732448638952422
week,2024-01-07,2024-01-07,1,TV,media,297.03425850138,1,4,3576.69423704087,0.0830471487960143,,,,
week,2024-01-14,2024-01-14,2,TV,media,340.578285293986,1,4,3626.0757412522,0.09392475767105,43.5440267926064,87.3752848467811,0.0245157275017947,0.498356335764329
week,2024-01-21,2024-01-21,3,TV,media,329.099048806377,1,4,3663.06712991938,0.0898424836712235,-11.4792364876087,-1.63344535521992,-0.000447344561057439,7.02762198375666
week,2024-01-28,2024-01-28,4,TV,media,343.258574513979,1,4,3721.88078405762,0.0922271814788641,14.1595257076021,58.9601633192751,0.016154389564601,0.240154112717207
week,2024-02-04,2024-02-04,5,TV,media,343.773475509931,1,4,3753.24300715107,0.0915937163820562,0.514900995951905,102.786051353738,0.0277144560264828,0.00500944426963026
week,2024-02-11,2024-02-11,6,TV,media,359.905348103153,1,4,3695.814360214,0.0973818793437217,16.1318725932222,-110.029182930042,-0.0288673952651393,-0.14661449048003
week,2024-02-18,2024-02-18,7,TV,media,378.602957015369,1,4,3744.5650771508,0.101107324673189,18.6976089122155,46.0817832827529,0.0124494582385213,0.405748379950683
week,2024-02-25,2024-02-25,8,TV,media,377.081468943818,1,4,3750.55933922062,0.100540062118355,-1.52148807155089,72.7531530982233,0.0194133124080862,-0.0209130189793526
week,2024-03-03,2024-03-03,9,TV,media,385.358242201958,1,4,3790.13181954896,0.101674100149851,8.27677325814034,-38.5148924161208,-0.0100815245401842,-0.214897997603545
week,2024-03-10,2024-03-10,10,TV,media,397.479759002278,1,4,3867.23578744631,0.102781361377696,12.1215168003193,47.3494633775094,0.0125202544193301,0.256001144166651
week,2024-03-17,2024-03-17,11,TV,media,392.094927051967,1,4,3886.58876619421,0.100884078722821,-5.38483195031085,65.5302212176544,0.0171133884035275,-0.0821732606765585
week,2024-03-24,2024-03-24,12,TV,media,376.98649626459,1,4,3904.63794442323,0.0965483872334485,-15.1084307873767,-69.2158191615918,-0.0177717569522101,0.218280025727998
week,2024-03-31,2024-03-31,13,TV,media,392.497204867214,1,4,3795.87441601827,0.103400998518525,15.5107086026237,-44.1983755257138,-0.0115536416136582,-0.350933906917006
week,2024-04-07,2024-04-07,14,TV,media,381.397856603903,1,4,3889.41909001797,0.0980603652567921,-11.0993482633113,132.074791506062,0.0349284579459359,-0.0840383553647473
week,2024-04-14,2024-04-14,15,TV,media,392.848751094653,1,4,3911.1983200615,0.10044204331947,11.4508944907508,33.1909665082244,0.0084814293465536,0.345000332783722
week,2024-04-21,2024-04-21,16,TV,media,381.430325257798,1,4,3902.09791116215,0.0977500652063846,-11.4184258368558,-35.8668956397255,-0.0090881405179597,0.318355565297626
week,2024-04-28,2024-04-28,17,TV,media,393.912871882528,1,4,3899.31862820662,0.101020949925217,12.4825466247306,35.992921322003,0.00920371824534527,0.346805598608074
week,2024-05-05,2024-05-05,18,TV,media,380.333317289422,1,4,3874.33022696945,0.0981675012217332,-13.5795545931065,-79.7409291411227,-0.02020452607085,0.170295916280006
week,2024-05-12,2024-05-12,19,TV,media,381.585708249087,1,4,3816.74350919773,0.0999767753137007,1.25239095966515,-40.4311881183535,-0.0104555877418613,-0.0309758633854402
week,2024-05-19,2024-05-19,20,TV,media,366.645694057358,1,4,3789.69098555961,0.0967481769501628,-14.940014191729,42.1603442190431,0.0110179501824808,-0.354361769773713
week,2024-05-26,2024-05-26,21,TV,media,374.680753352149,1,4,3753.10970863105,0.0998320812446524,8.03505929479104,-38.5108411384326,-0.00995453079384401,-0.208644087152184
week,2024-06-02,2024-06-02,22,TV,media,347.365888379947,1,4,3681.70492515783,0.0943491929530601,-27.3148649722014,-126.800985956077,-0.0331058909244157,0.215415241184822
week,2024-06-09,2024-06-09,23,TV,media,339.544425604101,1,4,3756.44391132523,0.0903898563693218,-7.82146277584644,49.1079517466387,0.0132603673535929,-0.159270800301334
week,2024-06-16,2024-06-16,24,TV,media,332.871778393464,1,4,3754.34495512099,0.0886630776800148,-6.6726472106368,-65.277264937647,-0.0173958089221429,0.102220079487254
week,2024-06-23,2024-06-23,25,TV,media,330.019107516621,1,4,3724.88668003301,0.0885984288557462,-2.85267087684298,32.2987020486885,0.00875969806965427,-0.088321532937848
week,2024-06-30,2024-06-30,26,TV,media,312.390407351722,1,4,3586.69436787584,0.0870970245331302,-17.6287001648993,-68.1050434258914,-0.0183103066692605,0.25884573708674
week,2024-07-07,2024-07-07,27,TV,media,295.930616338213,1,4,3583.43265832957,0.0825829991950129,-16.4597910135085,-41.8288370712844,-0.011455601640836,0.393503433658886
week,2024-07-14,2024-07-14,28,TV,media,284.272967716866,1,4,3531.12256463624,0.0805049846085279,-11.6576486213471,-51.2114425956706,-0.0141877309093007,0.227637575324476
week,2024-07-21,2024-07-21,29,TV,media,291.841261505962,1,4,3544.54211474954,0.0823353911614007,7.56829378909606,-40.4126822619746,-0.0113571507483741,-0.187275215736355
week,2024-07-28,2024-07-28,30,TV,media,267.669079549157,1,4,3549.11204948844,0.0754186049402803,-24.172181956805,24.7980765931334,0.00704904497751979,-0.974760355547023
week,2024-08-04,2024-08-04,31,TV,media,230.836131712788,1,4,3420.24675534932,0.0674910754178064,-36.8329478363691,-139.89737539968,-0.0394885538664869,0.263285481454811
week,2024-08-11,2024-08-11,32,TV,media,232.068308359605,1,4,3415.56478866786,0.0679443438255248,1.23217664681658,-65.6904063550956,-0.0193046115206539,-0.0187573302584846
week,2024-08-18,2024-08-18,33,TV,media,220.600988418742,1,4,3410.68867583558,0.0646793094842339,-11.4673199408631,39.5707703296439,0.0118576735506308,-0.289792689031189
week,2024-08-25,2024-08-25,34,TV,media,230.94777686946,1,4,3400.76649483263,0.0679105070049292,10.346788450718,-57.6962583615509,-0.0170865037089938,-0.179332052797606
week,2024-09-01,2024-09-01,35,TV,media,201.448429131941,1,4,3350.52699846657,0.0601244010939585,-29.499347737519,28.6467320310353,0.0086310839860837,-1.02976310545859
week,2024-09-08,2024-09-08,36,TV,media,212.914513036184,1,4,3443.52947604516,0.0618303152382807,11.4660839042431,145.098556391382,0.0433432028603071,0.0790227290291922
week,2024-09-15,2024-09-15,37,TV,media,216.380848182084,1,4,3411.53219941741,0.0634262951465137,3.46633514589971,-53.7459730085893,-0.015387804057835,-0.0644947882020061
week,2024-09-22,2024-09-22,38,TV,media,219.071686291497,1,4,3407.92205338455,0.0642830683506765,2.69083810941336,-18.3878970467713,-0.00534684470400049,-0.146337457870738
week,2024-09-29,2024-09-29,39,TV,media,223.306577767047,1,4,3305.31856616622,0.0675597747378573,4.23489147555009,-124.403251925774,-0.0363685155909225,-0.0340416460984223
week,2024-10-06,2024-10-06,40,TV,media,208.067163781883,1,4,3379.93111538134,0.061559587068214,-15.2394139851637,96.2740839826452,0.0292073568167055,-0.15829196555026
week,2024-10-13,2024-10-13,41,TV,media,200.836418228065,1,4,3387.49649644595,0.0592875648546872,-7.23074555381811,-55.2831900317824,-0.016295702021086,0.13079465113466
week,2024-10-20,2024-10-20,42,TV,media,210.254636476678,1,4,3437.91615876927,0.0611575811528652,9.41821824861324,83.4603131921963,0.0250089478241293,0.112846667935747
week,2024-10-27,2024-10-27,43,TV,media,211.266395045396,1,4,3475.09582520403,0.0607944084629643,1.0117585687176,107.506704559776,0.0314284746358247,0.00941112066322371
week,2024-11-03,2024-11-03,44,TV,media,226.983418968998,1,4,3498.14443977808,0.0648868058127977,15.7170239236025,-1.66888708042461,-0.000473015736854432,-9.41766768282706
week,2024-11-10,2024-11-10,45,TV,media,226.509678556003,1,4,3476.4458381239,0.0651555321449337,-0.473740412995568,-110.428736190225,-0.0313138318819147,0.00429001027576284
week,2024-11-17,2024-11-17,46,TV,media,225.643203545211,1,4,3516.65976336112,0.0641640700917704,-0.866475010791532,50.1336163063161,0.0146757413193943,-0.0172833135654403
week,2024-11-24,2024-11-24,47,TV,media,251.419232480695,1,4,3489.123124265,0.072057999539256,25.7760289354835,13.7370544058667,0.00396312121769671,1.87638690027137
week,2024-12-01,2024-12-01,48,TV,media,280.790646523327,1,4,3508.90916675214,0.0800222043887298,29.371414042632,100.640007591639,0.0289198901210643,0.291846301938001
week,2024-12-08,2024-12-08,49,TV,media,261.640082143588,1,4,3597.64805911655,0.0727253132725376,-19.1505643797392,47.4689800644455,0.0132572765366219,-0.403433239006604
week,2024-12-15,2024-12-15,50,TV,media,309.725092540515,1,4,3677.84204642019,0.0842138103353255,48.0850103969274,48.5901071697322,0.0133928356896766,0.989604946310564
week,2024-12-22,2024-12-22,51,TV,media,309.039059067523,1,4,3688.46257689779,0.0837853313201954,-0.686033472992335,32.5195576630322,0.00884487060274997,-0.021096027200032
week,2024-12-29,2024-12-29,52,TV,media,306.22681627001,1,4,3612.44838040186,0.0847698801542307,-2.81224279751274,-79.0154860635157,-0.021302701400828,0.0355910333229128
week,2025-01-05,2025-01-05,53,TV,media,311.681871790696,1,4,3706.82605459717,0.0840832203076136,5.45505552068596,50.9681290741337,0.0140401829289341,0.107028757377998
week,2025-01-12,2025-01-12,54,TV,media,332.710766116291,1,4,3734.49126330269,0.0890913226617245,21.0288943255949,51.595905156812,0.0140163245522733,0.407569055367536
week,2025-01-19,2025-01-19,55,TV,media,338.455831022459,1,4,3823.14618909199,0.0885280902906943,5.7450649061683,99.6982097914183,0.0267092272209686,0.0576245543243727
week,2025-01-26,2025-01-26,56,TV,media,341.299011453306,1,4,3858.1112597288,0.0884627187960612,2.84318043084687,16.3167398793603,0.00425755128121552,0.174249295623284
week,2025-02-02,2025-02-02,57,TV,media,365.244759520372,1,4,3839.55129816057,0.0951269383209833,23.9457480670657,-62.8493774230337,-0.0163298566199733,-0.381002152270959
week,2025-02-09,2025-02-09,58,TV,media,375.612185896955,1,4,3852.95015124085,0.0974869051383883,10.3674263765837,89.3241315025134,0.023593952679325,0.116065235700523
week,2025-02-16,2025-02-16,59,TV,media,372.95375579226,1,4,3862.5321972012,0.0965568017950769,-2.6584301046957,-12.1787933015198,-0.00314273997737913,0.218283539171647
week,2025-02-23,2025-02-23,60,TV,media,375.11064013667,1,4,3866.41605319544,0.0970176605351761,2.15688434441057,0.125803688100859,3.25660126636596e-05,17.1448419117996
week,2025-03-02,2025-03-02,61,TV,media,386.092935900573,1,4,3849.01304062374,0.100309594128578,10.9822957639031,7.49833331052196,0.00194098336202053,1.46463157999289
week,2025-03-09,2025-03-09,62,TV,media,403.955404008936,1,4,4019.33848586634,0.100502957247669,17.8624681083631,141.555638608666,0.0365714435550701,0.126186906321296
week,2025-03-16,2025-03-16,63,TV,media,387.524811566763,1,4,3999.95431903818,0.0968823093109589,-16.4305924421736,-15.4332072024827,-0.00384655437933945,1.06462592166393
week,2025-03-23,2025-03-23,64,TV,media,388.233385896625,1,4,4046.15922690798,0.0959510894466968,0.708574329862415,16.742642802119,0.0041890298966758,0.0423215341948725
week,2025-03-30,2025-03-30,65,TV,media,392.260311847856,1,4,3942.36034093542,0.0994988478792333,4.02692595123079,-32.0779927531753,-0.00799247267781855,-0.125535471692885
week,2025-04-06,2025-04-06,66,TV,media,374.607206088185,1,4,3998.33448772193,0.0936908123216122,-17.6531057596708,29.6654243561957,0.00745091438214929,-0.595073427829929
week,2025-04-13,2025-04-13,67,TV,media,384.273415727838,1,4,3975.50089491207,0.0966603771161615,9.66620963965278,-42.0860285322069,-0.0104923569700551,-0.229677400714006
week,2025-04-20,2025-04-20,68,TV,media,380.658851333766,1,4,3987.13032116662,0.0954718859609252,-3.61456439407181,58.5793492089338,0.0147591212938427,-0.0617037308007608
week,2025-04-27,2025-04-27,69,TV,media,372.715646585751,1,4,3976.32615011593,0.0937336708596914,-7.94320474801566,-48.8257102218013,-0.0121227616074906,0.162684878764322
week,2025-05-04,2025-05-04,70,TV,media,373.728393782727,1,4,3992.01923972896,0.0936188859170181,1.01274719697625,-28.7722989318759,-0.00723143655726,-0.0351986888282417
week,2025-05-11,2025-05-11,71,TV,media,378.120948162566,1,4,3916.73666608905,0.0965397933019909,4.39255437983883,-21.6781870295667,-0.00548813718767272,-0.202625541234046
week,2025-05-18,2025-05-18,72,TV,media,362.253554134599,1,4,3857.05616785707,0.0939196989542059,-15.8673940279668,-37.9522667592969,-0.00966117062349547,0.41808817714636
week,2025-05-25,2025-05-25,73,TV,media,352.225969192337,1,4,3862.52769208923,0.0911905356468315,-10.0275849422619,1.90634055239389,0.000490014251739224,-5.26012255767721
week,2025-06-01,2025-06-01,74,TV,media,359.105723966903,1,4,3767.10338978778,0.0953267502400918,6.87975477456592,-36.0519654128875,-0.0092624187701883,-0.190828840973719
week,2025-06-08,2025-06-08,75,TV,media,346.341641030179,1,4,3910.91223508492,0.0885577635629707,-12.7640829367234,53.5326260779302,0.0138821066913237,-0.238435583528857
week,2025-06-15,2025-06-15,76,TV,media,336.86103160403,1,4,3865.59414740563,0.0871434037714777,-9.48060942614944,-25.7877957617548,-0.00659574098820848,0.367639387008404
week,2025-06-22,2025-06-22,77,TV,media,332.432893042888,1,4,3775.80012291426,0.0880430325285089,-4.42813856114179,-118.116298135852,-0.0304111736126886,0.0374896490241234
week,2025-06-29,2025-06-29,78,TV,media,314.550327347703,1,4,3685.9455360884,0.0853377577796525,-17.8825656951851,-92.3910898331546,-0.0245338576563212,0.193552925151965
