period_granularity,period_start,period_label,period_sort,spend,variable,spend_col,contribution,outcome_per_cost,cost_per_outcome,signed_economics_flag,spend_share,contribution_share,efficiency_index,fair_share_index
week,2024-01-07,2024-01-07,1,524.257797357272,display,display_spend,82.5957659976545,0.157547997214369,6.34727205474624,positive_economics,0.0410519783462229,0.0760828627449507,1.85332999309523,1.85332999309523
week,2024-01-07,2024-01-07,1,1740.01677478875,meta,meta_spend,168.664861692031,0.0969328940593164,10.3164153892699,positive_economics,0.136251919038246,0.155365173589834,1.1402787915686,1.1402787915686
week,2024-01-07,2024-01-07,1,2452.03550671477,paid_search,paid_search_spend,296.311261390836,0.120842973349857,8.27520187793511,positive_economics,0.192006507167362,0.272946303698211,1.42154715340089,1.42154715340089
week,2024-01-07,2024-01-07,1,1752.99786105156,retail_media,retail_media_spend,159.990754447831,0.0912669421923072,10.9568697710165,positive_economics,0.137268402292968,0.147375043552003,1.07362685869589,1.07362685869589
week,2024-01-07,2024-01-07,1,636.478333130645,tiktok,tiktok_spend,81.005860770305,0.127271984848033,7.85718869077142,positive_economics,0.0498394013045323,0.0746183259163517,1.49717540667099,1.49717540667099
week,2024-01-07,2024-01-07,1,5664.7991768421,tv,tv_spend,297.03425850138,0.052435090676412,19.0711980679353,positive_economics,0.443581791850668,0.273612290498649,0.616824891204643,0.616824891204643
week,2024-01-14,2024-01-14,2,459.945732985861,display,display_spend,75.2660112515844,0.163641068616889,6.11093540547067,positive_economics,0.033115240599807,0.0676968788662441,2.04428165521584,2.04428165521584
week,2024-01-14,2024-01-14,2,1857.49459284064,meta,meta_spend,176.592486581049,0.0950702560651809,10.5185369366671,positive_economics,0.133736169168134,0.158833449175433,1.18766262084079,1.18766262084079
week,2024-01-14,2024-01-14,2,2327.3819649176,paid_search,paid_search_spend,286.390727743563,0.123052739971585,8.12659677656031,positive_economics,0.167567189362896,0.257589821515397,1.53723304958909,1.53723304958909
week,2024-01-14,2024-01-14,2,1605.03011898602,retail_media,retail_media_spend,150.703584190204,0.0938945521380067,10.6502451657706,positive_economics,0.115559194810038,0.135548066304873,1.17297517110338,1.17297517110338
week,2024-01-14,2024-01-14,2,661.443002459783,tiktok,tiktok_spend,82.2780830303111,0.124391796004092,8.03911537676575,positive_economics,0.0476226706731679,0.0740037810909303,1.55396117111564,1.55396117111564
week,2024-01-14,2024-01-14,2,6977.95088815379,tv,tv_spend,340.578285293986,0.0488077790676591,20.4885372598856,positive_economics,0.502399535385957,0.306328003047123,0.609729869299727,0.609729869299727
week,2024-01-21,2024-01-21,3,662.818175045379,display,display_spend,95.892151883041,0.144673389314462,6.91212119062479,positive_economics,0.0484673488448124,0.0851425903671833,1.75669997217717,1.75669997217717
week,2024-01-21,2024-01-21,3,1654.71191032914,meta,meta_spend,163.611648665864,0.0988762138258369,10.1136558663282,positive_economics,0.120997737260445,0.145270695339571,1.20060671074269,1.20060671074269
week,2024-01-21,2024-01-21,3,2283.64325292582,paid_search,paid_search_spend,283.507581517515,0.124147053684626,8.05496361226847,positive_economics,0.166987174377166,0.251726229989897,1.50745846756671,1.50745846756671
week,2024-01-21,2024-01-21,3,1522.93376141369,retail_media,retail_media_spend,145.181167089215,0.0953299288305539,10.4898850997515,positive_economics,0.111361704704199,0.128906280605563,1.15754586325673,1.15754586325673
week,2024-01-21,2024-01-21,3,986.097402115225,tiktok,tiktok_spend,108.962036905093,0.110498249636765,9.04991710988409,positive_economics,0.0721065423108075,0.0967473342875831,1.34172754908374,1.34172754908374
week,2024-01-21,2024-01-21,3,6565.35627967041,tv,tv_spend,329.099048806377,0.0501266092482187,19.9494842160212,positive_economics,0.48007949250257,0.292206869410202,0.608663510884372,0.608663510884372
week,2024-01-28,2024-01-28,4,685.326736041711,display,display_spend,98.7777258615036,0.14413231042469,6.93806959073555,positive_economics,0.0474774866526096,0.0849006233796218,1.78822910321339,1.78822910321339
week,2024-01-28,2024-01-28,4,1834.57023332451,meta,meta_spend,173.520917096756,0.0945839597442451,10.5726172038472,positive_economics,0.127093806771662,0.149143280050545,1.17348975405621,1.17348975405621
week,2024-01-28,2024-01-28,4,2214.9975150654,paid_search,paid_search_spend,279.049416813766,0.125981819354559,7.93765326714034,positive_economics,0.153448726609552,0.239846273383804,1.56303853856077,1.56303853856077
week,2024-01-28,2024-01-28,4,1648.96167338486,retail_media,retail_media_spend,153.361428064125,0.0930048469527596,10.7521277951023,positive_economics,0.11423537375905,0.131815960850215,1.15389792594584,1.15389792594584
week,2024-01-28,2024-01-28,4,1055.38012717619,tiktok,tiktok_spend,115.483063560126,0.10942319320444,9.13883035867596,positive_economics,0.0731137328609738,0.0992590586646043,1.35759801586586,1.35759801586586
week,2024-01-28,2024-01-28,4,6995.53658022264,tv,tv_spend,343.258574513979,0.0490682266581836,20.3797868418222,positive_economics,0.484630873346153,0.295034803671209,0.608782518608709,0.608782518608709
week,2024-02-04,2024-02-04,5,731.370752601998,display,display_spend,102.74787307852,0.140486713083581,7.11811087362448,positive_economics,0.0501862439240652,0.087488407970934,1.74327467310184,1.74327467310184
week,2024-02-04,2024-02-04,5,1684.75221493367,meta,meta_spend,166.599102118552,0.0988864122817678,10.1126128142923,positive_economics,0.115606736131383,0.141856855787181,1.22706392840263,1.22706392840263
week,2024-02-04,2024-02-04,5,2429.48702411391,paid_search,paid_search_spend,294.812086865719,0.121347463040369,8.24079857085538,positive_economics,0.166710013995984,0.251028457890898,1.50577911832546,1.50577911832546
week,2024-02-04,2024-02-04,5,1783.48235211342,retail_media,retail_media_spend,160.390014106688,0.0899308108749306,11.1196595501705,positive_economics,0.12238154183633,0.136569902307432,1.1159354610034,1.1159354610034
week,2024-02-04,2024-02-04,5,920.628914624715,tiktok,tiktok_spend,106.094442085697,0.115241266486775,8.67744715487622,positive_economics,0.063173031063284,0.0903379656876092,1.43000840971383,1.43000840971383
week,2024-02-04,2024-02-04,5,7023.41064820815,tv,tv_spend,343.773475509931,0.0489467998852718,20.430344830386,positive_economics,0.481942433048954,0.292718410355946,0.607372147134039,0.607372147134039
week,2024-02-11,2024-02-11,6,652.898245523363,display,display_spend,95.3601817265952,0.146056728411262,6.84665479555472,positive_economics,0.0471639948018436,0.0868424129150368,1.84128620317044,1.84128620317044
week,2024-02-11,2024-02-11,6,863.342497971756,meta,meta_spend,103.869174128063,0.120310507558798,8.31182596009977,positive_economics,0.0623660445800563,0.0945913645030043,1.51671258198172,1.51671258198172
week,2024-02-11,2024-02-11,6,2380.82072004319,paid_search,paid_search_spend,292.400882807695,0.122815162160715,8.14231714070782,positive_economics,0.17198547680922,0.266283030734045,1.548287888456,1.548287888456
week,2024-02-11,2024-02-11,6,1462.88137403001,retail_media,retail_media_spend,140.536169805133,0.0960680560297091,10.4092873461575,positive_economics,0.10567547086171,0.127983188231607,1.21109645585673,1.21109645585673
week,2024-02-11,2024-02-11,6,926.466738562426,tiktok,tiktok_spend,106.011294390783,0.114425364644259,8.73932106844435,positive_economics,0.0669260068337489,0.096542146150025,1.44252063909693,1.44252063909693
week,2024-02-11,2024-02-11,6,7556.74023054851,tv,tv_spend,359.905348103153,0.047627063670684,20.9964655162131,positive_economics,0.545883006113422,0.327757857466282,0.600417770466701,0.600417770466701
week,2024-02-18,2024-02-18,7,480.519439306866,display,display_spend,76.185228340462,0.158547650955301,6.30725207200911,positive_economics,0.032561111262339,0.0674403083102411,2.07119185112838,2.07119185112838
week,2024-02-18,2024-02-18,7,1028.00191374782,meta,meta_spend,117.591406450403,0.114388314727641,8.7421516995071,positive_economics,0.0696597930350619,0.104093679029354,1.49431507752198,1.49431507752198
week,2024-02-18,2024-02-18,7,2458.66317005688,paid_search,paid_search_spend,297.607489012349,0.121044432859611,8.26142909983983,positive_economics,0.166604716663111,0.263446618873884,1.58126747039579,1.58126747039579
week,2024-02-18,2024-02-18,7,1569.29634453592,retail_media,retail_media_spend,147.775910644184,0.0941669883822259,10.6194327458045,positive_economics,0.106339158623267,0.130813455465847,1.2301531924781,1.2301531924781
week,2024-02-18,2024-02-18,7,1022.98918332723,tiktok,tiktok_spend,111.906048453128,0.109391233335584,9.14150036989031,positive_economics,0.0693201188000541,0.0990609147449589,1.42903555936897,1.42903555936897
week,2024-02-18,2024-02-18,7,8197.99431918781,tv,tv_spend,378.602957015369,0.0461823883104225,21.6532759908027,positive_economics,0.555515101616167,0.335145023575716,0.603304973349373,0.603304973349373
week,2024-02-25,2024-02-25,8,370.002551548464,display,display_spend,63.5205470253356,0.171675970231831,5.8249270334666,positive_economics,0.0252149689123567,0.0566913247249797,2.24832023081328,2.24832023081328
week,2024-02-25,2024-02-25,8,1199.97793510273,meta,meta_spend,130.64578552645,0.108873489840682,9.18497240662836,positive_economics,0.0817762099274771,0.11659979326494,1.42584002570364,1.42584002570364
week,2024-02-25,2024-02-25,8,2204.44880882738,paid_search,paid_search_spend,277.813664945979,0.126024094473646,7.93499056015132,positive_economics,0.150228986126826,0.247945356739566,1.65044951132297,1.65044951132297
week,2024-02-25,2024-02-25,8,1772.08992346867,retail_media,retail_media_spend,161.662324614808,0.091226930684405,10.9616753791646,positive_economics,0.120764551874476,0.144281681593166,1.19473537021968,1.19473537021968
week,2024-02-25,2024-02-25,8,988.216302079704,tiktok,tiktok_spend,109.739477944392,0.111048034436838,9.0051121127117,positive_economics,0.0673450581120116,0.0979411650345813,1.45431851690856,1.45431851690856
week,2024-02-25,2024-02-25,8,8139.18903682337,tv,tv_spend,377.081468943818,0.046329120412098,21.5846964307759,positive_economics,0.554670225046853,0.336540678642768,0.606740119526591,0.606740119526591
week,2024-03-03,2024-03-03,9,503.490877705907,display,display_spend,79.7129545813153,0.158320553779479,6.31629928096939,positive_economics,0.0332325556460909,0.069497158064161,2.09123724351112,2.09123724351112
week,2024-03-03,2024-03-03,9,1267.9028762739,meta,meta_spend,136.534058356722,0.107684950410371,9.28634870693769,positive_economics,0.0836870234503493,0.119036222965228,1.42239761981558,1.42239761981558
week,2024-03-03,2024-03-03,9,2556.73599513109,paid_search,paid_search_spend,303.972685383546,0.118890916372443,8.41107151422193,positive_economics,0.168755532608055,0.265016368722576,1.57041588282674,1.57041588282674
week,2024-03-03,2024-03-03,9,1726.69233346538,retail_media,retail_media_spend,158.643405581237,0.0918770544737684,10.884110355165,positive_economics,0.113969093773898,0.138312096088085,1.21359301463325,1.21359301463325
week,2024-03-03,2024-03-03,9,651.816093670935,tiktok,tiktok_spend,82.7745426727579,0.126990639655096,7.87459613335267,positive_economics,0.0430226555496594,0.0721663813119493,1.67740415811038,1.67740415811038
week,2024-03-03,2024-03-03,9,8443.89322036934,tv,tv_spend,385.358242201958,0.0456375077401918,21.9118012686597,positive_economics,0.557333138971947,0.335971772848002,0.602820376817594,0.602820376817594
week,2024-03-10,2024-03-10,10,522.391567787251,display,display_spend,82.1582870070589,0.157273378961811,6.3583551558514,positive_economics,0.034789465757876,0.0737915007285975,2.12108749361556,2.12108749361556
week,2024-03-10,2024-03-10,10,1132.64940761957,meta,meta_spend,126.617110966398,0.111788440548874,8.94546873621336,positive_economics,0.0754305203450511,0.113722753680674,1.50764906778394,1.50764906778394
week,2024-03-10,2024-03-10,10,2347.44136026958,paid_search,paid_search_spend,286.09656949121,0.121875917470567,8.20506643768652,positive_economics,0.1563314491611,0.256961238910033,1.64369511246092,1.64369511246092
week,2024-03-10,2024-03-10,10,1589.07395658538,retail_media,retail_media_spend,149.188909783296,0.0938841827751521,10.6514214688852,positive_economics,0.105826811549673,0.133995899208888,1.26618101071668,1.26618101071668
week,2024-03-10,2024-03-10,10,543.836264895513,tiktok,tiktok_spend,71.8435095639787,0.13210503638955,7.56973410954001,positive_economics,0.0362176081739108,0.0645271533945182,1.78165143000802,1.78165143000802
week,2024-03-10,2024-03-10,10,8880.4047943438,tv,tv_spend,397.479759002278,0.0447591937763293,22.3417786521625,positive_economics,0.591404145012389,0.35700145407729,0.603650578184249,0.603650578184249
week,2024-03-17,2024-03-17,11,523.344476452836,display,display_spend,82.5260800031946,0.157689788879681,6.34156470818167,positive_economics,0.0350446750904093,0.0733907222033183,2.09420466915395,2.09420466915395
week,2024-03-17,2024-03-17,11,1252.04038903997,meta,meta_spend,136.859682208579,0.109309318937802,9.14835084252069,positive_economics,0.0838402822771159,0.121709778501722,1.45168617275687,1.45168617275687
week,2024-03-17,2024-03-17,11,2264.73123194926,paid_search,paid_search_spend,283.206831445524,0.125050967395265,7.99673941617078,positive_economics,0.151653019687343,0.251856793536005,1.66074367694919,1.66074367694919
week,2024-03-17,2024-03-17,11,1662.76528032634,retail_media,retail_media_spend,154.76666106756,0.0930778762936307,10.7436916249069,positive_economics,0.11134362092747,0.137634515395675,1.23612394000848,1.23612394000848
week,2024-03-17,2024-03-17,11,568.727146603603,tiktok,tiktok_spend,75.0214675371062,0.131911177416322,7.58085872316889,positive_economics,0.0380836312688494,0.0667168449426882,1.75185093227335,1.75185093227335
week,2024-03-17,2024-03-17,11,8662.02904261062,tv,tv_spend,392.094927051967,0.0452659446329673,22.0916631279511,positive_economics,0.580034770748812,0.348691345420591,0.601155935825085,0.601155935825085
week,2024-03-24,2024-03-24,12,503.257617719306,display,display_spend,80.3206559179276,0.159601470678039,6.26560642424956,positive_economics,0.0338044569249119,0.0706543069606205,2.09008850867095,2.09008850867095
week,2024-03-24,2024-03-24,12,1253.33413708417,meta,meta_spend,137.093456172502,0.10938300658709,9.14218790652648,positive_economics,0.0841880547016666,0.120594671744238,1.43244397523596,1.43244397523596
week,2024-03-24,2024-03-24,12,2660.88591599098,paid_search,paid_search_spend,310.827212049163,0.116813430512448,8.56065946880518,positive_economics,0.17873510536584,0.27342009350964,1.52975036968813,1.52975036968813
week,2024-03-24,2024-03-24,12,1571.37692440445,retail_media,retail_media_spend,148.236678952272,0.0943355325193242,10.6004595860542,positive_economics,0.105551394918891,0.130396841233701,1.23538719060892,1.23538719060892
week,2024-03-24,2024-03-24,12,665.675683451242,tiktok,tiktok_spend,83.3473861906614,0.12520719663146,7.98676135960011,positive_economics,0.0447142858346952,0.0733167793636752,1.63967237751981,1.63967237751981
week,2024-03-24,2024-03-24,12,8232.78528560123,tv,tv_spend,376.98649626459,0.0457908816016279,21.838408980631,positive_economics,0.553006702253995,0.331617307188126,0.599662365458664,0.599662365458664
week,2024-03-31,2024-03-31,13,644.842100890488,display,display_spend,94.1974024811999,0.146078245125619,6.84564631194779,positive_economics,0.0428023338194846,0.083735409730415,1.95632813116131,1.95632813116131
week,2024-03-31,2024-03-31,13,1215.87910157971,meta,meta_spend,133.332473464445,0.109659318341121,9.11915207141146,positive_economics,0.0807057465976281,0.118523961402686,1.46859382880883,1.46859382880883
week,2024-03-31,2024-03-31,13,2192.60333392395,paid_search,paid_search_spend,276.175581608256,0.125957840770954,7.93916435752843,positive_economics,0.145537240361212,0.245502263059944,1.68686902713441,1.68686902713441
week,2024-03-31,2024-03-31,13,1658.19995656121,retail_media,retail_media_spend,154.031492472559,0.0928907830826333,10.7653307122024,positive_economics,0.110065437697346,0.136924053040117,1.24402406336334,1.24402406336334
week,2024-03-31,2024-03-31,13,563.014090156067,tiktok,tiktok_spend,74.7069277912639,0.132691044678039,7.53630361737222,positive_economics,0.0373708804041409,0.0664096359721864,1.77704231888601,1.77704231888601
week,2024-03-31,2024-03-31,13,8791.04413978535,tv,tv_spend,392.497204867214,0.0446473932591126,22.3977241895505,positive_economics,0.583518361120189,0.348904676794652,0.597932644526994,0.597932644526994
week,2024-04-07,2024-04-07,14,723.33195436055,display,display_spend,102.29387509031,0.141420373417266,7.07111695320915,positive_economics,0.0445594050186933,0.0839848924348103,1.88478487088366,1.88478487088366
week,2024-04-07,2024-04-07,14,1861.16435003319,meta,meta_spend,174.583707340845,0.0938034877670696,10.6605844175344,positive_economics,0.114653273064367,0.143335990243273,1.25016919632817,1.25016919632817
week,2024-04-07,2024-04-07,14,2458.09873903192,paid_search,paid_search_spend,297.896860547409,0.121189948889007,8.25150937984027,positive_economics,0.151426211199659,0.244578043090596,1.61516319501724,1.61516319501724
week,2024-04-07,2024-04-07,14,2404.0635697899,retail_media,retail_media_spend,195.881061945109,0.0814791523845716,12.2730780909468,positive_economics,0.148097483667308,0.160821455858942,1.08591619436436,1.08591619436436
week,2024-04-07,2024-04-07,14,482.143666924588,tiktok,tiktok_spend,65.9499260245429,0.136784802018064,7.31075371858887,positive_economics,0.0297014874044702,0.0541459343324809,1.82300413427551,1.82300413427551
week,2024-04-07,2024-04-07,14,8304.17825577819,tv,tv_spend,381.397856603903,0.0459284284195753,21.7730071419946,positive_economics,0.511562139645503,0.313133684039898,0.612112702978548,0.612112702978548
week,2024-04-14,2024-04-14,15,723.731633099552,display,display_spend,101.980474968988,0.140909240808271,7.09676664400354,positive_economics,0.0428699058337868,0.0821161169120876,1.91547229495825,1.91547229495825
week,2024-04-14,2024-04-14,15,1784.19400593504,meta,meta_spend,171.469292409092,0.0961046230615656,10.4053266965044,positive_economics,0.10568590002908,0.138069492876747,1.30641355979138,1.30641355979138
week,2024-04-14,2024-04-14,15,2454.19414289734,paid_search,paid_search_spend,298.311820709257,0.121551842820829,8.22694232183734,positive_economics,0.145373045742451,0.240204885818274,1.65233441035438,1.65233441035438
week,2024-04-14,2024-04-14,15,2542.78752364244,retail_media,retail_media_spend,200.90517626479,0.0790098167451292,12.6566550992747,positive_economics,0.150620833342633,0.161771681759865,1.07403257683395,1.07403257683395
week,2024-04-14,2024-04-14,15,582.520409594206,tiktok,tiktok_spend,76.3902005549509,0.131137380419281,7.62559078733106,positive_economics,0.0345053248517153,0.0615104669949393,1.78263694833412,1.78263694833412
week,2024-04-14,2024-04-14,15,8794.61620406863,tv,tv_spend,392.848751094653,0.0446692319458933,22.3867739926954,positive_economics,0.520944990200334,0.316327355638088,0.60721834663664,0.60721834663664
week,2024-04-21,2024-04-21,16,628.781052355994,display,display_spend,93.6984992227805,0.149016098484042,6.71068435003409,positive_economics,0.0382943157073996,0.0757173638685103,1.97724812337825,1.97724812337825
week,2024-04-21,2024-04-21,16,1753.50712968687,meta,meta_spend,167.719195839646,0.0956478550900426,10.4550175125057,positive_economics,0.106792905682831,0.135533178060092,1.26912155066383,1.26912155066383
week,2024-04-21,2024-04-21,16,2332.82717178315,paid_search,paid_search_spend,288.229524241668,0.123553741026324,8.09364404261092,positive_economics,0.142074923969697,0.23291706853025,1.63939604556768,1.63939604556768
week,2024-04-21,2024-04-21,16,2403.95177184502,retail_media,retail_media_spend,195.158671161597,0.08118244028324,12.3179347222265,positive_economics,0.146406587398686,0.157706902874758,1.07718447425661,1.07718447425661
week,2024-04-21,2024-04-21,16,996.057354657634,tiktok,tiktok_spend,111.240823037342,0.111681142172358,8.95406315290631,positive_economics,0.0606623476630166,0.0898932420990492,1.48186223517778,1.48186223517778
week,2024-04-21,2024-04-21,16,8304.57230079163,tv,tv_spend,381.430325257798,0.0459301588862605,21.7721868212204,positive_economics,0.505768919578369,0.308232244567341,0.609432949783267,0.609432949783267
week,2024-04-28,2024-04-28,17,490.067403855946,display,display_spend,79.0059055442264,0.161214365457879,6.20292116747669,positive_economics,0.0289666573932593,0.0636208699158317,2.19634834120131,2.19634834120131
week,2024-04-28,2024-04-28,17,1696.63262334224,meta,meta_spend,166.090705764527,0.0978943251941843,10.2150967179802,positive_economics,0.100283706967436,0.133747409296619,1.33369032060263,1.33369032060263
week,2024-04-28,2024-04-28,17,2428.19288781866,paid_search,paid_search_spend,294.40281404965,0.121243586342155,8.24785896037379,positive_economics,0.143524402791881,0.237072950515359,1.65179541530042,1.65179541530042
week,2024-04-28,2024-04-28,17,2507.05767288287,retail_media,retail_media_spend,199.742745933205,0.0796721783043469,12.5514329002028,positive_economics,0.148185902804682,0.160846295832073,1.0854358801193,1.0854358801193
week,2024-04-28,2024-04-28,17,967.631273489368,tiktok,tiktok_spend,108.66867990209,0.112303811254695,8.90441730184998,positive_economics,0.0571942621803282,0.0875073312602675,1.53000192544429,1.53000192544429
week,2024-04-28,2024-04-28,17,8828.74589740806,tv,tv_spend,393.912871882528,0.044617081118868,22.4129408496226,positive_economics,0.521845067862414,0.317205143179849,0.60785310183957,0.60785310183957
week,2024-05-05,2024-05-05,18,496.918545111801,display,display_spend,78.4866431844484,0.157946697615783,6.33124981462147,positive_economics,0.0305084707625987,0.064003567767383,2.09789498350888,2.09789498350888
week,2024-05-05,2024-05-05,18,1762.46362637733,meta,meta_spend,170.905837271599,0.0969698521511555,10.312483496842,positive_economics,0.108207010071195,0.139368724331193,1.28798239817822,1.28798239817822
week,2024-05-05,2024-05-05,18,2387.30555637732,paid_search,paid_search_spend,292.988284118235,0.122727601138263,8.14812634423953,positive_economics,0.146569377385061,0.238923398132108,1.63010447608315,1.63010447608315
week,2024-05-05,2024-05-05,18,2351.06876844176,retail_media,retail_media_spend,191.575986914156,0.0814846377467421,12.2722518949896,positive_economics,0.144344608363784,0.156224628338966,1.0823031778592,1.0823031778592
week,2024-05-05,2024-05-05,18,1047.57148449369,tiktok,tiktok_spend,111.995370023041,0.106909525202636,9.35370349933366,positive_economics,0.0643159816046254,0.0913289569291092,1.42000408997165,1.42000408997165
week,2024-05-05,2024-05-05,18,8242.55970057574,tv,tv_spend,380.333317289422,0.0461426220865413,21.6719370243954,positive_economics,0.506054551812736,0.310150724501241,0.612880021314405,0.612880021314405
week,2024-05-12,2024-05-12,19,453.031325438098,display,display_spend,74.4650729160206,0.164370693006737,6.08380959955566,positive_economics,0.0288456568533688,0.0630894725519783,2.18713939754193,2.18713939754193
week,2024-05-12,2024-05-12,19,1050.37862238942,meta,meta_spend,120.565721785595,0.114783106982251,8.71208339180636,positive_economics,0.0668802787053619,0.102147590775611,1.52732005238222,1.52732005238222
week,2024-05-12,2024-05-12,19,2430.12459267122,paid_search,paid_search_spend,294.295824058718,0.121103183329059,8.25742125442582,positive_economics,0.154732214253261,0.249337945791762,1.61141587092946,1.61141587092946
week,2024-05-12,2024-05-12,19,2502.76562791914,retail_media,retail_media_spend,200.657328647476,0.0801742386139076,12.4728343828205,positive_economics,0.159357453742404,0.170004064084313,1.06680961631778,1.06680961631778
week,2024-05-12,2024-05-12,19,982.524930623823,tiktok,tiktok_spend,108.739354767469,0.110673379756816,9.03559647493656,positive_economics,0.062559861553166,0.0921278697418174,1.4726354479465,1.4726354479465
week,2024-05-12,2024-05-12,19,8286.53143837377,tv,tv_spend,381.585708249087,0.0460489061179466,21.7160424492748,positive_economics,0.527624534892439,0.323293057054519,0.612733176103012,0.612733176103012
week,2024-05-19,2024-05-19,20,372.414181344091,display,display_spend,63.4994095897298,0.170507496144621,5.86484478753838,positive_economics,0.0244091881353594,0.0544203778850579,2.22950380747092,2.22950380747092
week,2024-05-19,2024-05-19,20,1206.51780401266,meta,meta_spend,133.496569718199,0.110646166408994,9.03781877361739,positive_economics,0.0790789436656695,0.114409469589752,1.44677539034225,1.44677539034225
week,2024-05-19,2024-05-19,20,2463.44777378943,paid_search,paid_search_spend,296.926547922996,0.120532917759504,8.2964887815565,positive_economics,0.161462058064059,0.254472522602614,1.57605152352049,1.57605152352049
week,2024-05-19,2024-05-19,20,2507.35230305876,retail_media,retail_media_spend,200.484718887684,0.0799587352136791,12.5064509503262,positive_economics,0.164339697983843,0.171819773326081,1.04551593701343,1.04551593701343
week,2024-05-19,2024-05-19,20,919.270750638316,tiktok,tiktok_spend,105.77853100286,0.115067874105001,8.69052294376697,positive_economics,0.0602518749921921,0.0906545063410003,1.50459228617778,1.50459228617778
week,2024-05-19,2024-05-19,20,7788.12820187524,tv,tv_spend,366.645694057358,0.0470775113806006,21.2415646170302,positive_economics,0.510458237158877,0.314223350255494,0.615571122927523,0.615571122927523
week,2024-05-26,2024-05-26,21,492.281998752224,display,display_spend,79.2162218427535,0.160916348847898,6.21440895943534,positive_economics,0.0331073234341334,0.0691503059365237,2.08867098767732,2.08867098767732
week,2024-05-26,2024-05-26,21,1278.02048235576,meta,meta_spend,137.846191664823,0.107859141201503,9.27135140202716,positive_economics,0.0859504056050113,0.120330231663014,1.39999608862809,1.39999608862809
week,2024-05-26,2024-05-26,21,2404.0151790567,paid_search,paid_search_spend,293.083179426364,0.121914030318796,8.20250136415861,positive_economics,0.161676657434829,0.255841430589966,1.58242652123789,1.58242652123789
week,2024-05-26,2024-05-26,21,1641.76356145608,retail_media,retail_media_spend,152.815783886052,0.0930802628793387,10.743416155757,positive_economics,0.110413131841652,0.133397654695354,1.20816838061133,1.20816838061133
week,2024-05-26,2024-05-26,21,943.892923082935,tiktok,tiktok_spend,107.923616354993,0.114338834115308,8.74593490249802,positive_economics,0.0634794048348393,0.0942098842272221,1.48410156762398,1.48410156762398
week,2024-05-26,2024-05-26,21,8109.30393908986,tv,tv_spend,374.680753352149,0.0462038118396387,21.6432359189484,positive_economics,0.545373076849535,0.327070492887921,0.599718810428476,0.599718810428476
week,2024-06-02,2024-06-02,22,456.487745257128,display,display_spend,75.2172201410994,0.164773799346424,6.06892603051278,positive_economics,0.0334392335239378,0.0689454222886434,2.06181227925838,2.06181227925838
week,2024-06-02,2024-06-02,22,1226.5994667518,meta,meta_spend,133.868206661662,0.109137669051955,9.16273921448655,positive_economics,0.0898524581113292,0.122705944489812,1.36563814801568,1.36563814801568
week,2024-06-02,2024-06-02,22,2685.25018640686,paid_search,paid_search_spend,314.089540747496,0.116968445747612,8.54931424974002,positive_economics,0.196703436152221,0.287899977992535,1.46362454883473,1.46362454883473
week,2024-06-02,2024-06-02,22,1559.99290327133,retail_media,retail_media_spend,146.834208799629,0.0941249210119576,10.6241789023436,positive_economics,0.114274627369882,0.134590809300298,1.17778383879264,1.17778383879264
week,2024-06-02,2024-06-02,22,553.377738357713,tiktok,tiktok_spend,73.5925099729343,0.132987839719282,7.51948450407838,positive_economics,0.0405367452076266,0.0674561844727461,1.66407500472078,1.66407500472078
week,2024-06-02,2024-06-02,22,7169.55417953762,tv,tv_spend,347.365888379947,0.0484501378581325,20.6397761535398,positive_economics,0.525193499635004,0.318401661455966,0.606255906969998,0.606255906969998
week,2024-06-09,2024-06-09,23,716.792938690303,display,display_spend,101.558438169781,0.141684484720713,7.05793582106882,positive_economics,0.0541282870990883,0.0937116799145402,1.73128848032804,1.73128848032804
week,2024-06-09,2024-06-09,23,1097.25080251034,meta,meta_spend,123.480065664507,0.11253586270523,8.88605619543113,positive_economics,0.0828583866444108,0.113939566203587,1.37511205344321,1.37511205344321
week,2024-06-09,2024-06-09,23,2319.97947658568,paid_search,paid_search_spend,287.688249135725,0.124004652644219,8.06421354906007,positive_economics,0.175192176700388,0.26546045413884,1.5152529019194,1.5152529019194
week,2024-06-09,2024-06-09,23,1621.6246276711,retail_media,retail_media_spend,151.194360219306,0.0932363493001737,10.7254306663221,positive_economics,0.122456233419255,0.139512557942932,1.1392850657531,1.1392850657531
week,2024-06-09,2024-06-09,23,620.193566948183,tiktok,tiktok_spend,80.2674415820999,0.129423208913752,7.72658944553291,positive_economics,0.0468336302393223,0.0740656997946918,1.58146399107249,1.58146399107249
week,2024-06-09,2024-06-09,23,6866.64190095195,tv,tv_spend,339.544425604101,0.0494483956644118,20.2231030261656,positive_economics,0.518531285897536,0.313310042005408,0.604225917560778,0.604225917560778
week,2024-06-16,2024-06-16,24,772.058333423483,display,display_spend,105.635194715324,0.136822815248835,7.30872258534761,positive_economics,0.0577216188959521,0.0959804090003876,1.6628156111387,1.6628156111387
week,2024-06-16,2024-06-16,24,1211.61475400883,meta,meta_spend,131.636813902224,0.108645766706522,9.2042242446614,positive_economics,0.0905843017968559,0.119605546919207,1.32037830558582,1.32037830558582
week,2024-06-16,2024-06-16,24,2439.58922909684,paid_search,paid_search_spend,296.926363046431,0.121711622393232,8.21614222484973,positive_economics,0.182391710118823,0.269788055439251,1.47916840772803,1.47916840772803
week,2024-06-16,2024-06-16,24,1668.14583258509,retail_media,retail_media_spend,155.362381210112,0.0931347716580332,10.7371283807056,positive_economics,0.124716065927796,0.141162658259932,1.13187228293152,1.13187228293152
week,2024-06-16,2024-06-16,24,610.682849487449,tiktok,tiktok_spend,78.1586812047504,0.127985715122587,7.81337197703808,positive_economics,0.0456566572477805,0.0710151783141891,1.55541782064304,1.55541782064304
week,2024-06-16,2024-06-16,24,6673.45785450967,tv,tv_spend,332.871778393464,0.049879955137279,20.0481335086973,positive_economics,0.498929646012793,0.302448152067033,0.60619398843916,0.60619398843916
week,2024-06-23,2024-06-23,25,707.573885194527,display,display_spend,99.631203769488,0.140806784781348,7.10193050393737,positive_economics,0.0533442110489315,0.0913445803085508,1.71236163235712,1.71236163235712
week,2024-06-23,2024-06-23,25,1349.24801098237,meta,meta_spend,140.947725828454,0.104463912254228,9.57268379501582,positive_economics,0.101720219133593,0.129224684377323,1.27039329523669,1.27039329523669
week,2024-06-23,2024-06-23,25,2435.80612042599,paid_search,paid_search_spend,295.788828070182,0.121433650071645,8.23494969812737,positive_economics,0.183636166457106,0.271187191741061,1.47676352089612,1.47676352089612
week,2024-06-23,2024-06-23,25,1536.77630750725,retail_media,retail_media_spend,145.587948158742,0.0947359400633232,10.5556560618028,positive_economics,0.115858034613766,0.133478965619163,1.15209071225953,1.15209071225953
week,2024-06-23,2024-06-23,25,621.688251873317,tiktok,tiktok_spend,78.7434693717654,0.126660700334114,7.89510872245403,positive_economics,0.0468692669535905,0.0721941408882778,1.54033006233624,1.54033006233624
week,2024-06-23,2024-06-23,25,6613.21242133827,tv,tv_spend,330.019107516621,0.0499029951694546,20.0388773580487,positive_economics,0.498572101793014,0.302570437065624,0.606873982674704,0.606873982674704
week,2024-06-30,2024-06-30,26,652.584565043019,display,display_spend,95.3340362815432,0.14608686963851,6.84524216635272,positive_economics,0.0510639618013232,0.0888955368963832,1.74086643026746,1.74086643026746
week,2024-06-30,2024-06-30,26,1184.51189353306,meta,meta_spend,131.270867655107,0.110822751862427,9.02341787398838,positive_economics,0.0926866391340373,0.122405330920768,1.32063620025917,1.32063620025917
week,2024-06-30,2024-06-30,26,2645.02006055988,paid_search,paid_search_spend,307.222229422651,0.1161511906861,8.60946834976932,positive_economics,0.206969656610342,0.286473604771917,1.38413335299316,1.38413335299316
week,2024-06-30,2024-06-30,26,1654.73985190054,retail_media,retail_media_spend,154.399735544425,0.0933075585066078,10.7172453765274,positive_economics,0.129481414539748,0.143972162757768,1.11191373116774,1.11191373116774
week,2024-06-30,2024-06-30,26,561.578857831642,tiktok,tiktok_spend,71.8104249537215,0.127872379724184,7.82029709744169,positive_economics,0.0439428740440027,0.0669606210961864,1.52381068723759,1.52381068723759
week,2024-06-30,2024-06-30,26,6081.31279738292,tv,tv_spend,312.390407351722,0.0513689096022422,19.4670279697031,positive_economics,0.475855453870546,0.291292743556978,0.612145434475197,0.612145434475197
week,2024-07-07,2024-07-07,27,489.733335283249,display,display_spend,78.6544458560272,0.160606681614874,6.22639101901093,positive_economics,0.0379894436939238,0.0722218134322327,1.90110215917124,1.90110215917124
week,2024-07-07,2024-07-07,27,1701.04063623413,meta,meta_spend,167.670313368614,0.0985692580159712,10.1451509337523,positive_economics,0.131952601172059,0.153957655647307,1.16676484040322,1.16676484040322
week,2024-07-07,2024-07-07,27,2572.76746745659,paid_search,paid_search_spend,305.756160989313,0.118843294179081,8.4144419498599,positive_economics,0.199573926871798,0.280750365403963,1.40674871615023,1.40674871615023
week,2024-07-07,2024-07-07,27,1748.10762954889,retail_media,retail_media_spend,159.665773424251,0.091336351792855,10.9485432729778,positive_economics,0.135603667504595,0.146607754644498,1.08114889030955,1.08114889030955
week,2024-07-07,2024-07-07,27,637.259182953151,tiktok,tiktok_spend,81.3904123375671,0.127719481358264,7.82965910419663,positive_economics,0.0494332733858778,0.0747340231189974,1.51181619181115,1.51181619181115
week,2024-07-07,2024-07-07,27,5742.39226950474,tv,tv_spend,295.930616338213,0.0515343784348846,19.4045223862268,positive_economics,0.445447087371746,0.271728387753002,0.610012716339152,0.610012716339152
week,2024-07-14,2024-07-14,28,413.671591241817,display,display_spend,69.7013126974702,0.168494318133452,5.93491822797236,positive_economics,0.0339026235701978,0.0659836004178925,1.94626826685754,1.94626826685754
week,2024-07-14,2024-07-14,28,1611.85264353135,meta,meta_spend,160.682572937429,0.0996881281811193,10.0312847502076,positive_economics,0.132100039212815,0.152112123523995,1.15149188774229,1.15149188774229
week,2024-07-14,2024-07-14,28,2367.51593795636,paid_search,paid_search_spend,291.311134208804,0.123045057284921,8.12710418496874,positive_economics,0.194030731963071,0.275773249211911,1.4212864447906,1.4212864447906
week,2024-07-14,2024-07-14,28,1786.92133032351,retail_media,retail_media_spend,162.669168081135,0.0910332006903093,10.9850031902311,positive_economics,0.146447864668815,0.153992758121558,1.05151931351,1.05151931351
week,2024-07-14,2024-07-14,28,703.037419346153,tiktok,tiktok_spend,87.7058183098899,0.124752702909411,8.01585838766272,positive_economics,0.0576177177463534,0.0830277859299785,1.44101136208633,1.44101136208633
week,2024-07-14,2024-07-14,28,5318.75857242363,tv,tv_spend,284.272967716866,0.0534472403373877,18.7100399138938,positive_economics,0.435901022838748,0.269110482794665,0.617366027365843,0.617366027365843
week,2024-07-21,2024-07-21,29,424.794761296315,display,display_spend,71.2329406165852,0.167687898031532,5.96345956827465,positive_economics,0.0331351204346555,0.0654281720148039,1.97458681774923,1.97458681774923
week,2024-07-21,2024-07-21,29,1857.91754522744,meta,meta_spend,175.338273793839,0.0943735497004386,10.5961893260793,positive_economics,0.144922506649813,0.161049967041386,1.11128333869179,1.11128333869179
week,2024-07-21,2024-07-21,29,2430.90105770283,paid_search,paid_search_spend,296.077979088105,0.121797626501465,8.21034061766363,positive_economics,0.189616743544369,0.27195060007198,1.43421195295628,1.43421195295628
week,2024-07-21,2024-07-21,29,1531.0376905573,retail_media,retail_media_spend,145.863785018715,0.0952711915051682,10.4963524041342,positive_economics,0.119425009178081,0.13397735281355,1.12185340185965,1.12185340185965
week,2024-07-21,2024-07-21,29,999.369910575749,tiktok,tiktok_spend,108.365472342713,0.108433795330382,9.22221708603989,positive_economics,0.077953509230307,0.0995347756744677,1.27684791431776,1.27684791431776
week,2024-07-21,2024-07-21,29,5576.05500611711,tv,tv_spend,291.841261505962,0.0523383039058624,19.1064655400113,positive_economics,0.434947110962776,0.268059132383813,0.616302823096011,0.616302823096011
week,2024-07-28,2024-07-28,30,527.732615608428,display,display_spend,82.3094337495023,0.155968062831605,6.41156902153538,positive_economics,0.0414374934336141,0.0740648283800754,1.78738679014774,1.78738679014774
week,2024-07-28,2024-07-28,30,1716.1800908189,meta,meta_spend,167.184996765442,0.0974169305772959,10.265156108635,positive_economics,0.134754228071008,0.150438747165246,1.11639352114409,1.11639352114409
week,2024-07-28,2024-07-28,30,2731.90517916685,paid_search,paid_search_spend,317.017627964,0.116042690786465,8.61751820147075,positive_economics,0.214508824307684,0.285263245523837,1.32984387213211,1.32984387213211
week,2024-07-28,2024-07-28,30,1793.70105228947,retail_media,retail_media_spend,162.704974568604,0.0907090812936346,11.0242545259928,positive_economics,0.14084116345627,0.146407470797125,1.03952187843565,1.03952187843565
week,2024-07-28,2024-07-28,30,1059.01043716994,tiktok,tiktok_spend,114.42995401346,0.108053660282385,9.25466103958556,positive_economics,0.0831533559580455,0.102967965146499,1.23828995186257,1.23828995186257
week,2024-07-28,2024-07-28,30,4907.10137572758,tv,tv_spend,267.669079549157,0.0545472895410623,18.3327165916689,positive_economics,0.385304934773379,0.240857742987218,0.625109416594627,0.625109416594627
week,2024-08-04,2024-08-04,31,460.149946655341,display,display_spend,75.335742965021,0.163719986305787,6.10798976083627,positive_economics,0.0426182911942823,0.0753917300609926,1.76899936502164,1.76899936502164
week,2024-08-04,2024-08-04,31,1590.56844076764,meta,meta_spend,160.917272531067,0.101169662622883,9.88438603109288,positive_economics,0.147315694516085,0.161036861061372,1.09314124058784,1.09314124058784
week,2024-08-04,2024-08-04,31,2321.51118673489,paid_search,paid_search_spend,287.348242861483,0.123776376570309,8.07908607206616,positive_economics,0.215014345837049,0.287561790813851,1.33740746318286,1.33740746318286
week,2024-08-04,2024-08-04,31,1471.51208667268,retail_media,retail_media_spend,141.854900350358,0.0964007714480375,10.373360969824,positive_economics,0.136288901175719,0.141960322340072,1.04161322833648,1.04161322833648
week,2024-08-04,2024-08-04,31,884.157170349338,tiktok,tiktok_spend,102.965093699183,0.116455645163745,8.5869602851277,positive_economics,0.0818891059780662,0.103041614038079,1.25830674065093,1.25830674065093
week,2024-08-04,2024-08-04,31,4069.10719042886,tv,tv_spend,230.836131712788,0.0567289385385936,17.6276874865142,positive_economics,0.376873661298798,0.231007681685633,0.612957883258609,0.612957883258609
week,2024-08-11,2024-08-11,32,495.899632515088,display,display_spend,79.803593465456,0.16092690583518,6.2140012871694,positive_economics,0.0450995132279251,0.0790219893618353,1.75216945164068,1.75216945164068
week,2024-08-11,2024-08-11,32,1162.20615897586,meta,meta_spend,129.066334813229,0.111052874583769,9.00471963240977,positive_economics,0.105696654329973,0.127802246661949,1.20914183587084,1.20914183587084
week,2024-08-11,2024-08-11,32,2503.28089129321,paid_search,paid_search_spend,299.830523949209,0.11977502204889,8.34898614831243,positive_economics,0.227660482621259,0.296893954833297,1.30410843118178,1.30410843118178
week,2024-08-11,2024-08-11,32,1755.98617228864,retail_media,retail_media_spend,159.859720930562,0.0910370044214026,10.9845442120556,positive_economics,0.159697883225948,0.158294039380933,0.991209377252492,0.991209377252492
week,2024-08-11,2024-08-11,32,961.412973581581,tiktok,tiktok_spend,109.26248819724,0.113647819615124,8.79911293843177,positive_economics,0.0874355500116691,0.108192360832815,1.23739555384939,1.23739555384939
week,2024-08-11,2024-08-11,32,4116.89011154697,tv,tv_spend,232.068308359605,0.056369808780833,17.7399927661281,positive_economics,0.374409916583226,0.229795408929171,0.613753532561926,0.613753532561926
week,2024-08-18,2024-08-18,33,705.386546029097,display,display_spend,100.293947009382,0.142182959930234,7.03319160390721,positive_economics,0.0648406946509355,0.0984635256952693,1.51854520105529,1.51854520105529
week,2024-08-18,2024-08-18,33,1376.20921578748,meta,meta_spend,146.016063239881,0.106100192881159,9.42505355405037,positive_economics,0.126504201191553,0.143351187419089,1.13317333391977,1.13317333391977
week,2024-08-18,2024-08-18,33,2490.28787750856,paid_search,paid_search_spend,301.074013904895,0.120899281012486,8.27134778325707,positive_economics,0.228912780896445,0.295579242698759,1.2912308414639,1.2912308414639
week,2024-08-18,2024-08-18,33,1690.20566230861,retail_media,retail_media_spend,153.614034105576,0.0908848180615831,11.0029377989447,positive_economics,0.155367450462422,0.150810491014911,0.970669793229225,0.970669793229225
week,2024-08-18,2024-08-18,33,804.125509256773,tiktok,tiktok_spend,96.9907945971381,0.120616487700761,8.29074050374364,positive_economics,0.0739169989848313,0.0952206576846215,1.28821054686165,1.28821054686165
week,2024-08-18,2024-08-18,33,3812.54812998306,tv,tv_spend,220.600988418742,0.0578618238767577,17.2825523462575,positive_economics,0.350457873813813,0.216574895487349,0.617976971470211,0.617976971470211
week,2024-08-25,2024-08-25,34,762.353689815583,display,display_spend,105.076779765287,0.137832060327151,7.25520606473164,positive_economics,0.0692683767288973,0.102988386448512,1.48680236656314,1.48680236656314
week,2024-08-25,2024-08-25,34,1166.81924806972,meta,meta_spend,129.853386431493,0.111288347913622,8.98566668251888,positive_economics,0.106018605706983,0.127272559868385,1.20047381324881,1.20047381324881
week,2024-08-25,2024-08-25,34,2401.87761281259,paid_search,paid_search_spend,293.357493105972,0.122136736501928,8.18754478497312,positive_economics,0.218237499947372,0.287527034374776,1.31749600524251,1.31749600524251
week,2024-08-25,2024-08-25,34,1568.77901844624,retail_media,retail_media_spend,146.214885680313,0.0932029839518939,10.7292702186031,positive_economics,0.142541155773,0.143308875515651,1.00538595143619,1.00538595143619
week,2024-08-25,2024-08-25,34,1049.00244310594,tiktok,tiktok_spend,114.827627815319,0.1094636419295,9.13545340145043,positive_economics,0.0953136285549733,0.112545437106331,1.18079060479183,1.18079060479183
week,2024-08-25,2024-08-25,34,4056.96494469731,tv,tv_spend,230.94777686946,0.0569262441301895,17.5665901602961,positive_economics,0.368620733288775,0.226357706686345,0.614066671363866,0.614066671363866
week,2024-09-01,2024-09-01,35,706.822694209919,display,display_spend,100.593497985345,0.142317866714492,7.02652465980347,positive_economics,0.0689814529622985,0.102700022276187,1.48880630757831,1.48880630757831
week,2024-09-01,2024-09-01,35,1183.55075840377,meta,meta_spend,129.816737434705,0.109684131848968,9.11708907334902,positive_economics,0.115507116053457,0.13253522437711,1.14742042659755,1.14742042659755
week,2024-09-01,2024-09-01,35,2543.90491841147,paid_search,paid_search_spend,304.486623303012,0.119692611582805,8.35473457196799,positive_economics,0.248269132991143,0.310862865118536,1.25212047657018,1.25212047657018
week,2024-09-01,2024-09-01,35,1752.13809971241,retail_media,retail_media_spend,159.15426437854,0.0908343151745077,11.0090553121784,positive_economics,0.170997667305893,0.162487107262215,0.950229964082175,0.950229964082175
week,2024-09-01,2024-09-01,35,659.429715227815,tiktok,tiktok_spend,83.9890180300906,0.127366140910218,7.85138022439507,positive_economics,0.0643561960524994,0.0857478285912868,1.33239429691178,1.33239429691178
week,2024-09-01,2024-09-01,35,3400.71522810385,tv,tv_spend,201.448429131941,0.0592370767970076,16.8813191681754,positive_economics,0.331888434634709,0.205666952374666,0.619687011995559,0.619687011995559
week,2024-09-08,2024-09-08,36,600.25156963333,display,display_spend,90.4359627073111,0.150663433937465,6.63731055283833,positive_economics,0.0575756353437002,0.092317672429225,1.6034156093655,1.6034156093655
week,2024-09-08,2024-09-08,36,1051.72126433819,meta,meta_spend,120.680502936777,0.114745709751069,8.71492278159608,positive_economics,0.100880235991288,0.123191513698685,1.22116599439086,1.22116599439086
week,2024-09-08,2024-09-08,36,2601.70137225039,paid_search,paid_search_spend,305.536856218296,0.11743732754156,8.51518014701167,positive_economics,0.249553049188021,0.311894190795578,1.24981117966861,1.24981117966861
week,2024-09-08,2024-09-08,36,1794.98088239268,retail_media,retail_media_spend,161.508144061056,0.0899776402330082,11.1138722621573,positive_economics,0.172173085356003,0.164868659455043,0.957575100162395,0.957575100162395
week,2024-09-08,2024-09-08,36,724.667940094424,tiktok,tiktok_spend,88.5410361535278,0.12218152791745,8.18454325334378,positive_economics,0.0695095509531679,0.0903833179574784,1.30030070282535,1.30030070282535
week,2024-09-08,2024-09-08,36,3652.12110317251,tv,tv_spend,212.914513036184,0.0582988644191536,17.152992772042,positive_economics,0.350308443167821,0.21734464566399,0.620437930923258,0.620437930923258
week,2024-09-15,2024-09-15,37,470.727556414347,display,display_spend,76.4918884282296,0.162497154428111,6.15395391703551,positive_economics,0.0465789214804952,0.0803240298022158,1.72447165475592,1.72447165475592
week,2024-09-15,2024-09-15,37,1011.85865341496,meta,meta_spend,117.145148662453,0.115772245725325,8.63764880550513,positive_economics,0.10012433758029,0.123013964038509,1.22861201393581,1.22861201393581
week,2024-09-15,2024-09-15,37,2530.62582335719,paid_search,paid_search_spend,303.095859992486,0.119771108472446,8.34925895530187,positive_economics,0.250407735677391,0.318280557471238,1.27104922142377,1.27104922142377
week,2024-09-15,2024-09-15,37,1738.19909333095,retail_media,retail_media_spend,159.655879997945,0.0918513193399458,10.8871598925973,positive_economics,0.171996387257312,0.167654426195616,0.974755510095685,0.974755510095685
week,2024-09-15,2024-09-15,37,616.695409451603,tiktok,tiktok_spend,79.5218448806417,0.128948332778019,7.75504404327178,positive_economics,0.0610225738068828,0.0835057830231644,1.36844085415725,1.36844085415725
week,2024-09-15,2024-09-15,37,3737.91441626495,tv,tv_spend,216.380848182084,0.057888122649501,17.2747008234274,positive_economics,0.369870044197629,0.227221239469257,0.614327229343957,0.614327229343957
week,2024-09-22,2024-09-22,38,456.786422323161,display,display_spend,74.9325604392402,0.164042880386291,6.09596708888056,positive_economics,0.045230169870426,0.0788096382218194,1.74241304968765,1.74241304968765
week,2024-09-22,2024-09-22,38,1138.54793117959,meta,meta_spend,126.70663834829,0.111287926382701,8.98570071798414,positive_economics,0.112736968123896,0.133262553287882,1.18206614481089,1.18206614481089
week,2024-09-22,2024-09-22,38,2426.86151448003,paid_search,paid_search_spend,295.803264991886,0.121887162999189,8.20430942351702,positive_economics,0.240303461722149,0.311108390827595,1.29464797801088,1.29464797801088
week,2024-09-22,2024-09-22,38,1652.15313265276,retail_media,retail_media_spend,152.794578267596,0.0924820921546562,10.8129041709796,positive_economics,0.163593231300062,0.160700306581528,0.982316354438723,0.982316354438723
week,2024-09-22,2024-09-22,38,636.613607915904,tiktok,tiktok_spend,81.4957941785613,0.128014533722199,7.81161303270514,positive_economics,0.0630363343144429,0.0857124595524818,1.35973102631451,1.35973102631451
week,2024-09-22,2024-09-22,38,3788.19075814493,tv,tv_spend,219.071686291497,0.0578301622801002,17.2920144189896,positive_economics,0.375099834669024,0.230406651528694,0.61425420710195,0.61425420710195
week,2024-09-29,2024-09-29,39,410.718581021935,display,display_spend,69.3630843483643,0.168882265262452,5.92128485750678,positive_economics,0.0405456461668923,0.0731895383552074,1.80511461215707,1.80511461215707
week,2024-09-29,2024-09-29,39,1229.25644616977,meta,meta_spend,135.134558573902,0.109931950322463,9.09653651251258,positive_economics,0.12135072338524,0.142589333371994,1.17501840445837,1.17501840445837
week,2024-09-29,2024-09-29,39,2380.88690114309,paid_search,paid_search_spend,290.838204881538,0.122155405509562,8.1862934827041,positive_economics,0.235038301936432,0.306882459903745,1.30567000091221,1.30567000091221
week,2024-09-29,2024-09-29,39,1626.88523808486,retail_media,retail_media_spend,150.559763025862,0.0925447963392293,10.8055778342678,positive_economics,0.1606041612566,0.158865478002524,0.98917410831405,0.98917410831405
week,2024-09-29,2024-09-29,39,613.420490699633,tiktok,tiktok_spend,78.5163775695012,0.127997643965153,7.81264380360194,positive_economics,0.0605561357987367,0.0828477782039469,1.3681153381269,1.3681153381269
week,2024-09-29,2024-09-29,39,3868.61494225902,tv,tv_spend,223.306577767047,0.0577226167762901,17.3242319189305,positive_economics,0.381905031456099,0.235625412162584,0.616973835783751,0.616973835783751
week,2024-10-06,2024-10-06,40,504.870518433902,display,display_spend,80.5222840274825,0.159490960726447,6.26994781049166,positive_economics,0.0454373453713952,0.0790035326827461,1.73873565977475,1.73873565977475
week,2024-10-06,2024-10-06,40,1744.44590177158,meta,meta_spend,169.633008533234,0.097241770788628,10.2836465429417,positive_economics,0.15699667147605,0.166433517076513,1.0601085711674,1.0601085711674
week,2024-10-06,2024-10-06,40,2471.56020959456,paid_search,paid_search_spend,299.638358685497,0.121234496947436,8.24847733259924,positive_economics,0.222435517126058,0.29398680314799,1.32167203757025,1.32167203757025
week,2024-10-06,2024-10-06,40,2215.62588718024,retail_media,retail_media_spend,185.564117316999,0.0837524594701142,11.939947869314,positive_economics,0.199401935692137,0.1820641451526,0.913051041960269,0.913051041960269
week,2024-10-06,2024-10-06,40,580.517012428524,tiktok,tiktok_spend,75.7989085790229,0.130571381985736,7.65864605851568,positive_economics,0.0522453798045225,0.0743692460238145,1.42346072135123,1.42346072135123
week,2024-10-06,2024-10-06,40,3594.33643355948,tv,tv_spend,208.067163781883,0.0578875037515156,17.2748855140229,positive_economics,0.323483150529838,0.204142755916337,0.631076937336515,0.631076937336515
week,2024-10-13,2024-10-13,41,434.204295744458,display,display_spend,72.4793663055864,0.166924572179366,5.99072974663951,positive_economics,0.0386767534416141,0.0709833023504281,1.83529629645838,1.83529629645838
week,2024-10-13,2024-10-13,41,1844.65615090219,meta,meta_spend,175.185144432381,0.0949689969844525,10.5297521481006,positive_economics,0.164312771274353,0.171569105917924,1.04416172028074,1.04416172028074
week,2024-10-13,2024-10-13,41,2541.18877463265,paid_search,paid_search_spend,303.92705321043,0.119600344627827,8.36117992060815,positive_economics,0.22635642403434,0.297653622129527,1.31497757750569,1.31497757750569
week,2024-10-13,2024-10-13,41,2419.23051116818,retail_media,retail_media_spend,196.416505968865,0.0811896613663415,12.3168391537912,positive_economics,0.215492990087664,0.192362225837066,0.892661175469383,0.892661175469383
week,2024-10-13,2024-10-13,41,557.095078242671,tiktok,tiktok_spend,72.2317918475716,0.12965792495497,7.71260222117002,positive_economics,0.0496232515336728,0.0707408381360831,1.42555830079132,1.42555830079132
week,2024-10-13,2024-10-13,41,3430.11803338807,tv,tv_spend,200.836418228065,0.0585508767550167,17.0791635483805,positive_economics,0.305537809628356,0.196690905628972,0.643753078770247,0.643753078770247
week,2024-10-20,2024-10-20,42,492.738853036493,display,display_spend,78.7602501258838,0.159841769408938,6.25618700104355,positive_economics,0.0420733861342016,0.0740760881680901,1.76064003814215,1.76064003814215
week,2024-10-20,2024-10-20,42,1818.58410071287,meta,meta_spend,171.549569075216,0.0943313916623212,10.6009249135188,positive_economics,0.155283048242079,0.161346884801694,1.03905021590098,1.03905021590098
week,2024-10-20,2024-10-20,42,2556.25161027595,paid_search,paid_search_spend,305.069403742136,0.119342478852934,8.3792460958709,positive_economics,0.218270104726955,0.286925803471546,1.31454467312634,1.31454467312634
week,2024-10-20,2024-10-20,42,2337.09931094323,retail_media,retail_media_spend,192.627294527305,0.0824215272433428,12.1327526126467,positive_economics,0.19955739462666,0.181171040343051,0.907864329868576,0.907864329868576
week,2024-10-20,2024-10-20,42,908.113160264316,tiktok,tiktok_spend,104.973313120812,0.115594969563329,8.65089548254214,positive_economics,0.0775408624870932,0.0987301638276325,1.2732662580851,1.2732662580851
week,2024-10-20,2024-10-20,42,3598.62719381925,tv,tv_spend,210.254636476678,0.0584263457014377,17.1155664109144,positive_economics,0.307275203783012,0.197750019387986,0.643559964987059,0.643559964987059
week,2024-10-27,2024-10-27,43,639.1766675132,display,display_spend,94.229620087247,0.147423435298193,6.7831820495656,positive_economics,0.0530793403718771,0.0864731178180238,1.62912947320347,1.62912947320347
week,2024-10-27,2024-10-27,43,1702.21116855061,meta,meta_spend,166.513130920332,0.0978216651357744,10.2226842960813,positive_economics,0.141357234380653,0.152806618290406,1.08099609446887,1.08099609446887
week,2024-10-27,2024-10-27,43,2584.10949443896,paid_search,paid_search_spend,306.622154019271,0.118656796346721,8.42766727898125,positive_economics,0.214592982480375,0.28138258039855,1.31123849972253,1.31123849972253
week,2024-10-27,2024-10-27,43,2491.52525865335,retail_media,retail_media_spend,200.040514904263,0.0802883752470498,12.4551032066967,positive_economics,0.20690448192316,0.183574198831304,0.887241287018033,0.887241287018033
week,2024-10-27,2024-10-27,43,1008.9901489136,tiktok,tiktok_spend,111.026607665613,0.110037355454023,9.08782291135513,positive_economics,0.0837898726097505,0.101887462951827,1.21598780113159,1.21598780113159
week,2024-10-27,2024-10-27,43,3615.8977874773,tv,tv_spend,211.266395045396,0.0584270926509762,17.1153476003618,positive_economics,0.300276088234184,0.193876021709889,0.645659209329669,0.645659209329669
week,2024-11-03,2024-11-03,44,657.966559968614,display,display_spend,96.5042492499468,0.146670446678248,6.81800609903172,positive_economics,0.0537894171773321,0.0877544961947459,1.63144538089042,1.63144538089042
week,2024-11-03,2024-11-03,44,1651.83024903892,meta,meta_spend,164.476362841244,0.0995721945017899,10.0429643536884,positive_economics,0.13503875694827,0.149563780551202,1.10756188764753,1.10756188764753
week,2024-11-03,2024-11-03,44,2596.71100029432,paid_search,paid_search_spend,307.999552463562,0.118611409752049,8.43089212151217,positive_economics,0.212283693095985,0.280074149736593,1.31933897348373,1.31933897348373
week,2024-11-03,2024-11-03,44,2294.09768049443,retail_media,retail_media_spend,189.000204352055,0.082385421492306,12.1380698415604,positive_economics,0.187544754839138,0.171864118342206,0.916389895785774,0.916389895785774
week,2024-11-03,2024-11-03,44,1044.25524832097,tiktok,tiktok_spend,114.743388788776,0.109880595738703,9.10078793509647,positive_economics,0.0853688995900258,0.104339947236494,1.22222434326287,1.22222434326287
week,2024-11-03,2024-11-03,44,3987.40714088655,tv,tv_spend,226.983418968998,0.0569250670796892,17.5669533880409,positive_economics,0.325974478349249,0.206403507938759,0.633189165556753,0.633189165556753
week,2024-11-10,2024-11-10,45,690.207727707281,display,display_spend,99.5975557913298,0.144300841316528,6.92996652601956,positive_economics,0.058148218665232,0.0937116628753467,1.61159989121694,1.61159989121694
week,2024-11-10,2024-11-10,45,988.941685637897,meta,meta_spend,114.382680886176,0.115661704372787,8.64590406498701,positive_economics,0.0833157831695906,0.107623034971274,1.29174846442006,1.29174846442006
week,2024-11-10,2024-11-10,45,2723.1935012341,paid_search,paid_search_spend,315.001650280522,0.115673620011861,8.64501344297395,positive_economics,0.229422020097485,0.296386073149356,1.29188154224872,1.29188154224872
week,2024-11-10,2024-11-10,45,2669.46055247103,retail_media,retail_media_spend,205.930646270844,0.0771431688998817,12.9629105760203,positive_economics,0.224895157924293,0.193760812157556,0.861560622051198,0.861560622051198
week,2024-11-10,2024-11-10,45,865.847036662573,tiktok,tiktok_spend,101.386330240598,0.117094967064152,8.54007670075296,positive_economics,0.0729453768733389,0.0953947265491283,1.30775561986293,1.30775561986293
week,2024-11-10,2024-11-10,45,3932.14952715152,tv,tv_spend,226.509678556003,0.0576045435179796,17.3597417656452,positive_economics,0.331273443270061,0.213123690297339,0.643346741572629,0.643346741572629
week,2024-11-17,2024-11-17,46,712.129556962381,display,display_spend,100.817835323664,0.141572322533145,7.06352754625381,positive_economics,0.0591110970819265,0.0928462649172443,1.57070786198676,1.57070786198676
week,2024-11-17,2024-11-17,46,1283.28651619285,meta,meta_spend,138.896283599133,0.108234818839365,9.23917100544267,positive_economics,0.10652060864623,0.127913886483128,1.20083698458716,1.20083698458716
week,2024-11-17,2024-11-17,46,2643.95397403146,paid_search,paid_search_spend,311.233853559609,0.117715306929131,8.49507193318568,positive_economics,0.219464307457997,0.286624888602698,1.30602051842783,1.30602051842783
week,2024-11-17,2024-11-17,46,2528.43758650292,retail_media,retail_media_spend,201.395148053537,0.0796520147970459,12.5546102323715,positive_economics,0.209875742665265,0.18547102513356,0.883718255279131,0.883718255279131
week,2024-11-17,2024-11-17,46,947.740126230415,tiktok,tiktok_spend,107.871415199201,0.113819613851588,8.78583195075608,positive_economics,0.0786682115105675,0.0993421249368191,1.26279882342914,1.26279882342914
week,2024-11-17,2024-11-17,46,3931.75963441555,tv,tv_spend,225.643203545211,0.0573898774406521,17.424675650059,positive_economics,0.326360032638014,0.207801809926551,0.636725668418587,0.636725668418587
week,2024-11-24,2024-11-24,47,561.676070074392,display,display_spend,85.3179328836466,0.151898821098692,6.58332956613452,positive_economics,0.0487786213765527,0.0820825818976814,1.68275731419375,1.68275731419375
week,2024-11-24,2024-11-24,47,1189.0483952155,meta,meta_spend,131.653214094753,0.110721493443412,9.03167008410234,positive_economics,0.103262618008513,0.126660777667492,1.22658886739682,1.22658886739682
week,2024-11-24,2024-11-24,47,2401.62114249656,paid_search,paid_search_spend,294.509573562103,0.122629489035874,8.15464541083968,positive_economics,0.208568202637238,0.283341442701504,1.35850738088931,1.35850738088931
week,2024-11-24,2024-11-24,47,1838.56759876096,retail_media,retail_media_spend,165.206796769661,0.0898562537928962,11.1288859460448,positive_economics,0.159669954896388,0.158941971137448,0.995440696658225,0.995440696658225
week,2024-11-24,2024-11-24,47,989.385816788192,tiktok,tiktok_spend,111.309054526776,0.112503183932952,8.88863732599748,positive_economics,0.0859229700600394,0.107088091276281,1.24632669472962,1.24632669472962
week,2024-11-24,2024-11-24,47,4534.50098994199,tv,tv_spend,251.419232480695,0.0554458435533192,18.0356170257984,positive_economics,0.393797633021269,0.241885135319593,0.614237148821382,0.614237148821382
week,2024-12-01,2024-12-01,48,457.862182552798,display,display_spend,75.0988391078675,0.164020620111397,6.09679441109805,positive_economics,0.0384277833642375,0.072293456010368,1.88128092961113,1.88128092961113
week,2024-12-01,2024-12-01,48,1160.84305785781,meta,meta_spend,129.183169362558,0.111283922911121,8.98602398118794,positive_economics,0.0974280629566842,0.12435741860374,1.27640245356236,1.27640245356236
week,2024-12-01,2024-12-01,48,2753.80039371416,paid_search,paid_search_spend,317.78660388319,0.115399287692954,8.66556475340411,positive_economics,0.231122920805535,0.305915406169133,1.32360479481188,1.32360479481188
week,2024-12-01,2024-12-01,48,1532.40568365994,retail_media,retail_media_spend,145.890946269178,0.0952038665901687,10.5037750651954,positive_economics,0.128612835656109,0.140441061828835,1.09196769601094,1.09196769601094
week,2024-12-01,2024-12-01,48,724.250316861095,tiktok,tiktok_spend,90.0552864200484,0.124342764267399,8.04228541879203,positive_economics,0.0607853964322751,0.0866911920962946,1.42618453089934,1.42618453089934
week,2024-12-01,2024-12-01,48,5285.7119924108,tv,tv_spend,280.790646523327,0.0531225777958551,18.8243876990101,positive_economics,0.443623000785159,0.27030146529163,0.609304442766108,0.609304442766108
week,2024-12-08,2024-12-08,49,464.120957824274,display,display_spend,76.1067540400642,0.163980429577756,6.09828869563865,positive_economics,0.0415250897099538,0.0756582353131048,1.82198848555333,1.82198848555333
week,2024-12-08,2024-12-08,49,1133.07360213304,meta,meta_spend,126.6237903228,0.111752484643917,8.94834690419954,positive_economics,0.101376553209583,0.125877560346832,1.24168317388535,1.24168317388535
week,2024-12-08,2024-12-08,49,2438.44297478255,paid_search,paid_search_spend,296.821844061586,0.121725973144013,8.21517359172731,positive_economics,0.218168478655061,0.295072588593903,1.35249872214781,1.35249872214781
week,2024-12-08,2024-12-08,49,1645.16579626467,retail_media,retail_media_spend,152.996719973852,0.0929977515465183,10.752948145201,positive_economics,0.147193648823554,0.152095066829697,1.033299113415,1.033299113415
week,2024-12-08,2024-12-08,49,744.635923845483,tiktok,tiktok_spend,91.7390302935973,0.123199844858188,8.11689333822676,positive_economics,0.0666228771135246,0.0911983861208329,1.36887492813365,1.36887492813365
week,2024-12-08,2024-12-08,49,4751.44106175102,tv,tv_spend,261.640082143588,0.0550654167321539,18.1602185063657,positive_economics,0.425113352488324,0.260098162795631,0.611832494258751,0.611832494258751
week,2024-12-15,2024-12-15,50,455.903077570686,display,display_spend,74.530097298447,0.163477942933806,6.11703317312301,positive_economics,0.0358674502069018,0.0700750562398774,1.95372282767938,1.95372282767938
week,2024-12-15,2024-12-15,50,1134.04830969957,meta,meta_spend,127.158963381854,0.112128347879237,8.9183513260804,positive_economics,0.0892194487852821,0.119558028680765,1.34004446685718,1.34004446685718
week,2024-12-15,2024-12-15,50,2807.28394096772,paid_search,paid_search_spend,320.700483889631,0.114238705679013,8.75360057745922,positive_economics,0.220858603336985,0.301530593133816,1.36526532622206,1.36526532622206
week,2024-12-15,2024-12-15,50,1735.787995442,retail_media,retail_media_spend,158.984789048065,0.0915922851555275,10.9179501123043,positive_economics,0.136560362408611,0.149481463699369,1.09461824106834,1.09461824106834
week,2024-12-15,2024-12-15,50,553.314473117973,tiktok,tiktok_spend,72.4758500898484,0.130984916554669,7.63446682490827,positive_economics,0.043531136966804,0.0681436017819995,1.56539908052401,1.56539908052401
week,2024-12-15,2024-12-15,50,6024.4368732944,tv,tv_spend,309.725092540515,0.0514114595363243,19.4509163719318,positive_economics,0.473962998295417,0.291211256464173,0.61441770246095,0.61441770246095
week,2024-12-22,2024-12-22,51,420.891954270301,display,display_spend,70.4015935193799,0.167267615370398,5.97844357250862,positive_economics,0.0335510753733914,0.0669840207016955,1.99647909809827,1.99647909809827
week,2024-12-22,2024-12-22,51,1314.48045658035,meta,meta_spend,138.644276102222,0.105474581541447,9.48095726368961,positive_economics,0.104782789093788,0.13191393257379,1.2589274795474,1.2589274795474
week,2024-12-22,2024-12-22,51,2608.83046351654,paid_search,paid_search_spend,308.384051887683,0.118207777853069,8.4596802186992,positive_economics,0.207960895022553,0.293413865838577,1.41090884325516,1.41090884325516
week,2024-12-22,2024-12-22,51,1656.01578160193,retail_media,retail_media_spend,154.072048988237,0.0930377902795088,10.7483206232193,positive_economics,0.132008012375476,0.146592780121373,1.1104839583859,1.1104839583859
week,2024-12-22,2024-12-22,51,526.085888707407,tiktok,tiktok_spend,70.4796882402356,0.133969927255422,7.46436174510594,positive_economics,0.0419365281892852,0.0670583243947938,1.59904329924782,1.59904329924782
week,2024-12-22,2024-12-22,51,6018.50809057215,tv,tv_spend,309.039059067523,0.0513481172438108,19.4749107401895,positive_economics,0.479760699945507,0.294037076369771,0.612882790114256,0.612882790114256
week,2024-12-29,2024-12-29,52,481.889933625177,display,display_spend,77.6561736534413,0.161149192449917,6.20542979333134,positive_economics,0.0388637141380596,0.0738516998591089,1.90027385434027,1.90027385434027
week,2024-12-29,2024-12-29,52,1195.30551861542,meta,meta_spend,132.458943591397,0.110815972593209,9.02396988989008,positive_economics,0.0963996314130261,0.125969613046123,1.30674372090079,1.30674372090079
week,2024-12-29,2024-12-29,52,2510.74273773861,paid_search,paid_search_spend,300.2294608887,0.119577946547846,8.36274604866106,positive_economics,0.202487707721199,0.285520841309592,1.41006505788845,1.41006505788845
week,2024-12-29,2024-12-29,52,1630.31411870092,retail_media,retail_media_spend,151.507429768872,0.0929314345198691,10.7606215826379,positive_economics,0.131482434978021,0.144084889884604,1.09584896194454,1.09584896194454
week,2024-12-29,2024-12-29,52,658.59753432785,tiktok,tiktok_spend,83.4362228961018,0.126687724364554,7.89342459986429,positive_economics,0.0531149221433149,0.0793485772064892,1.49390367159704,1.49390367159704
week,2024-12-29,2024-12-29,52,5922.63240702374,tv,tv_spend,306.22681627001,0.0517045116470256,19.3406719867458,positive_economics,0.47765158960638,0.291224378694083,0.609700428159515,0.609700428159515
week,2025-01-05,2025-01-05,53,698.684957042772,display,display_spend,100.021974512172,0.143157475345572,6.98531458162471,positive_economics,0.052141320966238,0.0891142760019777,1.70909126103038,1.70909126103038
week,2025-01-05,2025-01-05,53,1708.93451140727,meta,meta_spend,167.601377681748,0.0980736105233965,10.1964228161197,positive_economics,0.127534022267654,0.14932394108282,1.17085573267215,1.17085573267215
week,2025-01-05,2025-01-05,53,2703.34858126571,paid_search,paid_search_spend,315.175761184385,0.116587170211257,8.57727310979409,positive_economics,0.201744956204589,0.280804892207968,1.39188060752906,1.39188060752906
week,2025-01-05,2025-01-05,53,1589.80203209302,retail_media,retail_media_spend,147.624537541491,0.0928571825682847,10.7692261636802,positive_economics,0.118643427474087,0.131525635714538,1.10857919831476,1.10857919831476
week,2025-01-05,2025-01-05,53,624.627601017282,tiktok,tiktok_spend,80.2957243125163,0.128549753776082,7.77908919018141,positive_economics,0.0466145834409594,0.0715392329841828,1.5346963912011,1.5346963912011
week,2025-01-05,2025-01-05,53,6074.43462090819,tv,tv_spend,311.681871790696,0.0513104331912451,19.48921374865,positive_economics,0.453321689646473,0.277692022008513,0.612571664561372,0.612571664561372
week,2025-01-12,2025-01-12,54,708.08777188041,display,display_spend,100.952613565615,0.142570762516522,7.0140608238952,positive_economics,0.0509408201810889,0.0895850447870446,1.7586101768401,1.7586101768401
week,2025-01-12,2025-01-12,54,1672.23347540929,meta,meta_spend,165.21975507232,0.0988018464538161,10.1212683354803,positive_economics,0.120302804474936,0.146615512318937,1.21872065209821,1.21872065209821
week,2025-01-12,2025-01-12,54,2492.01055393045,paid_search,paid_search_spend,296.536843994514,0.118995019313546,8.40371307781422,positive_economics,0.179278708881004,0.263145900952738,1.46780341399826,1.46780341399826
week,2025-01-12,2025-01-12,54,1634.08956562416,retail_media,retail_media_spend,151.976800370675,0.0930039598610532,10.7522303512021,positive_economics,0.117558678497152,0.13486375425981,1.14720372824774,1.14720372824774
week,2025-01-12,2025-01-12,54,616.076661345844,tiktok,tiktok_spend,79.4945876884335,0.12903359707666,7.7499195764177,positive_economics,0.0443214127819801,0.0705432573448657,1.59162925811667,1.59162925811667
week,2025-01-12,2025-01-12,54,6777.7055681249,tv,tv_spend,332.710766116291,0.0490889966777264,20.3711639609399,positive_economics,0.487597575183839,0.295246530336605,0.605512712456143,0.605512712456143
week,2025-01-19,2025-01-19,55,728.396761211336,display,display_spend,102.426795802935,0.140619510213908,7.11138872890981,positive_economics,0.0490841084531424,0.0858565387179146,1.74917180781386,1.74917180781386
week,2025-01-19,2025-01-19,55,1951.12876896782,meta,meta_spend,181.094535484252,0.092815265893524,10.7740896971322,positive_economics,0.131479739068027,0.151797680241023,1.15453286808307,1.15453286808307
week,2025-01-19,2025-01-19,55,2552.89155305781,paid_search,paid_search_spend,304.557470759073,0.119299024039732,8.38229824635408,positive_economics,0.17203042700384,0.255287203656792,1.48396541299693,1.48396541299693
week,2025-01-19,2025-01-19,55,1753.65561739159,retail_media,retail_media_spend,157.690850324035,0.0899212187160135,11.1208457167175,positive_economics,0.118172714511202,0.132180163307602,1.11853369751503,1.11853369751503
week,2025-01-19,2025-01-19,55,962.570465218483,tiktok,tiktok_spend,108.773877313627,0.113003547526194,8.84927970750835,positive_economics,0.0648642547915827,0.0911768110665387,1.40565572455124,1.40565572455124
week,2025-01-19,2025-01-19,55,6891.12441201765,tv,tv_spend,338.455831022459,0.0491147468520834,20.3604836447931,positive_economics,0.464368756172206,0.283701603010129,0.610940334032554,0.610940334032554
week,2025-01-26,2025-01-26,56,696.201422536175,display,display_spend,99.9086141068832,0.143505328878715,6.96838234380243,positive_economics,0.0463142700403478,0.0828190471496045,1.78819718150485,1.78819718150485
week,2025-01-26,2025-01-26,56,1866.2180141233,meta,meta_spend,175.427988849509,0.094001873051215,10.6380858970243,positive_economics,0.124148733775069,0.145420682788621,1.17134245647718,1.17134245647718
week,2025-01-26,2025-01-26,56,2632.00554518779,paid_search,paid_search_spend,310.552121926657,0.117990679196878,8.47524572963435,positive_economics,0.175092166751765,0.257431564416842,1.4702631716347,1.4702631716347
week,2025-01-26,2025-01-26,56,1780.19918999395,retail_media,retail_media_spend,161.178250117464,0.0905394469469516,11.0449095253024,positive_economics,0.118426396933575,0.133608390180335,1.12819771300883,1.12819771300883
week,2025-01-26,2025-01-26,56,1105.50500075435,tiktok,tiktok_spend,117.982281794282,0.106722522027287,9.37009340675363,positive_economics,0.073542879227931,0.0978011780674409,1.3298524492674,1.3298524492674
week,2025-01-26,2025-01-26,56,6951.98559310543,tv,tv_spend,341.299011453306,0.0490937455036999,20.3691934632414,positive_economics,0.462475553271312,0.282919137397156,0.61174938955353,0.61174938955353
week,2025-02-02,2025-02-02,57,445.221120951665,display,display_spend,73.7210704360115,0.165583048437666,6.03926554943485,positive_economics,0.0297900121054018,0.0631502301733323,2.1198457372188,2.1198457372188
week,2025-02-02,2025-02-02,57,1614.62086495677,meta,meta_spend,161.858593353129,0.10024557273231,9.97550288500362,positive_economics,0.108035250012136,0.138649742405109,1.28337503166359,1.28337503166359
week,2025-02-02,2025-02-02,57,2522.87488846054,paid_search,paid_search_spend,301.291575717106,0.119423906867199,8.37353278947751,positive_economics,0.168807071207686,0.258089474871855,1.5289020360665,1.5289020360665
week,2025-02-02,2025-02-02,57,1599.86864252557,retail_media,retail_media_spend,149.834790975812,0.0936544332410196,10.6775511355293,positive_economics,0.107048169965557,0.128350029131883,1.19899321187069,1.19899321187069
week,2025-02-02,2025-02-02,57,1054.1892723512,tiktok,tiktok_spend,115.441161438836,0.109507053872179,9.13183182854354,positive_economics,0.0705364361816434,0.0988880909246565,1.40194339660148,1.40194339660148
week,2025-02-02,2025-02-02,57,7708.54041829435,tv,tv_spend,365.244759520372,0.0473818310212854,21.105136261002,positive_economics,0.515783060527576,0.312872432493165,0.606596952162676,0.606596952162676
week,2025-02-09,2025-02-09,58,513.497687010502,display,display_spend,81.8215391576513,0.159341592430538,6.27582531808783,positive_economics,0.0341446811092175,0.0704213440551231,2.0624396470381,2.0624396470381
week,2025-02-09,2025-02-09,58,1235.03578659295,meta,meta_spend,134.4037913275,0.108825827386164,9.18899514957547,positive_economics,0.0821228686290566,0.115677310996927,1.40858828884112,1.40858828884112
week,2025-02-09,2025-02-09,58,2583.31192505429,paid_search,paid_search_spend,307.228156089051,0.118928013728964,8.40844783869843,positive_economics,0.171775577802775,0.264422056907065,1.53934604842758,1.53934604842758
week,2025-02-09,2025-02-09,58,1625.13382272477,retail_media,retail_media_spend,151.472316872238,0.0932060577130031,10.7289163873787,positive_economics,0.108062173482791,0.130367678866733,1.20641362897901,1.20641362897901
week,2025-02-09,2025-02-09,58,994.041597592841,tiktok,tiktok_spend,111.347519311546,0.112014949456023,8.9273798261419,positive_economics,0.0660981231613814,0.0958334693755219,1.44986672528568,1.44986672528568
week,2025-02-09,2025-02-09,58,8087.85698948899,tv,tv_spend,375.612185896955,0.0464414969731911,21.5324669783419,positive_economics,0.537796575814779,0.323278139798631,0.601116024788469,0.601116024788469
week,2025-02-16,2025-02-16,59,543.036001661669,display,display_spend,85.1299126954795,0.156766609276338,6.37890941582635,positive_economics,0.0364520543623775,0.0737500686399584,2.02320746882449,2.02320746882449
week,2025-02-16,2025-02-16,59,1106.26959903071,meta,meta_spend,125.22275591437,0.113193706149104,8.8344134494788,positive_economics,0.0742599007062475,0.108483452543937,1.46086180444907,1.46086180444907
week,2025-02-16,2025-02-16,59,2632.06786892914,paid_search,paid_search_spend,309.741609476153,0.117679947820711,8.49762443405844,positive_economics,0.17668125271637,0.268336525155752,1.51876059870663,1.51876059870663
week,2025-02-16,2025-02-16,59,1591.6538701806,retail_media,retail_media_spend,148.879346099559,0.0935375139587766,10.6908977764869,positive_economics,0.106842001680139,0.128977719420328,1.20718179547458,1.20718179547458
week,2025-02-16,2025-02-16,59,1012.00827146331,tiktok,tiktok_spend,112.375446655148,0.11104202388846,9.0055995467489,positive_economics,0.0679324766933958,0.097353522890471,1.4330925005114,1.4330925005114
week,2025-02-16,2025-02-16,59,8012.231803713,tv,tv_spend,372.95375579226,0.0465480486497441,21.4831776843023,positive_economics,0.537832313841471,0.323098711349554,0.600742467558,0.600742467558
week,2025-02-23,2025-02-23,60,459.306896458572,display,display_spend,74.855088941508,0.162974014800711,6.13594750809094,positive_economics,0.0309976274732463,0.0654907815108217,2.11276755188267,2.11276755188267
week,2025-02-23,2025-02-23,60,1248.30653605279,meta,meta_spend,135.729488403684,0.108730896205085,9.19701791212897,positive_economics,0.0842455039872735,0.118749845806305,1.40956894060772,1.40956894060772
week,2025-02-23,2025-02-23,60,2395.9287200909,paid_search,paid_search_spend,293.348575254374,0.122436269824941,8.16751442550317,positive_economics,0.161696039163498,0.256650920066464,1.58724308519984,1.58724308519984
week,2025-02-23,2025-02-23,60,1534.84637098079,retail_media,retail_media_spend,145.382118968027,0.0947209582123358,10.5573256317604,positive_economics,0.103583456732655,0.127194940565166,1.22794647501918,1.22794647501918
week,2025-02-23,2025-02-23,60,1104.3709828075,tiktok,tiktok_spend,118.560737938006,0.107355897414658,9.31481198594559,positive_economics,0.07453160529763,0.103728891299923,1.39174368894509,1.39174368894509
week,2025-02-23,2025-02-23,60,8074.72602068709,tv,tv_spend,375.11064013667,0.0464549062315741,21.5262516087123,positive_economics,0.544945767345697,0.32818462075132,0.60223354399068,0.60223354399068
week,2025-03-02,2025-03-02,61,507.714695416087,display,display_spend,80.6777925367431,0.158903796295723,6.2931158557029,positive_economics,0.0343140917803948,0.0725165105764862,2.11331574912667,2.11331574912667
week,2025-03-02,2025-03-02,61,1097.48043973268,meta,meta_spend,122.139336219844,0.111290672524054,8.98547899226562,positive_economics,0.0741736350674515,0.10978384742936,1.48009258720468,1.48009258720468
week,2025-03-02,2025-03-02,61,2534.17112849926,paid_search,paid_search_spend,302.083883320712,0.119204216291268,8.38896501409451,positive_economics,0.171272924490172,0.271525390457799,1.58533750308782,1.58533750308782
week,2025-03-02,2025-03-02,61,1574.7410487546,retail_media,retail_media_spend,148.95314105326,0.0945889745943057,10.5720566724507,positive_economics,0.106429475776817,0.133885195528499,1.25797101368099,1.25797101368099
week,2025-03-02,2025-03-02,61,546.102065866283,tiktok,tiktok_spend,72.5966874878552,0.132936115838886,7.52241024712927,positive_economics,0.0369085168871105,0.0652528817472705,1.76796271567494,1.76796271567494
week,2025-03-02,2025-03-02,61,8535.88951501924,tv,tv_spend,386.092935900573,0.0452317166501778,22.1083804475962,positive_economics,0.576901355998054,0.347036174260586,0.601552016913194,0.601552016913194
week,2025-03-09,2025-03-09,62,471.836718380898,display,display_spend,76.8536384056741,0.162881851733363,6.13941939730029,positive_economics,0.029442805142186,0.0655661888062807,2.22690020497866,2.22690020497866
week,2025-03-09,2025-03-09,62,1378.56055862869,meta,meta_spend,146.49472832913,0.106266443945599,9.4103083049615,positive_economics,0.0860227454185577,0.124979131970978,1.45286146545162,1.45286146545162
week,2025-03-09,2025-03-09,62,2528.07033286449,paid_search,paid_search_spend,300.924772759904,0.119033386392749,8.40100437620513,positive_economics,0.157752627755822,0.256728124739066,1.62740949796693,1.62740949796693
week,2025-03-09,2025-03-09,62,1749.55683196837,retail_media,retail_media_spend,160.124722656101,0.0915230187040851,10.9262130353592,positive_economics,0.109173065346816,0.136607296883007,1.25129120858739,1.25129120858739
week,2025-03-09,2025-03-09,62,655.764181176936,tiktok,tiktok_spend,83.8002447411684,0.127790213534944,7.8253253699005,positive_economics,0.0409199544110752,0.0714925510710281,1.74713173804705,1.74713173804705
week,2025-03-09,2025-03-09,62,9241.74685508099,tv,tv_spend,403.955404008936,0.0437098538126314,22.8781364560642,positive_economics,0.576688801925543,0.34462670652964,0.597595627622635,0.597595627622635
week,2025-03-16,2025-03-16,63,728.41455060265,display,display_spend,101.819893551357,0.139782893500846,7.15395120930124,positive_economics,0.048045962166525,0.0889639087024606,1.85164173409861,1.85164173409861
week,2025-03-16,2025-03-16,63,1177.47422257433,meta,meta_spend,128.872705053726,0.109448430023351,9.13672311047908,positive_economics,0.0776657768616231,0.112600977733846,1.44981460668921,1.44981460668921
week,2025-03-16,2025-03-16,63,2534.09046112055,paid_search,paid_search_spend,302.29917936641,0.119292970793449,8.38272358671882,positive_economics,0.167147696762535,0.264130276078292,1.58022085373716,1.58022085373716
week,2025-03-16,2025-03-16,63,1612.34132476468,retail_media,retail_media_spend,150.433973411944,0.0933015677892519,10.7179335106006,positive_economics,0.106349454750838,0.131439876919713,1.23592431411763,1.23592431411763
week,2025-03-16,2025-03-16,63,561.050396399624,tiktok,tiktok_spend,73.5573058743667,0.131106414586638,7.62739186448561,positive_economics,0.037006682659796,0.0642698122730354,1.73670828222758,1.73670828222758
week,2025-03-16,2025-03-16,63,8547.41504520147,tv,tv_spend,387.524811566763,0.0453382466532171,22.0564330078486,positive_economics,0.563784426798684,0.338595148292654,0.600575560795969,0.600575560795969
week,2025-03-23,2025-03-23,64,676.170439707745,display,display_spend,97.8944693453394,0.144777800975227,6.9071362685714,positive_economics,0.0430585101458542,0.0826113780600179,1.91858421901233,1.91858421901233
week,2025-03-23,2025-03-23,64,1246.29521271238,meta,meta_spend,135.556076041813,0.108767228389488,9.1939457758275,positive_economics,0.0793640359145247,0.114393329072741,1.44137489675982,1.44137489675982
week,2025-03-23,2025-03-23,64,2567.38636080972,paid_search,paid_search_spend,305.0535217003,0.11881870463941,8.41618331924076,positive_economics,0.163491074399871,0.257429168146598,1.57457628247626,1.57457628247626
week,2025-03-23,2025-03-23,64,1950.8921018688,retail_media,retail_media_spend,172.220605642299,0.0882778732239091,11.3278669215737,positive_economics,0.124232741375225,0.145333864697215,1.16985154709142,1.16985154709142
week,2025-03-23,2025-03-23,64,687.069839694104,tiktok,tiktok_spend,86.0417760721573,0.125230029177914,7.9853051745225,positive_economics,0.0437525835589114,0.0726091038603785,1.65953865930255,1.65953865930255
week,2025-03-23,2025-03-23,64,8575.71218713184,tv,tv_spend,388.233385896625,0.0452712704700122,22.0890642038067,positive_economics,0.546101054605614,0.327623156163049,0.599931374239249,0.599931374239249
week,2025-03-30,2025-03-30,65,737.595366049159,display,display_spend,102.670699110531,0.139196507782409,7.18408827873176,positive_economics,0.0468841987806284,0.0871498602810668,1.8588322408759,1.8588322408759
week,2025-03-30,2025-03-30,65,1250.08950903453,meta,meta_spend,135.238883605191,0.108183360173655,9.24356572392285,positive_economics,0.0794601589609865,0.114794677672073,1.44468220518456,1.44468220518456
week,2025-03-30,2025-03-30,65,2744.59958769533,paid_search,paid_search_spend,317.78169466425,0.115784355608351,8.63674539401999,positive_economics,0.174456563267187,0.269742297751915,1.54618601157925,1.54618601157925
week,2025-03-30,2025-03-30,65,1755.7289830407,retail_media,retail_media_spend,159.849124994273,0.0910443049800513,10.9836633957402,positive_economics,0.111600411871764,0.13568456268428,1.21580700652064,1.21580700652064
week,2025-03-30,2025-03-30,65,543.52522319044,tiktok,tiktok_spend,70.2929600466556,0.129327871177795,7.7322853217404,positive_economics,0.0345484065915995,0.0596666984824331,1.72704632047896,1.72704632047896
week,2025-03-30,2025-03-30,65,8700.74182703445,tv,tv_spend,392.260311847856,0.0450835480061076,22.1810404066806,positive_economics,0.553050260527835,0.332961903128232,0.602046372440817,0.602046372440817
week,2025-04-06,2025-04-06,66,716.737477820513,display,display_spend,101.676037691343,0.14185952435545,7.04922707547187,positive_economics,0.0438851833888541,0.0824231882559761,1.87815526542632,1.87815526542632
week,2025-04-06,2025-04-06,66,1824.75546647617,meta,meta_spend,173.848984662546,0.0952724832759484,10.4962100872672,positive_economics,0.111728116310634,0.140929838694643,1.26136413418821,1.26136413418821
week,2025-04-06,2025-04-06,66,2652.80911996406,paid_search,paid_search_spend,312.20760554991,0.117689434645091,8.49693944928569,positive_economics,0.162429087815053,0.253089585623957,1.55815432462524,1.55815432462524
week,2025-04-06,2025-04-06,66,2591.69806293129,retail_media,retail_media_spend,202.974641708509,0.0783172409670818,12.768580553295,positive_economics,0.158687313416531,0.164540411729225,1.03688447542955,1.03688447542955
week,2025-04-06,2025-04-06,66,503.782369237575,tiktok,tiktok_spend,68.2708762222504,0.135516604770373,7.37916952460888,positive_economics,0.0308461359231432,0.0553434556561807,1.79417790915774,1.79417790915774
week,2025-04-06,2025-04-06,66,8042.32375158824,tv,tv_spend,374.607206088185,0.0465794735028176,21.4686840532775,positive_economics,0.492424163145786,0.303673520040019,0.616690939981583,0.616690939981583
week,2025-04-13,2025-04-13,67,440.324738448454,display,display_spend,72.2890438768196,0.16417211563343,6.09116838228995,positive_economics,0.0270366913615571,0.0596013986674212,2.20446347781176,2.20446347781176
week,2025-04-13,2025-04-13,67,1664.98556018457,meta,meta_spend,164.478571066529,0.0987867853029884,10.1228114360935,positive_economics,0.102232958499626,0.135610493107206,1.32648506995621,1.32648506995621
week,2025-04-13,2025-04-13,67,2537.73017236068,paid_search,paid_search_spend,303.268940938065,0.11950401356341,8.36791978931646,positive_economics,0.15582096902116,0.250041390547321,1.60467100235634,1.60467100235634
week,2025-04-13,2025-04-13,67,2511.83139065556,retail_media,retail_media_spend,201.282769948855,0.080133869931581,12.4791177669793,positive_economics,0.154230739568985,0.165955087703842,1.07601823195313,1.07601823195313
week,2025-04-13,2025-04-13,67,702.045823827732,tiktok,tiktok_spend,87.2822159608623,0.124325525483476,8.0434005495751,positive_economics,0.043106813229215,0.0719630786502551,1.66941309875078,1.66941309875078
week,2025-04-13,2025-04-13,67,8429.27401453787,tv,tv_spend,384.273415727838,0.0455879610824237,21.9356158129552,positive_economics,0.517571828319458,0.316828551323955,0.612144119885135,0.612144119885135
week,2025-04-20,2025-04-20,68,445.622744556581,display,display_spend,73.6153152745762,0.165196494509784,6.0533972162513,positive_economics,0.0272564209593359,0.0598899656040796,2.19727915464139,2.19727915464139
week,2025-04-20,2025-04-20,68,1620.79000733751,meta,meta_spend,161.186863516476,0.099449566437826,10.0553480102418,positive_economics,0.0991352781389891,0.131134067358469,1.3227790330564,1.3227790330564
week,2025-04-20,2025-04-20,68,2601.70932368535,paid_search,paid_search_spend,305.895774539992,0.117574923437906,8.50521497917981,positive_economics,0.15913300074205,0.248862445909546,1.56386447028008,1.56386447028008
week,2025-04-20,2025-04-20,68,2454.03096641619,retail_media,retail_media_spend,198.376697022632,0.0808370797832014,12.3705606719332,positive_economics,0.150100285241147,0.161389970511197,1.07521428258389,1.07521428258389
week,2025-04-20,2025-04-20,68,965.792182671866,tiktok,tiktok_spend,109.442613744517,0.113319009729137,8.82464471221796,positive_economics,0.0590724746698782,0.0890373741976403,1.50725654706729,1.50725654706729
week,2025-04-20,2025-04-20,68,8261.33061097541,tv,tv_spend,380.658851333766,0.0460771840831609,21.7027151267574,positive_economics,0.5053025402486,0.309686176419068,0.612872787591188,0.612872787591188
week,2025-04-27,2025-04-27,69,469.524420164214,display,display_spend,76.3767069783223,0.16266823129585,6.14748185330218,positive_economics,0.0291680756591206,0.0623230005144214,2.13668536940089,2.13668536940089
week,2025-04-27,2025-04-27,69,1712.94681605916,meta,meta_spend,165.413553472021,0.0965666604013868,10.3555408858857,positive_economics,0.106412702268795,0.134976609832826,1.26842573259608,1.26842573259608
week,2025-04-27,2025-04-27,69,2556.27003317388,paid_search,paid_search_spend,305.83574152459,0.119641406250365,8.35831031530483,positive_economics,0.158802129411461,0.249560393874737,1.57151793114889,1.57151793114889
week,2025-04-27,2025-04-27,69,2344.216778548,retail_media,retail_media_spend,193.178163103449,0.082406270986211,12.1349988057017,positive_economics,0.145628830837284,0.157632388653367,1.08242569652637,1.08242569652637
week,2025-04-27,2025-04-27,69,1009.42000645272,tiktok,tiktok_spend,111.978099988065,0.110933109381868,9.01444127521635,positive_economics,0.0627077908104234,0.0913735543107517,1.45713240938419,1.45713240938419
week,2025-04-27,2025-04-27,69,8004.82443682628,tv,tv_spend,372.715646585751,0.046561376770622,21.4770281584747,positive_economics,0.497280471012916,0.304134052813897,0.611594604136381,0.611594604136381
week,2025-05-04,2025-05-04,70,556.678474135568,display,display_spend,86.4637983027913,0.155320894052991,6.4382838258633,positive_economics,0.0337275330128535,0.0691355793781702,2.0498261569212,2.0498261569212
week,2025-05-04,2025-05-04,70,1897.40622132397,meta,meta_spend,176.802678325761,0.0931812472936824,10.7317730664011,positive_economics,0.114958335811119,0.141369634940836,1.2297467073037,1.2297467073037
week,2025-05-04,2025-05-04,70,2505.05676295819,paid_search,paid_search_spend,301.050983623021,0.120177310180993,8.32103829328472,positive_economics,0.15177411844951,0.240717324287078,1.58602353778228,1.58602353778228
week,2025-05-04,2025-05-04,70,2526.605657122,retail_media,retail_media_spend,200.798449897622,0.0794736010075851,12.5827946301887,positive_economics,0.153079703402169,0.160556411404637,1.04884192898405,1.04884192898405
week,2025-05-04,2025-05-04,70,1005.63321530464,tiktok,tiktok_spend,111.796814295152,0.111170566558192,8.99518668438696,positive_economics,0.0609283977087089,0.0893916029673142,1.46715827641955,1.46715827641955
week,2025-05-04,2025-05-04,70,8013.78397878419,tv,tv_spend,373.728393782727,0.0466356960422368,21.442802077926,positive_economics,0.48553191161564,0.298829447021964,0.615468190396773,0.615468190396773
week,2025-05-11,2025-05-11,71,397.38230584869,display,display_spend,67.1734307820821,0.16903981328162,5.91576611797366,positive_economics,0.0251894813733995,0.0565924132622011,2.24666845749209,2.24666845749209
week,2025-05-11,2025-05-11,71,1230.9148267149,meta,meta_spend,134.117437895375,0.108957528973237,9.17788802135583,positive_economics,0.0780258850065213,0.112991541189337,1.44812892772562,1.44812892772562
week,2025-05-11,2025-05-11,71,2623.41764263496,paid_search,paid_search_spend,310.527132731579,0.118367402766906,8.44827187742932,positive_economics,0.166294595585146,0.261613551966434,1.57319335030634,1.57319335030634
week,2025-05-11,2025-05-11,71,2474.11504295257,retail_media,retail_media_spend,198.816153109481,0.0803584916860684,12.4442355626415,positive_economics,0.156830522831157,0.167499050874353,1.06802583993602,1.06802583993602
week,2025-05-11,2025-05-11,71,837.095962115031,tiktok,tiktok_spend,98.2137313012676,0.117326729247526,8.52320699991802,positive_economics,0.0530622849460069,0.0827433109357681,1.55936200297373,1.55936200297373
week,2025-05-11,2025-05-11,71,8212.79821968621,tv,tv_spend,378.120948162566,0.0460404527236775,21.7200296878428,positive_economics,0.520597230257769,0.318560131771908,0.611912844050623,0.611912844050623
week,2025-05-18,2025-05-18,72,484.849596489309,display,display_spend,78.5988887718004,0.16210983641302,6.16865714090429,positive_economics,0.0329242499326934,0.0688942201787605,2.09250690052469,2.09250690052469
week,2025-05-18,2025-05-18,72,989.026140090323,meta,meta_spend,114.543112653022,0.115814039700267,8.63453172506593,positive_economics,0.0671609176579336,0.100400381562508,1.4949227179097,1.4949227179097
week,2025-05-18,2025-05-18,72,2365.8322796451,paid_search,paid_search_spend,291.043065306944,0.123019314518189,8.12880484594268,positive_economics,0.160654466535348,0.255107741802475,1.58792810000303,1.58792810000303
week,2025-05-18,2025-05-18,72,2413.03827610162,retail_media,retail_media_spend,195.543925664476,0.0810363961488361,12.3401341560568,positive_economics,0.163860042113652,0.171399958445481,1.04601436832659,1.04601436832659
week,2025-05-18,2025-05-18,72,837.27909774635,tiktok,tiktok_spend,98.880773612114,0.118097745277847,8.46756216765455,positive_economics,0.056856366339636,0.0866718842356364,1.52440069275435,1.52440069275435
week,2025-05-18,2025-05-18,72,7636.19001287439,tv,tv_spend,362.253554134599,0.0474390440159098,21.0796827959819,positive_economics,0.518543957420737,0.317525813775139,0.612341170369679,0.612341170369679
week,2025-05-25,2025-05-25,73,686.041971042304,display,display_spend,98.8993661440139,0.144159352224115,6.93676812896165,positive_economics,0.0470525155629228,0.0851369451851037,1.80940262526987,1.80940262526987
week,2025-05-25,2025-05-25,73,1394.20284816421,meta,meta_spend,146.254004776517,0.104901524888645,9.53274989149609,positive_economics,0.0956220668415526,0.125901910934683,1.31666167751116,1.31666167751116
week,2025-05-25,2025-05-25,73,2565.69059260313,paid_search,paid_search_spend,301.996166519039,0.117705606198071,8.49577205623695,positive_economics,0.175969112144392,0.259971646710084,1.47737090641659,1.47737090641659
week,2025-05-25,2025-05-25,73,1809.21868407404,retail_media,retail_media_spend,163.008512072057,0.0900988440518369,11.0989215291671,positive_economics,0.124086125750862,0.140324931271807,1.13086721357994,1.13086721357994
week,2025-05-25,2025-05-25,73,839.054757444731,tiktok,tiktok_spend,99.2663779480215,0.118307389437048,8.45255739948609,positive_economics,0.057546970446766,0.0854528851658977,1.48492413245187,1.48492413245187
week,2025-05-25,2025-05-25,73,7286.13744345711,tv,tv_spend,352.225969192337,0.0483419331471207,20.6859745752547,positive_economics,0.499723209253505,0.303211680732426,0.606759252157547,0.606759252157547
week,2025-06-01,2025-06-01,74,710.164721696123,display,display_spend,100.013134689469,0.140830896880659,7.10071456015368,positive_economics,0.0516379536402194,0.0923454426957312,1.78832498551619,1.78832498551619
week,2025-06-01,2025-06-01,74,850.12627317705,meta,meta_spend,101.840123068983,0.119794113277303,8.34765559543956,positive_economics,0.0618149279195442,0.0940323616312293,1.52119180262764,1.52119180262764
week,2025-06-01,2025-06-01,74,2570.79409502715,paid_search,paid_search_spend,305.253829500288,0.118739120371701,8.42182422161791,positive_economics,0.18692923239063,0.281850979946732,1.50779509626264,1.50779509626264
week,2025-06-01,2025-06-01,74,1549.37806485852,retail_media,retail_media_spend,146.4291366239,0.0945083320495254,10.5810776501268,positive_economics,0.112659373579207,0.135202875972965,1.20010321092287,1.20010321092287
week,2025-06-01,2025-06-01,74,523.581583512489,tiktok,tiktok_spend,70.3907581498439,0.134440859584139,7.4382148633478,positive_economics,0.0380710005866209,0.06499412045446,1.70718183008042,1.70718183008042
week,2025-06-01,2025-06-01,74,7548.72181487487,tv,tv_spend,359.105723966903,0.0475717257535282,21.0208897020271,positive_economics,0.548887511883779,0.331574219298883,0.604084101241294,0.604084101241294
week,2025-06-08,2025-06-08,75,649.601245474883,display,display_spend,95.2150031722035,0.146574539127612,6.8224672985625,positive_economics,0.0455008903747539,0.0831667979195138,1.82780594477463,1.82780594477463
week,2025-06-08,2025-06-08,75,1239.76697036756,meta,meta_spend,136.064713574542,0.109750232766891,9.11159798744117,positive_economics,0.0868386589494557,0.118847515211069,1.36860145756332,1.36860145756332
week,2025-06-08,2025-06-08,75,2847.66199793149,paid_search,paid_search_spend,323.515815567304,0.113607519362306,8.80223426770633,positive_economics,0.199462604628339,0.282579147830217,1.4167023856765,1.4167023856765
week,2025-06-08,2025-06-08,75,1632.238921877,retail_media,retail_media_spend,152.075810099785,0.0931700672380153,10.7330608385778,positive_economics,0.114329097684286,0.132832618239176,1.16184436796647,1.16184436796647
week,2025-06-08,2025-06-08,75,750.015860666048,tiktok,tiktok_spend,91.6549873578615,0.122204065493319,8.18303381285358,positive_economics,0.0525343658024315,0.0800572552428605,1.52390257348753,1.52390257348753
week,2025-06-08,2025-06-08,75,7157.38607813112,tv,tv_spend,346.341641030179,0.0483894032331721,20.6656815993646,positive_economics,0.501334382560734,0.302516665557163,0.603422937026497,0.603422937026497
week,2025-06-15,2025-06-15,76,682.355082330201,display,display_spend,98.6662830517926,0.144596685225606,6.91578785806712,positive_economics,0.049606727725236,0.0882124803432956,1.77823622698701,1.77823622698701
week,2025-06-15,2025-06-15,76,1148.42595412133,meta,meta_spend,128.654061128503,0.11202643119202,8.92646484726396,positive_economics,0.0834897476313113,0.115023019894505,1.37769035310113,1.37769035310113
week,2025-06-15,2025-06-15,76,2848.40799287767,paid_search,paid_search_spend,324.300643350158,0.113853297758277,8.78323263084665,positive_economics,0.207077229161299,0.289940628571435,1.40015698368067,1.40015698368067
week,2025-06-15,2025-06-15,76,1624.13756583919,retail_media,retail_media_spend,150.438130384345,0.0926264705333708,10.796049922249,positive_economics,0.118073642452808,0.134499042722072,1.13911148947429,1.13911148947429
week,2025-06-15,2025-06-15,76,631.432531564756,tiktok,tiktok_spend,79.5869219047846,0.126041846003024,7.93387300893711,positive_economics,0.0459046946103518,0.0711545987845102,1.55005058607806,1.55005058607806
week,2025-06-15,2025-06-15,76,6820.5340284546,tv,tv_spend,336.86103160403,0.0493892457978625,20.24732274902,positive_economics,0.495847958418994,0.301170229684181,0.607384228513231,0.607384228513231
week,2025-06-22,2025-06-22,77,390.436640838185,display,display_spend,66.1096826497125,0.169322434768901,5.90589192368302,positive_economics,0.0304170355674341,0.0630638023845368,2.07330534380069,2.07330534380069
week,2025-06-22,2025-06-22,77,1098.75471854139,meta,meta_spend,123.861901900442,0.112729346969149,8.87080451440626,positive_economics,0.0855986807027433,0.118155195900889,1.38033898339162,1.38033898339162
week,2025-06-22,2025-06-22,77,2624.36345823484,paid_search,paid_search_spend,309.914851452753,0.118091436794049,8.46801450763947,positive_economics,0.204451499428013,0.29563610298369,1.44599625735581,1.44599625735581
week,2025-06-22,2025-06-22,77,1445.49573031733,retail_media,retail_media_spend,139.916380016794,0.0967947376683556,10.3311401434473,positive_economics,0.11261160055892,0.13346999389623,1.18522419745199,1.18522419745199
week,2025-06-22,2025-06-22,77,587.968984354288,tiktok,tiktok_spend,76.0626832005856,0.129365128475473,7.73005841515938,positive_economics,0.045805827729843,0.0725582370076649,1.58403942475626,1.58403942475626
week,2025-06-22,2025-06-22,77,6689.09791159152,tv,tv_spend,332.432893042888,0.0496977167080805,20.1216487645479,positive_economics,0.521115356013046,0.317116667826989,0.608534490814449,0.608534490814449
week,2025-06-29,2025-06-29,78,516.162095962991,display,display_spend,81.8712640209423,0.158615412989978,6.30455755307454,positive_economics,0.0398802777194928,0.0759230332773695,1.90377393586353,1.90377393586353
week,2025-06-29,2025-06-29,78,1187.02045820437,meta,meta_spend,127.95149136622,0.107792153439187,9.27711311161592,positive_economics,0.0917128667566946,0.118655372590824,1.29377018500147,1.29377018500147
week,2025-06-29,2025-06-29,78,2909.09908299465,paid_search,paid_search_spend,328.31510446248,0.112858000052893,8.86069219312175,positive_economics,0.224765980010409,0.30446187560011,1.35457276757813,1.35457276757813
week,2025-06-29,2025-06-29,78,1545.96928500863,retail_media,retail_media_spend,146.683552816757,0.0948812853134645,10.5394862295156,positive_economics,0.119446361742088,0.1360264849325,1.13880810556802,1.13880810556802
week,2025-06-29,2025-06-29,78,616.811206060521,tiktok,tiktok_spend,78.9737960742959,0.128035605219771,7.81032743418141,positive_economics,0.0476567388240623,0.0732360764071655,1.53674125033054,1.53674125033054
week,2025-06-29,2025-06-29,78,6167.72878194096,tv,tv_spend,314.550327347703,0.0509993773183903,19.6080825410274,positive_economics,0.476537774947253,0.291697157192032,0.612117595975091,0.612117595975091
